udi,product_id,type,air_temperature_c,process_temperature_c,air_temperature_k,process_temperature_k,rotational_speed_rpm,torque_nm,tool_wear_min,machine_failure,twf,hdf,pwf,osf,rnf
1,M14860,M,24.95,35.45,298.1,308.6,1551,42.8,0,0,0,0,0,0,0
2,L47181,L,25.05,35.55,298.2,308.7,1408,46.3,3,0,0,0,0,0,0
3,L47182,L,24.95,35.35,298.1,308.5,1498,49.4,5,0,0,0,0,0,0
4,L47183,L,25.05,35.45,298.2,308.6,1433,39.5,7,0,0,0,0,0,0
5,L47184,L,25.05,35.55,298.2,308.7,1408,40.0,9,0,0,0,0,0,0
6,M14865,M,24.95,35.45,298.1,308.6,1425,41.9,11,0,0,0,0,0,0
7,L47186,L,24.95,35.45,298.1,308.6,1558,42.4,14,0,0,0,0,0,0
8,L47187,L,24.95,35.45,298.1,308.6,1527,40.2,16,0,0,0,0,0,0
9,M14868,M,25.15,35.55,298.3,308.7,1667,28.6,18,0,0,0,0,0,0
10,M14869,M,25.35,35.85,298.5,309.0,1741,28.0,21,0,0,0,0,0,0
11,H29424,H,25.25,35.75,298.4,308.9,1782,23.9,24,0,0,0,0,0,0
12,H29425,H,25.45,35.95,298.6,309.1,1423,44.3,29,0,0,0,0,0,0
13,M14872,M,25.45,35.95,298.6,309.1,1339,51.1,34,0,0,0,0,0,0
14,M14873,M,25.45,36.05,298.6,309.2,1742,30.0,37,0,0,0,0,0,0
15,L47194,L,25.45,36.05,298.6,309.2,2035,19.6,40,0,0,0,0,0,0
16,L47195,L,25.45,36.05,298.6,309.2,1542,48.4,42,0,0,0,0,0,0
17,M14876,M,25.45,36.05,298.6,309.2,1311,46.6,44,0,0,0,0,0,0
18,M14877,M,25.55,36.05,298.7,309.2,1410,45.6,47,0,0,0,0,0,0
19,H29432,H,25.65,36.05,298.8,309.2,1306,54.5,50,0,0,0,0,0,0
20,M14879,M,25.75,36.15,298.9,309.3,1632,32.5,55,0,0,0,0,0,0
21,H29434,H,25.75,36.15,298.9,309.3,1375,42.7,58,0,0,0,0,0,0
22,L47201,L,25.65,36.15,298.8,309.3,1450,44.8,63,0,0,0,0,0,0
23,M14882,M,25.75,36.15,298.9,309.3,1581,30.7,65,0,0,0,0,0,0
24,L47203,L,25.85,36.25,299.0,309.4,1758,25.7,68,0,0,0,0,0,0
25,M14884,M,25.85,36.25,299.0,309.4,1561,37.3,70,0,0,0,0,0,0
26,L47205,L,25.85,36.35,299.0,309.5,1861,23.3,73,0,0,0,0,0,0
27,L47206,L,25.95,36.35,299.1,309.5,1512,39.0,75,0,0,0,0,0,0
28,H29441,H,25.95,36.25,299.1,309.4,1811,24.6,77,0,0,0,0,0,0
29,L47208,L,25.95,36.25,299.1,309.4,1439,44.2,82,0,0,0,0,0,0
30,L47209,L,25.85,36.25,299.0,309.4,1693,30.1,84,0,0,0,0,0,0
31,M14890,M,25.95,36.35,299.1,309.5,1339,48.2,86,0,0,0,0,0,0
32,L47211,L,25.85,36.25,299.0,309.4,1798,25.5,89,0,0,0,0,0,0
33,L47212,L,25.85,36.25,299.0,309.4,1419,48.3,91,0,0,0,0,0,0
34,L47213,L,25.75,36.15,298.9,309.3,1665,32.5,93,0,0,0,0,0,0
35,M14894,M,25.65,35.95,298.8,309.1,1559,34.7,95,0,0,0,0,0,0
36,M14895,M,25.65,36.05,298.8,309.2,1452,48.6,98,0,0,0,0,0,0
37,M14896,M,25.75,36.05,298.9,309.2,1581,36.7,101,0,0,0,0,0,0
38,L47217,L,25.65,35.95,298.8,309.1,1439,39.2,104,0,0,0,0,0,0
39,H29452,H,25.75,36.05,298.9,309.2,1379,50.7,106,0,0,0,0,0,0
40,L47219,L,25.65,35.95,298.8,309.1,1350,52.5,111,0,0,0,0,0,0
41,L47220,L,25.65,35.95,298.8,309.1,1362,45.4,113,0,0,0,0,0,0
42,L47221,L,25.65,35.95,298.8,309.1,1368,50.8,115,0,0,0,0,0,0
43,M14902,M,25.65,35.95,298.8,309.1,1368,49.1,117,0,0,0,0,0,0
44,H29457,H,25.65,36.05,298.8,309.2,1372,48.5,120,0,0,0,0,0,0
45,M14904,M,25.65,35.95,298.8,309.1,1472,47.5,125,0,0,0,0,0,0
46,L47225,L,25.65,35.95,298.8,309.1,1489,49.1,128,0,0,0,0,0,0
47,M14906,M,25.55,35.85,298.7,309.0,1843,25.8,130,0,0,0,0,0,0
48,L47227,L,25.65,35.95,298.8,309.1,1418,46.3,133,0,0,0,0,0,0
49,H29462,H,25.65,36.05,298.8,309.2,1425,53.9,135,0,0,0,0,0,0
50,M14909,M,25.75,36.05,298.9,309.2,1412,44.1,140,0,0,0,0,0,0
51,L47230,L,25.75,35.95,298.9,309.1,2861,4.6,143,1,0,0,1,0,0
52,L47231,L,25.75,35.95,298.9,309.1,1383,54.9,145,0,0,0,0,0,0
53,H29466,H,25.65,35.85,298.8,309.0,1497,43.8,147,0,0,0,0,0,0
54,L47233,L,25.55,35.85,298.7,309.0,1565,35.1,152,0,0,0,0,0,0
55,L47234,L,25.55,35.85,298.7,309.0,1691,30.1,154,0,0,0,0,0,0
56,L47235,L,25.65,35.95,298.8,309.1,1512,40.7,156,0,0,0,0,0,0
57,L47236,L,25.65,35.95,298.8,309.1,1477,42.4,158,0,0,0,0,0,0
58,L47237,L,25.65,35.95,298.8,309.1,1513,40.3,160,0,0,0,0,0,0
59,M14918,M,25.65,35.85,298.8,309.0,1661,29.5,162,0,0,0,0,0,0
60,L47239,L,25.65,35.95,298.8,309.1,1378,54.4,165,0,0,0,0,0,0
61,L47240,L,25.65,35.95,298.8,309.1,1393,52.6,167,0,0,0,0,0,0
62,M14921,M,25.65,35.85,298.8,309.0,1592,38.2,169,0,0,0,0,0,0
63,L47242,L,25.65,35.85,298.8,309.0,1829,22.9,172,0,0,0,0,0,0
64,M14923,M,25.75,35.85,298.9,309.0,1812,25.9,174,0,0,0,0,0,0
65,L47244,L,25.85,35.95,299.0,309.1,1523,38.6,177,0,0,0,0,0,0
66,L47245,L,25.85,35.95,299.0,309.1,1394,45.1,179,0,0,0,0,0,0
67,M14926,M,25.75,35.75,298.9,308.9,1679,28.7,181,0,0,0,0,0,0
68,H29481,H,25.65,35.75,298.8,308.9,1466,44.1,184,0,0,0,0,0,0
69,L47248,L,25.65,35.75,298.8,308.9,1527,32.4,189,0,0,0,0,0,0
70,L47249,L,25.75,35.85,298.9,309.0,1410,65.7,191,1,0,0,1,1,0
71,M14930,M,25.75,35.85,298.9,309.0,1924,22.6,193,0,0,0,0,0,0
72,L47251,L,25.75,35.95,298.9,309.1,1452,45.5,196,0,0,0,0,0,0
73,L47252,L,25.75,35.95,298.9,309.1,1369,44.4,198,0,0,0,0,0,0
74,L47253,L,25.85,35.95,299.0,309.1,1592,35.0,200,0,0,0,0,0,0
75,L47254,L,25.75,35.85,298.9,309.0,1601,32.3,202,0,0,0,0,0,0
76,L47255,L,25.65,35.75,298.8,308.9,1379,46.7,204,0,0,0,0,0,0
77,L47256,L,25.65,35.75,298.8,308.9,1461,47.9,206,0,0,0,0,0,0
78,L47257,L,25.65,35.75,298.8,308.9,1455,41.3,208,1,1,0,0,0,0
79,L47258,L,25.65,35.75,298.8,308.9,1398,51.5,0,0,0,0,0,0,0
80,L47259,L,25.65,35.75,298.8,308.9,1402,37.9,2,0,0,0,0,0,0
81,H29494,H,25.65,35.65,298.8,308.8,1445,49.9,4,0,0,0,0,0,0
82,L47261,L,25.75,35.75,298.9,308.9,1450,47.5,9,0,0,0,0,0,0
83,L47262,L,25.75,35.75,298.9,308.9,1453,40.8,11,0,0,0,0,0,0
84,L47263,L,25.85,35.85,299.0,309.0,1469,40.1,13,0,0,0,0,0,0
85,L47264,L,25.75,35.75,298.9,308.9,1422,47.6,15,0,0,0,0,0,0
86,M14945,M,25.85,35.85,299.0,309.0,1804,26.8,17,0,0,0,0,0,0
87,H29500,H,25.85,35.85,299.0,309.0,1436,43.9,20,0,0,0,0,0,0
88,L47267,L,25.85,35.85,299.0,309.0,1544,31.8,25,0,0,0,0,0,0
89,M14948,M,25.85,35.85,299.0,309.0,1419,45.2,27,0,0,0,0,0,0
90,M14949,M,25.75,35.75,298.9,308.9,1487,39.5,30,0,0,0,0,0,0
91,L47270,L,25.75,35.75,298.9,308.9,1753,25.8,33,0,0,0,0,0,0
92,L47271,L,25.75,35.75,298.9,308.9,1830,24.9,35,0,0,0,0,0,0
93,M14952,M,25.75,35.75,298.9,308.9,1727,27.1,37,0,0,0,0,0,0
94,L47273,L,25.95,35.85,299.1,309.0,1450,43.0,40,0,0,0,0,0,0
95,L47274,L,25.85,35.75,299.0,308.9,1622,31.9,42,0,0,0,0,0,0
96,M14955,M,25.85,35.85,299.0,309.0,1351,52.2,44,0,0,0,0,0,0
97,M14956,M,25.85,35.85,299.0,309.0,1575,35.3,47,0,0,0,0,0,0
98,M14957,M,25.75,35.75,298.9,308.9,1750,29.9,50,0,0,0,0,0,0
99,L47278,L,25.75,35.65,298.9,308.8,1529,32.7,53,0,0,0,0,0,0
100,L47279,L,25.65,35.65,298.8,308.8,1523,44.4,55,0,0,0,0,0,0
101,L47280,L,25.65,35.75,298.8,308.9,1852,25.0,57,0,0,0,0,0,0
102,L47281,L,25.65,35.65,298.8,308.8,1991,20.7,59,0,0,0,0,0,0
103,L47282,L,25.65,35.65,298.8,308.8,1555,40.6,61,0,0,0,0,0,0
104,M14963,M,25.65,35.65,298.8,308.8,1441,40.5,63,0,0,0,0,0,0
105,L47284,L,25.65,35.55,298.8,308.7,1450,43.4,66,0,0,0,0,0,0
106,L47285,L,25.65,35.55,298.8,308.7,1591,31.1,68,0,0,0,0,0,0
107,L47286,L,25.65,35.55,298.8,308.7,1445,48.5,70,0,0,0,0,0,0
108,M14967,M,25.65,35.65,298.8,308.8,1497,46.8,72,0,0,0,0,0,0
109,H29522,H,25.75,35.65,298.9,308.8,1621,32.7,75,0,0,0,0,0,0
110,L47289,L,25.75,35.55,298.9,308.7,1572,34.1,80,0,0,0,0,0,0
111,L47290,L,25.65,35.45,298.8,308.6,1872,22.5,82,0,0,0,0,0,0
112,H29525,H,25.55,35.45,298.7,308.6,1499,43.5,84,0,0,0,0,0,0
113,M14972,M,25.65,35.55,298.8,308.7,1498,39.5,89,0,0,0,0,0,0
114,M14973,M,25.65,35.45,298.8,308.6,1486,41.9,92,0,0,0,0,0,0
115,L47294,L,25.65,35.45,298.8,308.6,1680,29.4,95,0,0,0,0,0,0
116,L47295,L,25.65,35.45,298.8,308.6,1431,45.7,97,0,0,0,0,0,0
117,L47296,L,25.75,35.55,298.9,308.7,1564,34.1,99,0,0,0,0,0,0
118,L47297,L,25.65,35.45,298.8,308.6,1599,33.0,101,0,0,0,0,0,0
119,M14978,M,25.65,35.45,298.8,308.6,1707,28.1,103,0,0,0,0,0,0
120,L47299,L,25.55,35.35,298.7,308.5,1467,40.7,106,0,0,0,0,0,0
121,L47300,L,25.75,35.55,298.9,308.7,1433,44.7,108,0,0,0,0,0,0
122,L47301,L,25.75,35.55,298.9,308.7,1558,41.2,110,0,0,0,0,0,0
123,L47302,L,25.85,35.65,299.0,308.8,1310,50.7,112,0,0,0,0,0,0
124,L47303,L,25.75,35.55,298.9,308.7,1546,43.4,114,0,0,0,0,0,0
125,L47304,L,25.75,35.55,298.9,308.7,1727,29.4,116,0,0,0,0,0,0
126,L47305,L,25.75,35.45,298.9,308.6,1560,32.2,118,0,0,0,0,0,0
127,L47306,L,25.85,35.45,299.0,308.6,1329,60.5,120,0,0,0,0,0,0
128,L47307,L,25.75,35.45,298.9,308.6,1413,46.5,122,0,0,0,0,0,0
129,L47308,L,25.85,35.45,299.0,308.6,1587,38.6,124,0,0,0,0,0,0
130,L47309,L,25.75,35.35,298.9,308.5,1559,34.3,126,0,0,0,0,0,0
131,L47310,L,25.65,35.25,298.8,308.4,1473,41.1,128,0,0,0,0,0,0
132,L47311,L,25.65,35.25,298.8,308.4,1737,27.7,130,0,0,0,0,0,0
133,M14992,M,25.55,35.25,298.7,308.4,1441,43.2,132,0,0,0,0,0,0
134,M14993,M,25.55,35.25,298.7,308.4,1430,49.6,135,0,0,0,0,0,0
135,L47314,L,25.65,35.25,298.8,308.4,1369,53.0,138,0,0,0,0,0,0
136,M14995,M,25.65,35.35,298.8,308.5,1711,28.5,140,0,0,0,0,0,0
137,H29550,H,25.55,35.35,298.7,308.5,1420,45.7,143,0,0,0,0,0,0
138,L47317,L,25.55,35.45,298.7,308.6,1297,55.3,148,0,0,0,0,0,0
139,H29552,H,25.65,35.45,298.8,308.6,1449,49.4,150,0,0,0,0,0,0
140,L47319,L,25.65,35.45,298.8,308.6,1268,55.8,155,0,0,0,0,0,0
141,L47320,L,25.65,35.45,298.8,308.6,1511,36.1,157,0,0,0,0,0,0
142,L47321,L,25.55,35.35,298.7,308.5,1544,35.2,159,0,0,0,0,0,0
143,M15002,M,25.45,35.25,298.6,308.4,1778,28.2,161,0,0,0,0,0,0
144,H29557,H,25.45,35.25,298.6,308.4,1407,50.5,164,0,0,0,0,0,0
145,M15004,M,25.45,35.25,298.6,308.4,1391,42.4,169,0,0,0,0,0,0
146,L47325,L,25.35,35.25,298.5,308.4,1513,33.6,172,0,0,0,0,0,0
147,H29560,H,25.35,35.25,298.5,308.4,1612,36.1,174,0,0,0,0,0,0
148,L47327,L,25.25,35.25,298.4,308.4,1515,40.1,179,0,0,0,0,0,0
149,M15008,M,25.15,35.15,298.3,308.3,1379,48.0,181,0,0,0,0,0,0
150,L47329,L,25.25,35.15,298.4,308.3,1473,39.9,184,0,0,0,0,0,0
151,L47330,L,25.25,35.15,298.4,308.3,1422,42.7,186,0,0,0,0,0,0
152,M15011,M,25.25,35.05,298.4,308.2,1463,37.6,188,0,0,0,0,0,0
153,M15012,M,25.25,35.05,298.4,308.2,1584,41.0,191,0,0,0,0,0,0
154,L47333,L,25.25,35.05,298.4,308.2,1850,27.0,194,0,0,0,0,0,0
155,L47334,L,25.25,35.05,298.4,308.2,1528,36.2,196,0,0,0,0,0,0
156,H29569,H,25.25,35.05,298.4,308.2,1987,19.8,198,0,0,0,0,0,0
157,M15016,M,25.25,34.95,298.4,308.1,1495,46.0,203,0,0,0,0,0,0
158,H29571,H,25.25,35.05,298.4,308.2,1478,43.5,206,0,0,0,0,0,0
159,M15018,M,25.25,35.05,298.4,308.2,1499,40.0,211,0,0,0,0,0,0
160,L47339,L,25.25,35.05,298.4,308.2,1471,47.0,214,0,0,0,0,0,0
161,L47340,L,25.25,35.05,298.4,308.2,1282,60.7,216,1,0,0,0,1,0
162,L47341,L,25.15,34.95,298.3,308.1,1412,52.3,218,1,0,0,0,1,0
163,L47342,L,25.15,34.95,298.3,308.1,1586,35.5,0,0,0,0,0,0,0
164,M15023,M,25.25,35.05,298.4,308.2,1468,43.8,2,0,0,0,0,0,0
165,M15024,M,25.35,35.15,298.5,308.3,1440,43.6,5,0,0,0,0,0,0
166,L47345,L,25.35,35.25,298.5,308.4,1733,26.0,8,0,0,0,0,0,0
167,H29580,H,25.25,35.05,298.4,308.2,1612,32.6,10,0,0,0,0,0,0
168,H29581,H,25.25,35.15,298.4,308.3,1458,42.9,15,0,0,0,0,0,0
169,L47348,L,25.25,35.15,298.4,308.3,1433,62.3,20,1,0,0,1,0,0
170,L47349,L,25.25,35.15,298.4,308.3,1318,59.1,22,0,0,0,0,0,0
171,M15030,M,25.25,35.05,298.4,308.2,1610,35.0,24,0,0,0,0,0,0
172,L47351,L,25.05,34.95,298.2,308.1,1462,50.8,27,0,0,0,0,0,0
173,M15032,M,24.95,34.85,298.1,308.0,1924,20.8,29,0,0,0,0,0,0
174,M15033,M,25.05,34.85,298.2,308.0,1591,33.7,32,0,0,0,0,0,0
175,L47354,L,25.05,34.95,298.2,308.1,1306,58.3,35,0,0,0,0,0,0
176,L47355,L,25.05,34.95,298.2,308.1,1382,43.5,37,0,0,0,0,0,0
177,L47356,L,25.05,34.95,298.2,308.1,1618,34.7,39,0,0,0,0,0,0
178,L47357,L,25.05,35.05,298.2,308.2,1988,21.4,41,0,0,0,0,0,0
179,L47358,L,25.05,35.05,298.2,308.2,1436,50.2,43,0,0,0,0,0,0
180,L47359,L,25.05,35.15,298.2,308.3,1304,49.8,45,0,0,0,0,0,0
181,L47360,L,25.05,35.15,298.2,308.3,1475,49.9,47,0,0,0,0,0,0
182,H29595,H,25.05,35.15,298.2,308.3,1824,24.2,49,0,0,0,0,0,0
183,M15042,M,24.95,35.05,298.1,308.2,1342,48.1,54,0,0,0,0,0,0
184,L47363,L,24.95,35.05,298.1,308.2,1485,40.7,57,0,0,0,0,0,0
185,L47364,L,25.05,35.05,298.2,308.2,1667,30.6,59,0,0,0,0,0,0
186,L47365,L,25.05,35.05,298.2,308.2,1446,38.2,61,0,0,0,0,0,0
187,L47366,L,24.95,35.15,298.1,308.3,1301,56.0,63,0,0,0,0,0,0
188,L47367,L,25.05,35.25,298.2,308.4,1379,43.1,65,0,0,0,0,0,0
189,L47368,L,25.15,35.35,298.3,308.5,1606,33.6,67,0,0,0,0,0,0
190,M15049,M,25.15,35.25,298.3,308.4,1539,43.4,69,0,0,0,0,0,0
191,L47370,L,25.05,35.25,298.2,308.4,1477,49.9,72,0,0,0,0,0,0
192,L47371,L,25.05,35.25,298.2,308.4,1666,34.6,74,0,0,0,0,0,0
193,H29606,H,25.05,35.25,298.2,308.4,1398,51.8,76,0,0,0,0,0,0
194,H29607,H,25.05,35.25,298.2,308.4,1678,34.6,81,0,0,0,0,0,0
195,M15054,M,25.05,35.35,298.2,308.5,2678,10.7,86,1,0,0,1,0,0
196,L47375,L,25.15,35.35,298.3,308.5,1453,42.9,89,0,0,0,0,0,0
197,H29610,H,25.15,35.45,298.3,308.6,1432,49.5,91,0,0,0,0,0,0
198,M15057,M,25.25,35.45,298.4,308.6,1527,40.9,96,0,0,0,0,0,0
199,L47378,L,25.25,35.55,298.4,308.7,1588,35.0,99,0,0,0,0,0,0
200,L47379,L,25.25,35.45,298.4,308.6,1433,47.1,101,0,0,0,0,0,0
201,L47380,L,25.25,35.45,298.4,308.6,1609,35.0,103,0,0,0,0,0,0
202,L47381,L,25.15,35.35,298.3,308.5,1575,41.2,105,0,0,0,0,0,0
203,M15062,M,25.25,35.35,298.4,308.5,1636,35.7,107,0,0,0,0,0,0
204,L47383,L,25.25,35.35,298.4,308.5,1490,37.9,110,0,0,0,0,0,0
205,L47384,L,25.25,35.35,298.4,308.5,1741,32.8,112,0,0,0,0,0,0
206,M15065,M,25.35,35.45,298.5,308.6,1344,53.0,114,0,0,0,0,0,0
207,L47386,L,25.35,35.55,298.5,308.7,1609,35.3,117,0,0,0,0,0,0
208,M15067,M,25.25,35.55,298.4,308.7,1421,60.7,119,1,0,0,1,0,0
209,L47388,L,25.25,35.45,298.4,308.6,1591,36.7,122,0,0,0,0,0,0
210,L47389,L,25.25,35.45,298.4,308.6,1477,44.0,124,0,0,0,0,0,0
211,L47390,L,25.25,35.55,298.4,308.7,1523,36.1,126,0,0,0,0,0,0
212,L47391,L,25.35,35.55,298.5,308.7,1575,33.9,128,0,0,0,0,0,0
213,H29626,H,25.25,35.55,298.4,308.7,1344,52.9,130,0,0,0,0,0,0
214,L47393,L,25.25,35.55,298.4,308.7,1386,44.9,135,0,0,0,0,0,0
215,M15074,M,25.15,35.45,298.3,308.6,1589,37.1,137,0,0,0,0,0,0
216,L47395,L,25.15,35.45,298.3,308.6,1548,40.3,140,0,0,0,0,0,0
217,L47396,L,25.15,35.45,298.3,308.6,1499,38.3,142,0,0,0,0,0,0
218,L47397,L,25.15,35.35,298.3,308.5,1664,31.6,144,0,0,0,0,0,0
219,L47398,L,25.15,35.45,298.3,308.6,1447,38.1,146,0,0,0,0,0,0
220,M15079,M,25.15,35.35,298.3,308.5,1434,46.2,148,0,0,0,0,0,0
221,L47400,L,25.15,35.35,298.3,308.5,1416,52.7,151,0,0,0,0,0,0
222,H29635,H,25.25,35.35,298.4,308.5,1827,24.3,153,0,0,0,0,0,0
223,L47402,L,25.25,35.45,298.4,308.6,1304,45.0,158,0,0,0,0,0,0
224,L47403,L,25.25,35.45,298.4,308.6,1569,34.4,160,0,0,0,0,0,0
225,L47404,L,25.15,35.45,298.3,308.6,1584,29.3,162,0,0,0,0,0,0
226,L47405,L,25.15,35.35,298.3,308.5,1362,53.8,164,0,0,0,0,0,0
227,L47406,L,25.15,35.25,298.3,308.4,1329,49.2,166,0,0,0,0,0,0
228,L47407,L,25.15,35.35,298.3,308.5,1539,36.1,168,0,0,0,0,0,0
229,M15088,M,25.15,35.35,298.3,308.5,1629,37.1,170,0,0,0,0,0,0
230,L47409,L,25.15,35.35,298.3,308.5,1538,32.2,173,0,0,0,0,0,0
231,L47410,L,25.15,35.45,298.3,308.6,1570,34.8,175,0,0,0,0,0,0
232,L47411,L,25.15,35.25,298.3,308.4,1408,43.1,177,0,0,0,0,0,0
233,L47412,L,25.05,35.25,298.2,308.4,1424,47.6,179,0,0,0,0,0,0
234,L47413,L,25.05,35.25,298.2,308.4,1512,34.9,181,0,0,0,0,0,0
235,L47414,L,25.05,35.25,298.2,308.4,1478,42.9,183,0,0,0,0,0,0
236,M15095,M,24.95,35.15,298.1,308.3,1680,33.7,185,0,0,0,0,0,0
237,L47416,L,24.95,35.15,298.1,308.3,1495,38.7,188,0,0,0,0,0,0
238,M15097,M,24.85,34.95,298.0,308.1,1552,36.6,190,0,0,0,0,0,0
239,L47418,L,24.75,34.95,297.9,308.1,1393,50.3,193,0,0,0,0,0,0
240,L47419,L,24.85,35.05,298.0,308.2,1611,30.6,195,0,0,0,0,0,0
241,M15100,M,24.85,34.95,298.0,308.1,1339,51.6,197,0,0,0,0,0,0
242,L47421,L,24.85,34.95,298.0,308.1,1777,24.3,200,0,0,0,0,0,0
243,L47422,L,24.85,35.05,298.0,308.2,1348,58.8,202,1,0,0,0,1,0
244,L47423,L,24.85,35.05,298.0,308.2,1442,44.1,204,0,0,0,0,0,0
245,M15104,M,24.85,35.05,298.0,308.2,1395,49.1,206,0,0,0,0,0,0
246,M15105,M,24.75,34.95,297.9,308.1,1627,31.4,209,0,0,0,0,0,0
247,L47426,L,24.75,34.95,297.9,308.1,1585,33.5,212,0,0,0,0,0,0
248,L47427,L,24.85,35.05,298.0,308.2,1469,45.5,214,0,0,0,0,0,0
249,L47428,L,24.85,35.15,298.0,308.3,1362,56.8,216,1,0,0,0,1,0
250,L47429,L,24.85,35.15,298.0,308.3,1405,56.2,218,1,0,0,0,1,0
251,L47430,L,24.85,35.15,298.0,308.3,1662,32.7,0,0,0,0,0,0,0
252,M15111,M,24.85,35.05,298.0,308.2,1466,42.6,2,0,0,0,0,0,0
253,L47432,L,24.85,35.05,298.0,308.2,1620,35.8,5,0,0,0,0,0,0
254,L47433,L,24.85,35.05,298.0,308.2,1357,48.2,7,0,0,0,0,0,0
255,L47434,L,24.85,35.05,298.0,308.2,1514,37.9,9,0,0,0,0,0,0
256,L47435,L,24.85,35.05,298.0,308.2,1489,40.4,11,0,0,0,0,0,0
257,L47436,L,24.95,35.15,298.1,308.3,1331,63.0,13,0,0,0,0,0,0
258,L47437,L,24.85,34.85,298.0,308.0,1615,29.5,15,0,0,0,0,0,0
259,L47438,L,24.95,35.05,298.1,308.2,1482,37.9,17,0,0,0,0,0,0
260,M15119,M,24.95,35.05,298.1,308.2,1420,63.9,19,1,0,0,1,0,0
261,M15120,M,25.05,35.15,298.2,308.3,1522,49.1,22,0,0,0,0,0,0
262,L47441,L,24.95,35.05,298.1,308.2,1654,32.1,25,0,0,0,0,0,0
263,M15122,M,24.95,35.05,298.1,308.2,1736,26.8,27,0,0,0,0,0,0
264,M15123,M,24.85,34.95,298.0,308.1,1587,32.3,30,0,0,0,0,0,0
265,L47444,L,24.95,35.05,298.1,308.2,1390,47.5,33,0,0,0,0,0,0
266,L47445,L,24.85,34.95,298.0,308.1,1454,37.1,35,0,0,0,0,0,0
267,H29680,H,24.85,34.95,298.0,308.1,1440,43.7,37,0,0,0,0,0,0
268,L47447,L,24.75,34.85,297.9,308.0,1954,21.1,42,0,0,0,0,0,0
269,H29682,H,24.75,34.85,297.9,308.0,1800,24.8,44,0,0,0,0,0,0
270,L47449,L,24.85,34.85,298.0,308.0,1524,37.0,49,0,0,0,0,0,0
271,H29684,H,24.85,34.85,298.0,308.0,1520,39.6,51,0,0,0,0,0,0
272,M15131,M,24.95,34.95,298.1,308.1,1452,40.8,56,0,0,0,0,0,0
273,L47452,L,24.95,34.95,298.1,308.1,1484,40.4,59,0,0,0,0,0,0
274,L47453,L,24.95,34.85,298.1,308.0,1426,46.0,61,0,0,0,0,0,0
275,L47454,L,24.95,34.85,298.1,308.0,1652,28.5,63,0,0,0,0,0,0
276,L47455,L,24.85,34.85,298.0,308.0,1401,54.7,65,0,0,0,0,0,0
277,M15136,M,24.85,34.75,298.0,307.9,1750,26.6,67,0,0,0,0,0,0
278,H29691,H,24.85,34.85,298.0,308.0,1479,50.7,70,0,0,0,0,0,0
279,M15138,M,24.85,34.85,298.0,308.0,1620,29.4,75,0,0,0,0,0,0
280,L47459,L,24.85,34.95,298.0,308.1,1819,23.4,78,0,0,0,0,0,0
281,M15140,M,24.95,34.95,298.1,308.1,1456,43.7,80,0,0,0,0,0,0
282,L47461,L,24.95,34.85,298.1,308.0,1626,36.5,83,0,0,0,0,0,0
283,M15142,M,24.95,34.95,298.1,308.1,1390,49.8,85,0,0,0,0,0,0
284,L47463,L,25.05,35.05,298.2,308.2,1469,43.0,88,0,0,0,0,0,0
285,L47464,L,25.05,35.15,298.2,308.3,2051,19.2,90,0,0,0,0,0,0
286,L47465,L,25.05,35.15,298.2,308.3,1568,36.0,92,0,0,0,0,0,0
287,L47466,L,25.05,35.15,298.2,308.3,1589,33.2,94,0,0,0,0,0,0
288,L47467,L,25.05,35.15,298.2,308.3,1805,31.6,96,0,0,0,0,0,0
289,H29702,H,25.05,35.25,298.2,308.4,1385,42.2,98,0,0,0,0,0,0
290,L47469,L,24.95,35.25,298.1,308.4,1436,46.7,103,0,0,0,0,0,0
291,L47470,L,24.95,35.25,298.1,308.4,1438,45.6,105,0,0,0,0,0,0
292,L47471,L,24.85,35.15,298.0,308.3,1473,42.6,107,0,0,0,0,0,0
293,L47472,L,24.95,35.25,298.1,308.4,1335,40.2,109,0,0,0,0,0,0
294,H29707,H,24.95,35.35,298.1,308.5,1392,44.8,111,0,0,0,0,0,0
295,M15154,M,24.95,35.35,298.1,308.5,1372,51.1,116,0,0,0,0,0,0
296,M15155,M,24.95,35.45,298.1,308.6,1716,30.7,119,0,0,0,0,0,0
297,L47476,L,24.85,35.35,298.0,308.5,1395,46.2,122,0,0,0,0,0,0
298,L47477,L,24.85,35.35,298.0,308.5,1713,25.3,124,0,0,0,0,0,0
299,H29712,H,24.75,35.35,297.9,308.5,2129,18.7,126,0,0,0,0,0,0
300,M15159,M,24.65,35.15,297.8,308.3,1567,35.6,131,0,0,0,0,0,0
301,L47480,L,24.65,35.25,297.8,308.4,1622,38.3,134,0,0,0,0,0,0
302,L47481,L,24.55,35.25,297.7,308.4,1740,27.1,136,0,0,0,0,0,0
303,H29716,H,24.65,35.25,297.8,308.4,1512,35.1,138,0,0,0,0,0,0
304,M15163,M,24.65,35.25,297.8,308.4,1479,43.5,143,0,0,0,0,0,0
305,L47484,L,24.65,35.25,297.8,308.4,1737,27.5,146,0,0,0,0,0,0
306,L47485,L,24.65,35.25,297.8,308.4,2129,19.2,148,0,0,0,0,0,0
307,L47486,L,24.65,35.25,297.8,308.4,1374,47.1,150,0,0,0,0,0,0
308,M15167,M,24.65,35.25,297.8,308.4,1579,36.6,152,0,0,0,0,0,0
309,L47488,L,24.75,35.35,297.9,308.5,1305,47.2,155,0,0,0,0,0,0
310,M15169,M,24.75,35.35,297.9,308.5,1449,40.8,157,0,0,0,0,0,0
311,H29724,H,24.85,35.45,298.0,308.6,1526,41.8,160,0,0,0,0,0,0
312,M15171,M,24.85,35.45,298.0,308.6,1453,44.1,165,0,0,0,0,0,0
313,L47492,L,24.75,35.45,297.9,308.6,1468,36.0,168,0,0,0,0,0,0
314,L47493,L,24.85,35.45,298.0,308.6,1313,50.8,170,0,0,0,0,0,0
315,M15174,M,24.75,35.35,297.9,308.5,1300,53.0,172,0,0,0,0,0,0
316,L47495,L,24.75,35.25,297.9,308.4,1646,40.6,175,0,0,0,0,0,0
317,L47496,L,24.65,35.25,297.8,308.4,1714,33.2,177,0,0,0,0,0,0
318,L47497,L,24.65,35.25,297.8,308.4,1685,28.4,179,0,0,0,0,0,0
319,L47498,L,24.65,35.25,297.8,308.4,1512,39.9,181,0,0,0,0,0,0
320,L47499,L,24.65,35.25,297.8,308.4,1612,32.1,183,0,0,0,0,0,0
321,H29734,H,24.65,35.25,297.8,308.4,1550,38.2,185,0,0,0,0,0,0
322,L47501,L,24.65,35.25,297.8,308.4,1518,32.5,190,0,0,0,0,0,0
323,L47502,L,24.65,35.35,297.8,308.5,1448,40.0,192,0,0,0,0,0,0
324,L47503,L,24.65,35.35,297.8,308.5,1561,46.3,194,0,0,0,0,0,0
325,M15184,M,24.65,35.35,297.8,308.5,1488,41.9,196,0,0,0,0,0,0
326,L47505,L,24.65,35.35,297.8,308.5,1699,27.8,199,0,0,0,0,0,0
327,L47506,L,24.55,35.35,297.7,308.5,1501,41.4,201,0,0,0,0,0,0
328,L47507,L,24.55,35.35,297.7,308.5,1373,56.7,203,1,0,0,0,1,0
329,H29742,H,24.45,35.25,297.6,308.4,1703,31.4,205,0,0,0,0,0,0
330,H29743,H,24.55,35.35,297.7,308.5,1720,29.9,210,0,0,0,0,0,0
331,M15190,M,24.45,35.25,297.6,308.4,1398,41.9,215,0,0,0,0,0,0
332,M15191,M,24.45,35.25,297.6,308.4,1391,51.9,218,0,0,0,0,0,0
333,M15192,M,24.45,35.15,297.6,308.3,1538,40.2,0,0,0,0,0,0,0
334,L47513,L,24.35,35.05,297.5,308.2,1647,31.3,3,0,0,0,0,0,0
335,M15194,M,24.35,34.95,297.5,308.1,1469,44.8,5,0,0,0,0,0,0
336,L47515,L,24.25,34.95,297.4,308.1,1749,25.9,8,0,0,0,0,0,0
337,M15196,M,24.45,35.05,297.6,308.2,1995,20.5,10,0,0,0,0,0,0
338,L47517,L,24.45,35.15,297.6,308.3,1742,27.7,13,0,0,0,0,0,0
339,L47518,L,24.35,35.05,297.5,308.2,1563,38.2,15,0,0,0,0,0,0
340,M15199,M,24.35,35.05,297.5,308.2,1713,32.2,17,0,0,0,0,0,0
341,L47520,L,24.25,34.95,297.4,308.1,1474,39.4,20,0,0,0,0,0,0
342,M15201,M,24.25,35.05,297.4,308.2,1530,32.6,22,0,0,0,0,0,0
343,L47522,L,24.25,35.05,297.4,308.2,1471,46.5,25,0,0,0,0,0,0
344,L47523,L,24.35,35.15,297.5,308.3,1388,48.6,27,0,0,0,0,0,0
345,M15204,M,24.35,35.05,297.5,308.2,2448,13.8,29,0,0,0,0,0,0
346,L47525,L,24.35,35.15,297.5,308.3,1585,32.9,32,0,0,0,0,0,0
347,M15206,M,24.35,35.15,297.5,308.3,1459,45.2,34,0,0,0,0,0,0
348,L47527,L,24.35,35.15,297.5,308.3,1544,40.8,37,0,0,0,0,0,0
349,L47528,L,24.45,35.15,297.6,308.3,1617,31.7,39,0,0,0,0,0,0
350,L47529,L,24.45,35.15,297.6,308.3,1595,34.3,41,0,0,0,0,0,0
351,H29764,H,24.45,35.15,297.6,308.3,1400,44.3,43,0,0,0,0,0,0
352,M15211,M,24.45,35.25,297.6,308.4,1611,31.0,48,0,0,0,0,0,0
353,M15212,M,24.45,35.25,297.6,308.4,1507,46.0,51,0,0,0,0,0,0
354,H29767,H,24.35,35.15,297.5,308.3,1674,30.0,54,0,0,0,0,0,0
355,L47534,L,24.45,35.15,297.6,308.3,1658,34.3,59,0,0,0,0,0,0
356,L47535,L,24.45,35.15,297.6,308.3,1623,36.9,61,0,0,0,0,0,0
357,M15216,M,24.45,35.25,297.6,308.4,1398,48.9,63,0,0,0,0,0,0
358,L47537,L,24.45,35.25,297.6,308.4,1517,34.2,66,0,0,0,0,0,0
359,M15218,M,24.45,35.15,297.6,308.3,1467,36.7,68,0,0,0,0,0,0
360,M15219,M,24.45,35.15,297.6,308.3,1567,34.6,71,0,0,0,0,0,0
361,M15220,M,24.35,35.15,297.5,308.3,1521,38.2,74,0,0,0,0,0,0
362,L47541,L,24.35,35.15,297.5,308.3,1596,36.8,77,0,0,0,0,0,0
363,H29776,H,24.45,35.15,297.6,308.3,1640,30.9,79,0,0,0,0,0,0
364,L47543,L,24.45,35.15,297.6,308.3,1438,47.8,84,0,0,0,0,0,0
365,L47544,L,24.45,35.25,297.6,308.4,1407,55.2,86,0,0,0,0,0,0
366,L47545,L,24.45,35.25,297.6,308.4,1353,57.5,88,0,0,0,0,0,0
367,M15226,M,24.45,35.35,297.6,308.5,1552,40.9,90,0,0,0,0,0,0
368,M15227,M,24.45,35.25,297.6,308.4,1569,38.3,93,0,0,0,0,0,0
369,L47548,L,24.35,35.25,297.5,308.4,1489,39.5,96,0,0,0,0,0,0
370,H29783,H,24.35,35.25,297.5,308.4,1587,36.1,98,0,0,0,0,0,0
371,M15230,M,24.35,35.15,297.5,308.3,1622,37.2,103,0,0,0,0,0,0
372,L47551,L,24.35,35.25,297.5,308.4,1604,38.1,106,0,0,0,0,0,0
373,M15232,M,24.25,35.15,297.4,308.3,1405,51.7,108,0,0,0,0,0,0
374,L47553,L,24.25,35.15,297.4,308.3,1412,42.0,111,0,0,0,0,0,0
375,L47554,L,24.25,35.15,297.4,308.3,1431,43.0,113,0,0,0,0,0,0
376,L47555,L,24.25,35.05,297.4,308.2,1533,37.4,115,0,0,0,0,0,0
377,M15236,M,24.25,35.05,297.4,308.2,1401,51.9,117,0,0,0,0,0,0
378,M15237,M,24.25,35.05,297.4,308.2,1424,53.9,120,0,0,0,0,0,0
379,L47558,L,24.15,35.05,297.3,308.2,1754,29.4,123,0,0,0,0,0,0
380,L47559,L,24.15,35.05,297.3,308.2,1754,26.8,125,0,0,0,0,0,0
381,L47560,L,24.35,35.15,297.5,308.3,2564,12.8,127,1,0,0,1,0,0
382,L47561,L,24.35,35.35,297.5,308.5,1546,40.4,129,0,0,0,0,0,0
383,L47562,L,24.35,35.35,297.5,308.5,1335,48.0,131,0,0,0,0,0,0
384,M15243,M,24.35,35.45,297.5,308.6,1842,27.0,133,0,0,0,0,0,0
385,L47564,L,24.35,35.35,297.5,308.5,1712,26.8,136,0,0,0,0,0,0
386,M15245,M,24.45,35.45,297.6,308.6,1414,45.4,138,0,0,0,0,0,0
387,L47566,L,24.45,35.55,297.6,308.7,1319,50.9,141,0,0,0,0,0,0
388,L47567,L,24.55,35.55,297.7,308.7,1249,60.4,143,0,0,0,0,0,0
389,L47568,L,24.45,35.55,297.6,308.7,1455,48.2,145,0,0,0,0,0,0
390,M15249,M,24.45,35.55,297.6,308.7,1408,54.8,147,0,0,0,0,0,0
391,L47570,L,24.45,35.55,297.6,308.7,1460,46.7,150,0,0,0,0,0,0
392,L47571,L,24.45,35.45,297.6,308.6,1491,38.1,152,0,0,0,0,0,0
393,M15252,M,24.45,35.35,297.6,308.5,1490,43.4,154,0,0,0,0,0,0
394,M15253,M,24.35,35.25,297.5,308.4,1350,52.2,157,0,0,0,0,0,0
395,L47574,L,24.35,35.25,297.5,308.4,1528,39.9,160,0,0,0,0,0,0
396,L47575,L,24.25,35.15,297.4,308.3,1571,37.7,162,0,0,0,0,0,0
397,L47576,L,24.25,35.15,297.4,308.3,1490,42.6,164,0,0,0,0,0,0
398,M15257,M,24.25,35.15,297.4,308.3,1774,28.9,166,0,0,0,0,0,0
399,H29812,H,24.25,35.15,297.4,308.3,1502,43.6,169,0,0,0,0,0,0
400,L47579,L,24.25,35.25,297.4,308.4,1392,49.7,174,0,0,0,0,0,0
401,L47580,L,24.25,35.35,297.4,308.5,2100,16.9,176,0,0,0,0,0,0
402,L47581,L,24.35,35.35,297.5,308.5,1722,30.4,178,0,0,0,0,0,0
403,L47582,L,24.25,35.45,297.4,308.6,1678,32.3,180,0,0,0,0,0,0
404,L47583,L,24.15,35.45,297.3,308.6,1273,59.8,182,0,0,0,0,0,0
405,L47584,L,24.15,35.45,297.3,308.6,1297,45.9,184,0,0,0,0,0,0
406,L47585,L,24.15,35.35,297.3,308.5,1350,57.6,186,0,0,0,0,0,0
407,L47586,L,24.25,35.45,297.4,308.6,1439,51.9,188,0,0,0,0,0,0
408,M15267,M,24.25,35.35,297.4,308.5,1600,42.1,190,0,0,0,0,0,0
409,M15268,M,24.25,35.45,297.4,308.6,1434,44.4,193,0,0,0,0,0,0
410,L47589,L,24.25,35.45,297.4,308.6,1459,41.3,196,0,0,0,0,0,0
411,M15270,M,24.35,35.45,297.5,308.6,1472,44.9,198,0,0,0,0,0,0
412,L47591,L,24.35,35.55,297.5,308.7,1429,44.3,201,0,0,0,0,0,0
413,L47592,L,24.35,35.45,297.5,308.6,1388,48.2,203,0,0,0,0,0,0
414,L47593,L,24.25,35.25,297.4,308.4,1573,34.5,205,0,0,0,0,0,0
415,L47594,L,24.25,35.25,297.4,308.4,1588,32.5,207,0,0,0,0,0,0
416,L47595,L,24.35,35.25,297.5,308.4,1511,42.8,209,0,0,0,0,0,0
417,L47596,L,24.25,35.35,297.4,308.5,1495,37.8,211,0,0,0,0,0,0
418,L47597,L,24.25,35.25,297.4,308.4,1394,50.1,213,0,0,0,0,0,0
419,L47598,L,24.25,35.25,297.4,308.4,2151,17.7,0,0,0,0,0,0,0
420,M15279,M,24.15,35.15,297.3,308.3,1501,38.2,2,0,0,0,0,0,0
421,M15280,M,24.15,35.15,297.3,308.3,1301,39.6,5,0,0,0,0,0,0
422,M15281,M,24.15,35.15,297.3,308.3,1657,31.1,8,0,0,0,0,0,0
423,L47602,L,24.15,35.15,297.3,308.3,1333,55.2,11,0,0,0,0,0,0
424,L47603,L,24.15,35.15,297.3,308.3,1484,43.9,13,0,0,0,0,0,0
425,L47604,L,24.15,35.25,297.3,308.4,1430,45.7,15,0,0,0,0,0,0
426,M15285,M,24.15,35.25,297.3,308.4,1665,28.9,17,0,0,0,0,0,0
427,L47606,L,24.25,35.35,297.4,308.5,1501,44.9,20,0,0,0,0,0,0
428,M15287,M,24.35,35.35,297.5,308.5,1496,42.2,22,0,0,0,0,0,0
429,M15288,M,24.45,35.45,297.6,308.6,1595,36.9,25,0,0,0,0,0,0
430,L47609,L,24.35,35.45,297.5,308.6,1208,62.3,28,0,0,0,0,0,0
431,L47610,L,24.35,35.45,297.5,308.6,1596,37.1,30,0,0,0,0,0,0
432,L47611,L,24.35,35.35,297.5,308.5,1446,41.9,32,0,0,0,0,0,0
433,M15292,M,24.45,35.35,297.6,308.5,1466,39.7,34,0,0,0,0,0,0
434,M15293,M,24.45,35.35,297.6,308.5,1848,23.7,37,0,0,0,0,0,0
435,M15294,M,24.35,35.35,297.5,308.5,1484,44.7,40,0,0,0,0,0,0
436,L47615,L,24.25,35.15,297.4,308.3,1493,41.2,43,0,0,0,0,0,0
437,L47616,L,24.15,35.15,297.3,308.3,1504,36.3,45,0,0,0,0,0,0
438,L47617,L,24.15,35.15,297.3,308.3,1538,38.5,47,0,0,0,0,0,0
439,L47618,L,24.25,35.25,297.4,308.4,1341,52.2,49,0,0,0,0,0,0
440,M15299,M,24.25,35.15,297.4,308.3,1535,34.6,51,0,0,0,0,0,0
441,L47620,L,24.25,35.35,297.4,308.5,1389,39.2,54,0,0,0,0,0,0
442,H29855,H,24.35,35.35,297.5,308.5,1393,46.6,56,0,0,0,0,0,0
443,L47622,L,24.25,35.35,297.4,308.5,1399,61.5,61,1,0,0,1,0,0
444,H29857,H,24.25,35.35,297.4,308.5,1469,45.1,63,0,0,0,0,0,0
445,L47624,L,24.25,35.25,297.4,308.4,1582,37.2,68,0,0,0,0,0,0
446,L47625,L,24.35,35.45,297.5,308.6,1793,26.7,70,0,0,0,0,0,0
447,L47626,L,24.35,35.45,297.5,308.6,1452,39.0,72,0,0,0,0,0,0
448,M15307,M,24.45,35.55,297.6,308.7,1376,59.9,74,0,0,0,0,0,0
449,L47628,L,24.35,35.45,297.5,308.6,1552,44.9,77,0,0,0,0,0,0
450,L47629,L,24.45,35.55,297.6,308.7,1622,37.9,79,0,0,0,0,0,0
451,M15310,M,24.45,35.55,297.6,308.7,1419,41.7,81,0,0,0,0,0,0
452,H29865,H,24.35,35.45,297.5,308.6,1440,46.1,84,0,0,0,0,0,0
453,M15312,M,24.25,35.45,297.4,308.6,1643,31.0,89,0,0,0,0,0,0
454,L47633,L,24.25,35.55,297.4,308.7,1510,36.2,92,0,0,0,0,0,0
455,L47634,L,24.25,35.55,297.4,308.7,1468,46.6,94,0,0,0,0,0,0
456,L47635,L,24.25,35.55,297.4,308.7,1429,57.4,96,0,0,0,0,0,0
457,H29870,H,24.15,35.55,297.3,308.7,1478,47.6,98,0,0,0,0,0,0
458,L47637,L,24.25,35.45,297.4,308.6,1276,53.6,103,0,0,0,0,0,0
459,L47638,L,24.15,35.45,297.3,308.6,1486,42.6,105,0,0,0,0,0,0
460,L47639,L,24.25,35.45,297.4,308.6,1476,42.3,107,0,0,0,0,0,0
461,H29874,H,24.15,35.45,297.3,308.6,1431,42.0,109,0,0,0,0,0,0
462,L47641,L,24.25,35.55,297.4,308.7,1402,40.2,114,0,0,0,0,0,0
463,L47642,L,24.25,35.55,297.4,308.7,1433,43.4,116,0,0,0,0,0,0
464,L47643,L,24.25,35.55,297.4,308.7,2874,4.2,118,1,0,0,1,0,0
465,L47644,L,24.15,35.45,297.3,308.6,1511,35.7,120,0,0,0,0,0,0
466,M15325,M,24.15,35.45,297.3,308.6,1456,42.9,122,0,0,0,0,0,0
467,L47646,L,24.05,35.35,297.2,308.5,1550,41.5,125,0,0,0,0,0,0
468,L47647,L,24.05,35.35,297.2,308.5,2182,16.5,127,0,0,0,0,0,0
469,L47648,L,24.15,35.55,297.3,308.7,1619,31.6,129,0,0,0,0,0,0
470,M15329,M,24.15,35.65,297.3,308.8,1586,32.7,131,0,0,0,0,0,0
471,H29884,H,24.15,35.65,297.3,308.8,1499,44.2,134,0,0,0,0,0,0
472,H29885,H,24.15,35.65,297.3,308.8,1419,42.4,139,0,0,0,0,0,0
473,M15332,M,24.25,35.85,297.4,309.0,1497,41.8,144,0,0,0,0,0,0
474,M15333,M,24.25,35.85,297.4,309.0,1520,37.0,147,0,0,0,0,0,0
475,L47654,L,24.25,35.95,297.4,309.1,1478,49.8,150,0,0,0,0,0,0
476,L47655,L,24.25,35.95,297.4,309.1,1380,41.1,152,0,0,0,0,0,0
477,L47656,L,24.25,35.85,297.4,309.0,1570,37.9,154,0,0,0,0,0,0
478,H29891,H,24.25,35.85,297.4,309.0,1468,41.4,156,0,0,0,0,0,0
479,L47658,L,24.25,35.85,297.4,309.0,1833,22.6,161,0,0,0,0,0,0
480,M15339,M,24.25,35.75,297.4,308.9,1323,57.3,163,0,0,0,0,0,0
481,L47660,L,24.25,35.85,297.4,309.0,1583,32.0,166,0,0,0,0,0,0
482,M15341,M,24.15,35.85,297.3,309.0,1556,39.5,168,0,0,0,0,0,0
483,L47662,L,24.15,35.85,297.3,309.0,1548,37.4,171,0,0,0,0,0,0
484,L47663,L,24.25,35.85,297.4,309.0,1324,56.9,173,0,0,0,0,0,0
485,L47664,L,24.25,35.85,297.4,309.0,1568,33.7,175,0,0,0,0,0,0
486,M15345,M,24.25,35.85,297.4,309.0,1685,30.7,177,0,0,0,0,0,0
487,M15346,M,24.25,35.95,297.4,309.1,1582,35.9,180,0,0,0,0,0,0
488,M15347,M,24.25,35.95,297.4,309.1,1463,35.0,183,0,0,0,0,0,0
489,L47668,L,24.25,36.05,297.4,309.2,1584,42.8,186,0,0,0,0,0,0
490,M15349,M,24.35,36.05,297.5,309.2,1347,55.8,188,0,0,0,0,0,0
491,L47670,L,24.25,36.05,297.4,309.2,1459,37.9,191,0,0,0,0,0,0
492,L47671,L,24.25,36.05,297.4,309.2,1420,45.6,193,0,0,0,0,0,0
493,L47672,L,24.35,36.15,297.5,309.3,1404,43.5,195,0,0,0,0,0,0
494,L47673,L,24.35,36.15,297.5,309.3,1470,38.8,197,0,0,0,0,0,0
495,L47674,L,24.45,36.25,297.6,309.4,1326,49.8,199,0,0,0,0,0,0
496,H29909,H,24.35,36.15,297.5,309.3,1459,49.7,201,0,0,0,0,0,0
497,M15356,M,24.35,36.05,297.5,309.2,1530,40.0,206,0,0,0,0,0,0
498,L47677,L,24.25,35.85,297.4,309.0,1505,39.2,209,0,0,0,0,0,0
499,L47678,L,24.35,35.95,297.5,309.1,1611,30.2,211,0,0,0,0,0,0
500,L47679,L,24.35,35.95,297.5,309.1,1515,35.1,213,0,0,0,0,0,0
501,M15360,M,24.35,36.05,297.5,309.2,1804,27.4,215,0,0,0,0,0,0
502,M15361,M,24.45,36.15,297.6,309.3,1464,46.2,218,0,0,0,0,0,0
503,L47682,L,24.45,36.05,297.6,309.2,1390,43.3,221,0,0,0,0,0,0
504,M15363,M,24.45,36.05,297.6,309.2,1442,48.1,0,0,0,0,0,0,0
505,M15364,M,24.45,36.15,297.6,309.3,1529,41.9,3,0,0,0,0,0,0
506,L47685,L,24.45,36.15,297.6,309.3,1610,35.0,6,0,0,0,0,0,0
507,L47686,L,24.45,36.15,297.6,309.3,1543,34.3,8,0,0,0,0,0,0
508,H29921,H,24.65,36.25,297.8,309.4,1445,48.2,10,0,0,0,0,0,0
509,L47688,L,24.55,36.15,297.7,309.3,1893,24.6,15,0,0,0,0,0,0
510,M15369,M,24.45,36.15,297.6,309.3,1415,41.3,17,0,0,0,0,0,0
511,L47690,L,24.35,36.15,297.5,309.3,1564,37.5,20,0,0,0,0,0,0
512,L47691,L,24.35,36.15,297.5,309.3,1479,39.4,22,0,0,0,0,0,0
513,L47692,L,24.35,36.05,297.5,309.2,1426,44.8,24,0,0,0,0,0,0
514,L47693,L,24.25,36.05,297.4,309.2,1428,38.8,26,0,0,0,0,0,0
515,L47694,L,24.25,36.05,297.4,309.2,1620,33.2,28,0,0,0,0,0,0
516,L47695,L,24.35,36.05,297.5,309.2,1715,28.0,30,0,0,0,0,0,0
517,L47696,L,24.35,36.15,297.5,309.3,1732,29.9,32,0,0,0,0,0,0
518,M15377,M,24.35,36.25,297.5,309.4,1391,58.2,34,0,0,0,0,0,0
519,L47698,L,24.45,36.35,297.6,309.5,1924,20.6,37,0,0,0,0,0,0
520,M15379,M,24.55,36.35,297.7,309.5,2027,19.8,39,0,0,0,0,0,0
521,L47700,L,24.45,36.35,297.6,309.5,1617,36.2,42,0,0,0,0,0,0
522,L47701,L,24.35,36.25,297.5,309.4,1497,35.8,44,0,0,0,0,0,0
523,M15382,M,24.35,36.35,297.5,309.5,1448,43.7,46,0,0,0,0,0,0
524,L47703,L,24.25,36.25,297.4,309.4,1401,45.9,49,0,0,0,0,0,0
525,L47704,L,24.25,36.25,297.4,309.4,1620,35.4,51,0,0,0,0,0,0
526,L47705,L,24.25,36.25,297.4,309.4,1466,45.5,53,0,0,0,0,0,0
527,L47706,L,24.45,36.35,297.6,309.5,1373,50.6,55,0,0,0,0,0,0
528,M15387,M,24.45,36.45,297.6,309.6,1592,35.8,57,0,0,0,0,0,0
529,M15388,M,24.35,36.35,297.5,309.5,1553,42.4,60,0,0,0,0,0,0
530,L47709,L,24.45,36.35,297.6,309.5,1569,36.2,63,0,0,0,0,0,0
531,M15390,M,24.45,36.35,297.6,309.5,1709,32.2,65,0,0,0,0,0,0
532,L47711,L,24.45,36.35,297.6,309.5,1549,34.9,68,0,0,0,0,0,0
533,L47712,L,24.35,36.25,297.5,309.4,1443,45.4,70,0,0,0,0,0,0
534,L47713,L,24.35,36.15,297.5,309.3,1675,29.8,72,0,0,0,0,0,0
535,L47714,L,24.35,36.15,297.5,309.3,1623,33.4,74,0,0,0,0,0,0
536,H29949,H,24.25,36.15,297.4,309.3,1365,52.4,76,0,0,0,0,0,0
537,L47716,L,24.25,36.15,297.4,309.3,1759,24.8,81,0,0,0,0,0,0
538,H29951,H,24.25,36.15,297.4,309.3,1516,43.0,83,0,0,0,0,0,0
539,M15398,M,24.25,36.15,297.4,309.3,1499,36.8,88,0,0,0,0,0,0
540,M15399,M,24.25,36.15,297.4,309.3,1775,25.8,91,0,0,0,0,0,0
541,L47720,L,24.25,36.25,297.4,309.4,1473,45.5,94,0,0,0,0,0,0
542,L47721,L,24.25,36.25,297.4,309.4,1296,52.3,96,0,0,0,0,0,0
543,L47722,L,24.35,36.25,297.5,309.4,1803,24.7,98,0,0,0,0,0,0
544,H29957,H,24.35,36.15,297.5,309.3,1563,36.1,100,0,0,0,0,0,0
545,M15404,M,24.35,36.25,297.5,309.4,1831,26.6,105,0,0,0,0,0,0
546,L47725,L,24.45,36.25,297.6,309.4,1958,22.1,108,0,0,0,0,0,0
547,L47726,L,24.35,36.25,297.5,309.4,1809,24.3,110,0,0,0,0,0,0
548,M15407,M,24.35,36.25,297.5,309.4,1482,39.3,112,0,0,0,0,0,0
549,L47728,L,24.25,36.15,297.4,309.3,1332,53.2,115,0,0,0,0,0,0
550,L47729,L,24.25,36.05,297.4,309.2,1437,40.4,117,0,0,0,0,0,0
551,L47730,L,24.25,36.05,297.4,309.2,1698,29.4,119,0,0,0,0,0,0
552,L47731,L,24.25,36.05,297.4,309.2,1274,54.3,121,0,0,0,0,0,0
553,M15412,M,24.25,36.15,297.4,309.3,1622,35.0,123,0,0,0,0,0,0
554,M15413,M,24.25,36.15,297.4,309.3,1564,36.0,126,0,0,0,0,0,0
555,H29968,H,24.35,36.25,297.5,309.4,1368,45.3,129,0,0,0,0,0,0
556,M15415,M,24.25,36.25,297.4,309.4,1539,42.2,134,0,0,0,0,0,0
557,L47736,L,24.35,36.25,297.5,309.4,1357,50.1,137,0,0,0,0,0,0
558,M15417,M,24.35,36.25,297.5,309.4,1433,48.3,139,0,0,0,0,0,0
559,L47738,L,24.35,36.25,297.5,309.4,1650,34.6,142,0,0,0,0,0,0
560,L47739,L,24.35,36.25,297.5,309.4,1503,40.6,144,0,0,0,0,0,0
561,L47740,L,24.35,36.25,297.5,309.4,1318,58.2,146,0,0,0,0,0,0
562,M15421,M,24.35,36.25,297.5,309.4,1678,34.4,148,0,0,0,0,0,0
563,L47742,L,24.45,36.35,297.6,309.5,1574,30.9,151,0,0,0,0,0,0
564,L47743,L,24.55,36.45,297.7,309.6,1529,35.2,153,0,0,0,0,0,0
565,H29978,H,24.45,36.45,297.6,309.6,1669,32.1,155,0,0,0,0,0,0
566,H29979,H,24.55,36.55,297.7,309.7,1570,35.8,160,0,0,0,0,0,0
567,M15426,M,24.45,36.55,297.6,309.7,1541,33.7,165,0,0,0,0,0,0
568,M15427,M,24.55,36.55,297.7,309.7,1680,30.2,168,0,0,0,0,0,0
569,L47748,L,24.65,36.55,297.8,309.7,1935,22.1,171,0,0,0,0,0,0
570,M15429,M,24.55,36.45,297.7,309.6,1596,35.2,173,0,0,0,0,0,0
571,L47750,L,24.55,36.55,297.7,309.7,1498,41.0,176,0,0,0,0,0,0
572,M15431,M,24.65,36.65,297.8,309.8,1676,29.0,178,0,0,0,0,0,0
573,L47752,L,24.65,36.75,297.8,309.9,1351,49.0,181,0,0,0,0,0,0
574,L47753,L,24.75,36.75,297.9,309.9,1472,45.0,183,0,0,0,0,0,0
575,M15434,M,24.75,36.85,297.9,310.0,1439,41.7,185,0,0,0,0,0,0
576,M15435,M,24.75,36.75,297.9,309.9,1410,55.4,188,0,0,0,0,0,0
577,H29990,H,24.55,36.55,297.7,309.7,1440,51.1,191,0,0,0,0,0,0
578,L47757,L,24.55,36.55,297.7,309.7,1591,37.7,196,0,0,0,0,0,0
579,L47758,L,24.65,36.65,297.8,309.8,1533,36.8,198,0,0,0,0,0,0
580,M15439,M,24.65,36.55,297.8,309.7,1700,31.3,200,0,0,0,0,0,0
581,M15440,M,24.65,36.65,297.8,309.8,1798,25.5,203,0,0,0,0,0,0
582,L47761,L,24.65,36.55,297.8,309.7,1394,42.9,206,0,0,0,0,0,0
583,L47762,L,24.65,36.55,297.8,309.7,1341,49.2,208,0,0,0,0,0,0
584,H29997,H,24.55,36.45,297.7,309.6,1697,32.2,210,0,0,0,0,0,0
585,H29998,H,24.45,36.45,297.6,309.6,1419,48.2,215,0,0,0,0,0,0
586,L47765,L,24.45,36.35,297.6,309.5,2001,20.5,220,0,0,0,0,0,0
587,L47766,L,24.45,36.45,297.6,309.6,1501,49.8,222,1,0,0,0,1,0
588,H30001,H,24.45,36.35,297.6,309.5,1623,33.1,224,0,0,0,0,0,0
589,L47768,L,24.45,36.25,297.6,309.4,1628,33.4,229,0,0,0,0,0,0
590,L47769,L,24.45,36.25,297.6,309.4,1491,40.2,231,0,0,0,0,0,0
591,L47770,L,24.35,36.25,297.5,309.4,1517,36.7,233,0,0,0,0,0,0
592,H30005,H,24.35,36.15,297.5,309.3,1525,41.7,235,0,0,0,0,0,0
593,H30006,H,24.35,36.35,297.5,309.5,1668,27.9,240,0,0,0,0,0,0
594,L47773,L,24.35,36.45,297.5,309.6,1312,50.7,0,0,0,0,0,0,0
595,H30008,H,24.45,36.45,297.6,309.6,1278,50.4,2,0,0,0,0,0,0
596,M15455,M,24.45,36.45,297.6,309.6,1330,53.1,7,0,0,0,0,0,0
597,M15456,M,24.45,36.45,297.6,309.6,1530,37.3,10,0,0,0,0,0,0
598,H30011,H,24.45,36.45,297.6,309.6,1428,46.6,13,0,0,0,0,0,0
599,L47778,L,24.55,36.45,297.7,309.6,1480,47.9,18,0,0,0,0,0,0
600,H30013,H,24.55,36.55,297.7,309.7,1616,31.1,20,0,0,0,0,0,0
601,L47780,L,24.65,36.55,297.8,309.7,1547,37.3,25,0,0,0,0,0,0
602,L47781,L,24.75,36.55,297.9,309.7,2194,16.8,27,0,0,0,0,0,0
603,L47782,L,24.75,36.65,297.9,309.8,2000,21.3,29,0,0,0,0,0,0
604,L47783,L,24.75,36.65,297.9,309.8,1336,71.6,31,1,0,0,1,0,0
605,L47784,L,24.75,36.75,297.9,309.9,1542,33.8,33,0,0,0,0,0,0
606,M15465,M,24.75,36.65,297.9,309.8,1693,29.9,35,0,0,0,0,0,0
607,L47786,L,24.75,36.65,297.9,309.8,1461,50.5,38,0,0,0,0,0,0
608,M15467,M,24.85,36.75,298.0,309.9,1565,33.9,40,0,0,0,0,0,0
609,L47788,L,24.85,36.75,298.0,309.9,1403,47.7,43,0,0,0,0,0,0
610,L47789,L,24.95,36.75,298.1,309.9,1629,32.5,45,0,0,0,0,0,0
611,L47790,L,24.95,36.85,298.1,310.0,1534,33.7,47,0,0,0,0,0,0
612,L47791,L,24.95,36.85,298.1,310.0,1553,40.9,49,0,0,0,0,0,0
613,L47792,L,24.95,36.75,298.1,309.9,1563,32.8,51,0,0,0,0,0,0
614,L47793,L,24.95,36.75,298.1,309.9,1634,30.0,53,0,0,0,0,0,0
615,M15474,M,24.85,36.75,298.0,309.9,1445,45.2,55,0,0,0,0,0,0
616,L47795,L,24.95,36.75,298.1,309.9,1642,30.4,58,0,0,0,0,0,0
617,H30030,H,24.95,36.75,298.1,309.9,1686,29.1,60,0,0,0,0,0,0
618,M15477,M,24.95,36.85,298.1,310.0,1393,43.1,65,0,0,0,0,0,0
619,H30032,H,25.05,36.85,298.2,310.0,1433,44.2,68,0,0,0,0,0,0
620,L47799,L,25.15,36.85,298.3,310.0,1507,44.7,73,0,0,0,0,0,0
621,M15480,M,25.15,36.95,298.3,310.1,1389,49.6,75,0,0,0,0,0,0
622,L47801,L,25.15,36.95,298.3,310.1,1408,45.3,78,0,0,0,0,0,0
623,M15482,M,25.25,37.05,298.4,310.2,1725,32.0,80,0,0,0,0,0,0
624,L47803,L,25.25,36.95,298.4,310.1,1926,23.7,83,0,0,0,0,0,0
625,H30038,H,25.15,36.95,298.3,310.1,1509,37.6,85,0,0,0,0,0,0
626,L47805,L,25.15,36.95,298.3,310.1,1545,36.3,90,0,0,0,0,0,0
627,L47806,L,25.25,36.95,298.4,310.1,1533,35.2,92,0,0,0,0,0,0
628,L47807,L,25.25,36.95,298.4,310.1,1455,42.2,94,0,0,0,0,0,0
629,M15488,M,25.25,36.95,298.4,310.1,1335,57.8,96,0,0,0,0,0,0
630,L47809,L,25.15,36.95,298.3,310.1,1523,45.9,99,0,0,0,0,0,0
631,L47810,L,25.15,36.85,298.3,310.0,1460,47.6,101,0,0,0,0,0,0
632,L47811,L,25.25,36.85,298.4,310.0,1554,37.3,103,0,0,0,0,0,0
633,H30046,H,25.15,36.85,298.3,310.0,1419,47.1,105,0,0,0,0,0,0
634,L47813,L,25.15,36.85,298.3,310.0,1442,43.9,110,0,0,0,0,0,0
635,L47814,L,25.15,36.75,298.3,309.9,1507,41.6,112,0,0,0,0,0,0
636,L47815,L,25.15,36.85,298.3,310.0,1858,23.9,114,0,0,0,0,0,0
637,L47816,L,25.15,36.75,298.3,309.9,1463,43.9,116,0,0,0,0,0,0
638,L47817,L,25.05,36.55,298.2,309.7,1585,37.4,118,0,0,0,0,0,0
639,L47818,L,24.85,36.45,298.0,309.6,1536,37.3,120,0,0,0,0,0,0
640,L47819,L,24.85,36.45,298.0,309.6,1403,51.3,122,0,0,0,0,0,0
641,M15500,M,24.75,36.45,297.9,309.6,1515,38.8,124,0,0,0,0,0,0
642,L47821,L,24.75,36.35,297.9,309.5,1390,47.9,127,0,0,0,0,0,0
643,M15502,M,24.65,36.25,297.8,309.4,1226,58.7,129,0,0,0,0,0,0
644,M15503,M,24.65,36.25,297.8,309.4,1495,36.5,132,0,0,0,0,0,0
645,H30058,H,24.55,36.25,297.7,309.4,1608,30.2,135,0,0,0,0,0,0
646,L47825,L,24.55,36.25,297.7,309.4,1392,44.1,140,0,0,0,0,0,0
647,M15506,M,24.55,36.25,297.7,309.4,1461,43.7,142,0,0,0,0,0,0
648,L47827,L,24.55,36.15,297.7,309.3,1559,36.9,145,0,0,0,0,0,0
649,H30062,H,24.55,36.15,297.7,309.3,1400,48.9,147,0,0,0,0,0,0
650,M15509,M,24.55,36.05,297.7,309.2,1732,28.8,152,0,0,0,0,0,0
651,L47830,L,24.45,36.05,297.6,309.2,1611,33.1,155,0,0,0,0,0,0
652,L47831,L,24.45,35.95,297.6,309.1,1503,38.9,157,0,0,0,0,0,0
653,L47832,L,24.55,36.05,297.7,309.2,1391,44.5,159,0,0,0,0,0,0
654,L47833,L,24.65,36.15,297.8,309.3,2015,20.1,161,0,0,0,0,0,0
655,L47834,L,24.65,36.05,297.8,309.2,1683,30.9,163,0,0,0,0,0,0
656,L47835,L,24.55,35.95,297.7,309.1,1435,38.8,165,0,0,0,0,0,0
657,M15516,M,24.55,35.95,297.7,309.1,1732,28.1,167,0,0,0,0,0,0
658,L47837,L,24.55,36.05,297.7,309.2,1365,58.6,170,0,0,0,0,0,0
659,L47838,L,24.55,35.95,297.7,309.1,1562,36.8,172,0,0,0,0,0,0
660,L47839,L,24.45,35.95,297.6,309.1,1449,49.1,174,0,0,0,0,0,0
661,M15520,M,24.55,36.05,297.7,309.2,1700,27.4,176,0,0,0,0,0,0
662,M15521,M,24.45,35.85,297.6,309.0,1427,45.6,179,0,0,0,0,0,0
663,M15522,M,24.45,35.75,297.6,308.9,1479,38.1,182,0,0,0,0,0,0
664,L47843,L,24.35,35.75,297.5,308.9,1469,44.0,185,0,0,0,0,0,0
665,L47844,L,24.35,35.75,297.5,308.9,1390,47.4,187,0,0,0,0,0,0
666,L47845,L,24.35,35.75,297.5,308.9,1729,28.1,189,0,0,0,0,0,0
667,L47846,L,24.35,35.85,297.5,309.0,1470,43.5,191,0,0,0,0,0,0
668,L47847,L,24.35,35.75,297.5,308.9,1459,48.5,193,0,0,0,0,0,0
669,L47848,L,24.35,35.75,297.5,308.9,1738,24.0,195,0,0,0,0,0,0
670,H30083,H,24.35,35.75,297.5,308.9,1471,37.7,197,0,0,0,0,0,0
671,L47850,L,24.45,35.85,297.6,309.0,1822,25.4,202,0,0,0,0,0,0
672,L47851,L,24.35,35.75,297.5,308.9,1554,34.8,204,0,0,0,0,0,0
673,M15532,M,24.45,35.75,297.6,308.9,1433,43.2,206,0,0,0,0,0,0
674,L47853,L,24.45,35.75,297.6,308.9,1449,47.7,209,0,0,0,0,0,0
675,L47854,L,24.65,35.85,297.8,309.0,1456,41.2,0,0,0,0,0,0,0
676,M15535,M,24.65,35.95,297.8,309.1,1424,45.5,2,0,0,0,0,0,0
677,H30090,H,24.75,36.05,297.9,309.2,1577,34.7,5,0,0,0,0,0,0
678,L47857,L,24.75,36.05,297.9,309.2,1478,39.7,10,0,0,0,0,0,0
679,M15538,M,24.65,36.05,297.8,309.2,1295,61.2,12,0,0,0,0,0,0
680,L47859,L,24.65,36.05,297.8,309.2,1372,47.3,15,0,0,0,0,0,0
681,M15540,M,24.65,35.95,297.8,309.1,1432,42.6,17,0,0,0,0,0,0
682,M15541,M,24.55,35.85,297.7,309.0,1656,33.2,20,0,0,0,0,0,0
683,H30096,H,24.65,35.85,297.8,309.0,1410,48.8,23,0,0,0,0,0,0
684,L47863,L,24.55,35.85,297.7,309.0,1874,24.4,28,0,0,0,0,0,0
685,L47864,L,24.55,35.85,297.7,309.0,1538,43.2,30,0,0,0,0,0,0
686,M15545,M,24.55,35.85,297.7,309.0,1636,29.7,32,0,0,0,0,0,0
687,M15546,M,24.55,35.85,297.7,309.0,1504,40.4,35,0,0,0,0,0,0
688,M15547,M,24.55,35.85,297.7,309.0,1531,42.4,38,0,0,0,0,0,0
689,H30102,H,24.45,35.85,297.6,309.0,1735,26.4,41,0,0,0,0,0,0
690,H30103,H,24.45,35.85,297.6,309.0,1354,55.6,46,0,0,0,0,0,0
691,H30104,H,24.45,35.85,297.6,309.0,1413,40.2,51,0,0,0,0,0,0
692,L47871,L,24.55,35.95,297.7,309.1,1563,39.3,56,0,0,0,0,0,0
693,L47872,L,24.55,35.95,297.7,309.1,1479,42.1,58,0,0,0,0,0,0
694,L47873,L,24.55,35.95,297.7,309.1,1477,38.3,60,0,0,0,0,0,0
695,L47874,L,24.45,35.95,297.6,309.1,1394,50.0,62,0,0,0,0,0,0
696,L47875,L,24.45,35.85,297.6,309.0,1487,45.4,64,0,0,0,0,0,0
697,M15556,M,24.45,35.85,297.6,309.0,1815,25.3,66,0,0,0,0,0,0
698,M15557,M,24.45,35.65,297.6,308.8,1453,39.7,69,0,0,0,0,0,0
699,L47878,L,24.45,35.65,297.6,308.8,1539,40.2,72,0,0,0,0,0,0
700,H30113,H,24.35,35.55,297.5,308.7,1416,39.2,74,0,0,0,0,0,0
701,M15560,M,24.45,35.65,297.6,308.8,1683,31.6,79,0,0,0,0,0,0
702,L47881,L,24.55,35.65,297.7,308.8,1515,40.1,82,0,0,0,0,0,0
703,M15562,M,24.55,35.75,297.7,308.9,1531,48.3,84,0,0,0,0,0,0
704,H30117,H,24.55,35.75,297.7,308.9,1479,40.9,87,0,0,0,0,0,0
705,L47884,L,24.55,35.75,297.7,308.9,1516,33.7,92,0,0,0,0,0,0
706,L47885,L,24.55,35.85,297.7,309.0,1507,38.2,94,0,0,0,0,0,0
707,M15566,M,24.65,35.85,297.8,309.0,1434,43.3,96,0,0,0,0,0,0
708,L47887,L,24.55,35.75,297.7,308.9,1838,27.3,99,0,0,0,0,0,0
709,M15568,M,24.45,35.65,297.6,308.8,1416,45.9,101,0,0,0,0,0,0
710,M15569,M,24.45,35.65,297.6,308.8,1357,49.7,104,0,0,0,0,0,0
711,M15570,M,24.35,35.55,297.5,308.7,1697,28.1,107,0,0,0,0,0,0
712,L47891,L,24.35,35.55,297.5,308.7,1443,46.2,110,0,0,0,0,0,0
713,L47892,L,24.35,35.55,297.5,308.7,1453,37.6,112,0,0,0,0,0,0
714,L47893,L,24.25,35.45,297.4,308.6,1439,46.4,114,0,0,0,0,0,0
715,L47894,L,24.25,35.45,297.4,308.6,1609,36.2,116,0,0,0,0,0,0
716,L47895,L,24.25,35.45,297.4,308.6,1324,59.1,118,0,0,0,0,0,0
717,H30130,H,24.25,35.45,297.4,308.6,1420,45.8,120,0,0,0,0,0,0
718,L47897,L,24.25,35.55,297.4,308.7,1545,36.9,125,0,0,0,0,0,0
719,L47898,L,24.35,35.65,297.5,308.8,1477,39.0,127,0,0,0,0,0,0
720,L47899,L,24.25,35.65,297.4,308.8,1447,58.1,129,0,0,0,0,0,0
721,L47900,L,24.25,35.75,297.4,308.9,1809,23.8,131,0,0,0,0,0,0
722,L47901,L,24.35,35.75,297.5,308.9,1696,30.9,133,0,0,0,0,0,0
723,L47902,L,24.35,35.75,297.5,308.9,1427,44.7,135,0,0,0,0,0,0
724,M15583,M,24.25,35.75,297.4,308.9,1500,46.3,137,0,0,0,0,0,0
725,L47904,L,24.35,35.75,297.5,308.9,1390,44.6,140,0,0,0,0,0,0
726,L47905,L,24.25,35.65,297.4,308.8,1640,34.2,142,0,0,0,0,0,0
727,M15586,M,24.25,35.65,297.4,308.8,1628,37.4,144,0,0,0,0,0,0
728,H30141,H,24.15,35.45,297.3,308.6,1499,37.6,147,0,0,0,0,0,0
729,M15588,M,24.25,35.55,297.4,308.7,1425,50.3,152,0,0,0,0,0,0
730,L47909,L,24.15,35.45,297.3,308.6,1586,37.7,155,0,0,0,0,0,0
731,M15590,M,24.15,35.45,297.3,308.6,1471,50.7,157,0,0,0,0,0,0
732,M15591,M,24.15,35.45,297.3,308.6,1431,53.0,160,0,0,0,0,0,0
733,L47912,L,24.05,35.45,297.2,308.6,1924,22.1,163,0,0,0,0,0,0
734,M15593,M,23.95,35.25,297.1,308.4,1421,42.0,165,0,0,0,0,0,0
735,H30148,H,23.85,35.25,297.0,308.4,1305,54.6,168,0,0,0,0,0,0
736,L47915,L,23.75,35.25,296.9,308.4,1557,32.4,173,0,0,0,0,0,0
737,L47916,L,23.75,35.15,296.9,308.3,1555,38.2,175,0,0,0,0,0,0
738,H30151,H,23.75,35.15,296.9,308.3,1474,39.2,177,0,0,0,0,0,0
739,L47918,L,23.65,35.15,296.8,308.3,1506,45.9,182,0,0,0,0,0,0
740,L47919,L,23.75,35.25,296.9,308.4,1390,41.8,184,0,0,0,0,0,0
741,M15600,M,23.75,35.25,296.9,308.4,1450,46.9,186,0,0,0,0,0,0
742,L47921,L,23.75,35.15,296.9,308.3,1513,38.8,189,0,0,0,0,0,0
743,L47922,L,23.65,35.05,296.8,308.2,1643,34.7,191,0,0,0,0,0,0
744,L47923,L,23.65,35.05,296.8,308.2,1361,53.8,193,0,0,0,0,0,0
745,L47924,L,23.55,34.95,296.7,308.1,1450,40.9,195,0,0,0,0,0,0
746,L47925,L,23.55,34.85,296.7,308.0,1451,50.7,197,0,0,0,0,0,0
747,L47926,L,23.65,34.95,296.8,308.1,1289,62.0,199,1,0,0,0,1,0
748,L47927,L,23.65,34.95,296.8,308.1,1356,48.3,201,0,0,0,0,0,0
749,H30162,H,23.55,34.95,296.7,308.1,1528,46.3,203,0,0,0,0,0,0
750,L47929,L,23.45,34.85,296.6,308.0,1978,22.3,208,0,0,0,0,0,0
751,L47930,L,23.55,34.85,296.7,308.0,1535,36.8,210,0,0,0,0,0,0
752,M15611,M,23.65,34.95,296.8,308.1,1843,24.2,212,0,0,0,0,0,0
753,L47932,L,23.75,34.95,296.9,308.1,1422,48.7,215,0,0,0,0,0,0
754,L47933,L,23.65,34.85,296.8,308.0,1536,40.4,217,0,0,0,0,0,0
755,M15614,M,23.75,34.95,296.9,308.1,1483,44.3,219,0,0,0,0,0,0
756,H30169,H,23.65,34.95,296.8,308.1,1492,43.7,222,0,0,0,0,0,0
757,L47936,L,23.65,34.85,296.8,308.0,1584,40.4,227,0,0,0,0,0,0
758,L47937,L,23.75,34.95,296.9,308.1,1555,33.7,229,0,0,0,0,0,0
759,L47938,L,23.65,34.85,296.8,308.0,1497,41.7,231,0,0,0,0,0,0
760,M15619,M,23.55,34.65,296.7,307.8,1537,36.3,233,0,0,0,0,0,0
761,L47940,L,23.55,34.65,296.7,307.8,1505,39.4,236,0,0,0,0,0,0
762,L47941,L,23.55,34.65,296.7,307.8,1646,34.6,238,0,0,0,0,0,0
763,M15622,M,23.55,34.65,296.7,307.8,1286,60.5,0,0,0,0,0,0,0
764,L47943,L,23.55,34.65,296.7,307.8,1400,47.5,3,0,0,0,0,0,0
765,L47944,L,23.65,34.75,296.8,307.9,1337,56.5,5,0,0,0,0,0,0
766,L47945,L,23.75,34.85,296.9,308.0,1332,53.9,7,0,0,0,0,0,0
767,L47946,L,23.65,34.85,296.8,308.0,1561,38.3,9,0,0,0,0,0,0
768,L47947,L,23.75,34.85,296.9,308.0,1546,31.1,11,0,0,0,0,0,0
769,L47948,L,23.75,34.85,296.9,308.0,1713,29.3,13,0,0,0,0,0,0
770,L47949,L,23.75,34.85,296.9,308.0,1343,44.5,15,0,0,0,0,0,0
771,L47950,L,23.65,34.85,296.8,308.0,1391,54.4,17,0,0,0,0,0,0
772,H30185,H,23.65,34.85,296.8,308.0,1311,58.6,19,0,0,0,0,0,0
773,H30186,H,23.65,34.85,296.8,308.0,1453,51.0,24,0,0,0,0,0,0
774,L47953,L,23.65,34.85,296.8,308.0,1510,39.4,29,0,0,0,0,0,0
775,L47954,L,23.65,34.75,296.8,307.9,1448,48.8,31,0,0,0,0,0,0
776,L47955,L,23.55,34.65,296.7,307.8,1453,46.0,33,0,0,0,0,0,0
777,L47956,L,23.55,34.65,296.7,307.8,1468,39.2,35,0,0,0,0,0,0
778,L47957,L,23.55,34.65,296.7,307.8,1382,47.5,37,0,0,0,0,0,0
779,L47958,L,23.55,34.85,296.7,308.0,1580,32.2,39,0,0,0,0,0,0
780,L47959,L,23.65,34.85,296.8,308.0,1666,29.8,41,0,0,0,0,0,0
781,M15640,M,23.75,34.85,296.9,308.0,1409,50.7,43,0,0,0,0,0,0
782,L47961,L,23.65,34.85,296.8,308.0,1675,29.7,46,0,0,0,0,0,0
783,L47962,L,23.65,34.75,296.8,307.9,1698,30.8,48,0,0,0,0,0,0
784,H30197,H,23.55,34.75,296.7,307.9,1579,33.4,50,0,0,0,0,0,0
785,L47964,L,23.55,34.75,296.7,307.9,1743,27.9,55,0,0,0,0,0,0
786,M15645,M,23.75,34.85,296.9,308.0,1497,44.8,57,0,0,0,0,0,0
787,L47966,L,23.75,34.95,296.9,308.1,1741,28.8,60,0,0,0,0,0,0
788,L47967,L,23.75,34.95,296.9,308.1,1435,45.3,62,0,0,0,0,0,0
789,M15648,M,23.75,34.95,296.9,308.1,1440,46.3,64,0,0,0,0,0,0
790,M15649,M,23.75,34.85,296.9,308.0,1641,33.3,67,0,0,0,0,0,0
791,L47970,L,23.65,34.75,296.8,307.9,1420,45.4,70,0,0,0,0,0,0
792,L47971,L,23.65,34.75,296.8,307.9,1611,35.4,72,0,0,0,0,0,0
793,L47972,L,23.65,34.65,296.8,307.8,1373,42.9,74,0,0,0,0,0,0
794,M15653,M,23.65,34.75,296.8,307.9,1683,31.8,76,0,0,0,0,0,0
795,H30208,H,23.75,34.75,296.9,307.9,1547,32.6,79,0,0,0,0,0,0
796,L47975,L,23.75,34.65,296.9,307.8,1605,37.0,84,0,0,0,0,0,0
797,M15656,M,23.75,34.75,296.9,307.9,2010,18.9,86,0,0,0,0,0,0
798,L47977,L,23.65,34.55,296.8,307.7,1565,40.1,89,0,0,0,0,0,0
799,M15658,M,23.75,34.65,296.9,307.8,1828,24.6,91,0,0,0,0,0,0
800,M15659,M,23.85,34.65,297.0,307.8,1579,34.1,94,0,0,0,0,0,0
801,M15660,M,23.85,34.75,297.0,307.9,1882,24.2,97,0,0,0,0,0,0
802,L47981,L,23.75,34.65,296.9,307.8,1285,52.1,100,0,0,0,0,0,0
803,L47982,L,23.75,34.65,296.9,307.8,1571,35.0,102,0,0,0,0,0,0
804,H30217,H,23.75,34.65,296.9,307.8,1549,37.8,104,0,0,0,0,0,0
805,M15664,M,23.75,34.65,296.9,307.8,1544,37.6,109,0,0,0,0,0,0
806,M15665,M,23.85,34.75,297.0,307.9,1412,47.4,112,0,0,0,0,0,0
807,M15666,M,23.85,34.75,297.0,307.9,1422,53.0,115,0,0,0,0,0,0
808,L47987,L,23.85,34.55,297.0,307.7,1867,22.8,118,0,0,0,0,0,0
809,L47988,L,23.75,34.55,296.9,307.7,1424,43.3,120,0,0,0,0,0,0
810,L47989,L,23.75,34.45,296.9,307.6,1452,45.7,122,0,0,0,0,0,0
811,L47990,L,23.75,34.55,296.9,307.7,1550,39.7,124,0,0,0,0,0,0
812,L47991,L,23.65,34.45,296.8,307.6,1588,37.6,126,0,0,0,0,0,0
813,L47992,L,23.65,34.45,296.8,307.6,1338,44.4,128,0,0,0,0,0,0
814,L47993,L,23.65,34.45,296.8,307.6,1513,40.0,130,0,0,0,0,0,0
815,M15674,M,23.65,34.35,296.8,307.5,1470,45.9,132,0,0,0,0,0,0
816,M15675,M,23.65,34.35,296.8,307.5,1516,36.7,135,0,0,0,0,0,0
817,L47996,L,23.65,34.45,296.8,307.6,1434,48.3,138,0,0,0,0,0,0
818,L47997,L,23.65,34.45,296.8,307.6,1368,52.0,140,0,0,0,0,0,0
819,L47998,L,23.65,34.45,296.8,307.6,1304,48.7,142,0,0,0,0,0,0
820,L47999,L,23.65,34.45,296.8,307.6,1398,46.7,144,0,0,0,0,0,0
821,L48000,L,23.55,34.45,296.7,307.6,1516,37.4,146,0,0,0,0,0,0
822,L48001,L,23.55,34.45,296.7,307.6,1474,41.7,148,0,0,0,0,0,0
823,M15682,M,23.55,34.45,296.7,307.6,1547,34.7,150,0,0,0,0,0,0
824,M15683,M,23.45,34.35,296.6,307.5,1482,39.9,153,0,0,0,0,0,0
825,L48004,L,23.45,34.25,296.6,307.4,1436,42.8,156,0,0,0,0,0,0
826,L48005,L,23.45,34.15,296.6,307.3,1474,40.0,158,0,0,0,0,0,0
827,L48006,L,23.35,34.05,296.5,307.2,1481,38.2,160,0,0,0,0,0,0
828,L48007,L,23.35,34.15,296.5,307.3,1501,42.1,162,0,0,0,0,0,0
829,L48008,L,23.35,34.15,296.5,307.3,1566,37.2,164,0,0,0,0,0,0
830,L48009,L,23.35,34.15,296.5,307.3,1579,34.5,166,0,0,0,0,0,0
831,L48010,L,23.45,34.25,296.6,307.4,1631,35.0,168,0,0,0,0,0,0
832,M15691,M,23.45,34.25,296.6,307.4,1544,42.3,170,0,0,0,0,0,0
833,L48012,L,23.45,34.25,296.6,307.4,1521,38.6,173,0,0,0,0,0,0
834,L48013,L,23.45,34.25,296.6,307.4,1616,28.0,175,0,0,0,0,0,0
835,H30248,H,23.45,34.25,296.6,307.4,1333,50.2,177,0,0,0,0,0,0
836,M15695,M,23.55,34.25,296.7,307.4,1533,32.5,182,0,0,0,0,0,0
837,L48016,L,23.45,34.25,296.6,307.4,1368,45.1,185,0,0,0,0,0,0
838,L48017,L,23.45,34.25,296.6,307.4,1465,47.8,187,0,0,0,0,0,0
839,H30252,H,23.45,34.25,296.6,307.4,1406,41.5,189,0,0,0,0,0,0
840,M15699,M,23.35,34.25,296.5,307.4,1565,43.5,194,0,0,0,0,0,0
841,L48020,L,23.45,34.35,296.6,307.5,1582,37.9,197,0,0,0,0,0,0
842,L48021,L,23.45,34.35,296.6,307.5,1439,45.5,199,0,0,0,0,0,0
843,M15702,M,23.45,34.35,296.6,307.5,1566,35.0,201,0,0,0,0,0,0
844,L48023,L,23.45,34.35,296.6,307.5,1485,42.7,204,0,0,0,0,0,0
845,L48024,L,23.35,34.35,296.5,307.5,1566,35.1,206,0,0,0,0,0,0
846,L48025,L,23.15,34.15,296.3,307.3,1439,41.5,208,0,0,0,0,0,0
847,M15706,M,23.25,34.25,296.4,307.4,1416,50.0,210,0,0,0,0,0,0
848,L48027,L,23.25,34.25,296.4,307.4,2833,5.6,213,1,0,0,1,0,0
849,L48028,L,23.15,34.25,296.3,307.4,1465,47.1,215,0,0,0,0,0,0
850,H30263,H,23.25,34.25,296.4,307.4,1586,35.5,0,0,0,0,0,0,0
851,L48030,L,23.15,34.15,296.3,307.3,1567,31.4,5,0,0,0,0,0,0
852,M15711,M,23.05,34.05,296.2,307.2,1389,48.6,7,0,0,0,0,0,0
853,M15712,M,23.15,34.15,296.3,307.3,1368,49.5,10,0,0,0,0,0,0
854,L48033,L,23.15,34.15,296.3,307.3,1444,49.0,13,0,0,0,0,0,0
855,M15714,M,23.15,34.15,296.3,307.3,1498,41.6,15,0,0,0,0,0,0
856,L48035,L,22.95,34.05,296.1,307.2,1615,30.8,18,0,0,0,0,0,0
857,L48036,L,22.95,33.95,296.1,307.1,1898,22.7,20,0,0,0,0,0,0
858,M15717,M,22.95,33.95,296.1,307.1,1350,53.3,22,0,0,0,0,0,0
859,M15718,M,23.05,33.85,296.2,307.0,1516,37.6,25,0,0,0,0,0,0
860,H30273,H,23.05,33.85,296.2,307.0,1542,40.6,28,0,0,0,0,0,0
861,H30274,H,22.95,33.75,296.1,306.9,1541,32.6,33,0,0,0,0,0,0
862,M15721,M,22.95,33.75,296.1,306.9,1951,23.3,38,0,0,0,0,0,0
863,H30276,H,22.95,33.65,296.1,306.8,1645,31.0,41,0,0,0,0,0,0
864,L48043,L,22.85,33.55,296.0,306.7,1416,44.2,46,0,0,0,0,0,0
865,M15724,M,22.85,33.55,296.0,306.7,2044,22.3,48,0,0,0,0,0,0
866,L48045,L,22.75,33.45,295.9,306.6,1414,50.2,51,0,0,0,0,0,0
867,L48046,L,22.75,33.45,295.9,306.6,1678,26.7,53,0,0,0,0,0,0
868,H30281,H,22.75,33.35,295.9,306.5,1594,33.2,55,0,0,0,0,0,0
869,M15728,M,22.65,33.35,295.8,306.5,1514,37.7,60,0,0,0,0,0,0
870,L48049,L,22.65,33.35,295.8,306.5,1358,49.2,63,0,0,0,0,0,0
871,L48050,L,22.65,33.25,295.8,306.4,1325,56.2,65,0,0,0,0,0,0
872,L48051,L,22.65,33.25,295.8,306.4,1339,53.2,67,0,0,0,0,0,0
873,M15732,M,22.65,33.25,295.8,306.4,1335,51.7,69,0,0,0,0,0,0
874,L48053,L,22.75,33.25,295.9,306.4,1892,21.7,72,0,0,0,0,0,0
875,L48054,L,22.75,33.25,295.9,306.4,1575,28.5,74,0,0,0,0,0,0
876,M15735,M,22.65,33.15,295.8,306.3,1444,45.5,76,0,0,0,0,0,0
877,L48056,L,22.55,33.15,295.7,306.3,1915,22.4,79,0,0,0,0,0,0
878,M15737,M,22.45,33.05,295.6,306.2,1584,33.6,81,0,0,0,0,0,0
879,M15738,M,22.55,33.15,295.7,306.3,1685,34.9,84,0,0,0,0,0,0
880,L48059,L,22.65,33.15,295.8,306.3,1337,54.6,87,0,0,0,0,0,0
881,M15740,M,22.65,33.15,295.8,306.3,1235,76.2,89,1,0,0,1,0,0
882,L48061,L,22.55,33.05,295.7,306.2,1464,46.2,92,0,0,0,0,0,0
883,M15742,M,22.55,33.05,295.7,306.2,1739,25.9,94,0,0,0,0,0,0
884,L48063,L,22.55,33.15,295.7,306.3,1490,34.3,97,0,0,0,0,0,0
885,L48064,L,22.65,33.25,295.8,306.4,1356,48.0,99,0,0,0,0,0,0
886,L48065,L,22.55,33.05,295.7,306.2,1397,52.0,101,0,0,0,0,0,0
887,L48066,L,22.55,33.05,295.7,306.2,1458,40.6,103,0,0,0,0,0,0
888,H30301,H,22.55,33.05,295.7,306.2,2161,16.5,105,0,0,0,0,0,0
889,M15748,M,22.45,32.95,295.6,306.1,1651,28.1,110,0,0,0,0,0,0
890,L48069,L,22.45,32.95,295.6,306.1,1389,46.2,113,0,0,0,0,0,0
891,L48070,L,22.45,32.85,295.6,306.0,1370,52.4,115,0,0,0,0,0,0
892,L48071,L,22.55,32.95,295.7,306.1,1408,47.9,117,0,0,0,0,0,0
893,L48072,L,22.55,32.95,295.7,306.1,1343,54.4,119,0,0,0,0,0,0
894,M15753,M,22.55,33.05,295.7,306.2,1423,42.5,121,0,0,0,0,0,0
895,L48074,L,22.45,33.05,295.6,306.2,1426,48.6,124,0,0,0,0,0,0
896,M15755,M,22.45,33.05,295.6,306.2,1435,51.6,126,0,0,0,0,0,0
897,L48076,L,22.35,32.95,295.5,306.1,1573,35.1,129,0,0,0,0,0,0
898,L48077,L,22.45,33.05,295.6,306.2,1612,31.2,131,0,0,0,0,0,0
899,L48078,L,22.45,33.05,295.6,306.2,1446,49.9,133,0,0,0,0,0,0
900,H30313,H,22.45,33.05,295.6,306.2,1329,55.3,135,0,0,0,0,0,0
901,L48080,L,22.45,33.05,295.6,306.2,1569,35.1,140,0,0,0,0,0,0
902,H30315,H,22.45,32.95,295.6,306.1,1256,62.3,142,0,0,0,0,0,0
903,L48082,L,22.45,32.95,295.6,306.1,1383,48.7,147,0,0,0,0,0,0
904,L48083,L,22.55,33.05,295.7,306.2,2270,14.6,149,1,0,0,1,0,0
905,H30318,H,22.55,33.05,295.7,306.2,1458,49.8,151,0,0,0,0,0,0
906,L48085,L,22.45,32.95,295.6,306.1,1474,41.2,156,0,0,0,0,0,0
907,M15766,M,22.45,32.95,295.6,306.1,1462,49.2,158,0,0,0,0,0,0
908,M15767,M,22.45,32.95,295.6,306.1,1669,29.0,161,0,0,0,0,0,0
909,M15768,M,22.35,32.95,295.5,306.1,1822,24.3,164,0,0,0,0,0,0
910,L48089,L,22.35,32.85,295.5,306.0,1456,39.2,167,0,0,0,0,0,0
911,L48090,L,22.35,32.85,295.5,306.0,1546,35.9,169,0,0,0,0,0,0
912,M15771,M,22.45,32.95,295.6,306.1,1490,42.7,171,0,0,0,0,0,0
913,L48092,L,22.45,32.85,295.6,306.0,1569,40.4,174,0,0,0,0,0,0
914,L48093,L,22.35,32.85,295.5,306.0,1621,29.5,176,0,0,0,0,0,0
915,M15774,M,22.25,32.75,295.4,305.9,1518,40.6,178,0,0,0,0,0,0
916,M15775,M,22.25,32.65,295.4,305.8,1526,38.2,181,0,0,0,0,0,0
917,M15776,M,22.15,32.65,295.3,305.8,1589,36.2,184,0,0,0,0,0,0
918,L48097,L,22.15,32.55,295.3,305.7,1475,51.0,187,0,0,0,0,0,0
919,M15778,M,22.15,32.55,295.3,305.7,1473,38.5,189,0,0,0,0,0,0
920,L48099,L,22.25,32.65,295.4,305.8,1407,50.7,192,0,0,0,0,0,0
921,M15780,M,22.35,32.75,295.5,305.9,1518,44.1,194,0,0,0,0,0,0
922,H30335,H,22.35,32.75,295.5,305.9,1593,37.2,197,0,0,0,0,0,0
923,M15782,M,22.35,32.75,295.5,305.9,1380,52.4,202,0,0,0,0,0,0
924,M15783,M,22.35,32.85,295.5,306.0,1423,45.3,205,0,0,0,0,0,0
925,L48104,L,22.35,32.85,295.5,306.0,1800,27.6,208,0,0,0,0,0,0
926,H30339,H,22.45,32.95,295.6,306.1,1623,30.9,210,0,0,0,0,0,0
927,L48106,L,22.45,32.95,295.6,306.1,1372,55.6,215,1,0,0,0,1,0
928,H30341,H,22.45,32.85,295.6,306.0,1396,52.4,0,0,0,0,0,0,0
929,L48108,L,22.45,32.85,295.6,306.0,1949,21.9,5,0,0,0,0,0,0
930,L48109,L,22.45,32.85,295.6,306.0,1419,51.1,7,0,0,0,0,0,0
931,M15790,M,22.35,32.75,295.5,305.9,1453,47.3,9,0,0,0,0,0,0
932,L48111,L,22.35,32.75,295.5,305.9,1542,36.2,12,0,0,0,0,0,0
933,L48112,L,22.45,32.85,295.6,306.0,1363,50.0,14,0,0,0,0,0,0
934,L48113,L,22.35,32.85,295.5,306.0,1597,37.2,16,0,0,0,0,0,0
935,M15794,M,22.35,32.85,295.5,306.0,1326,50.8,18,0,0,0,0,0,0
936,M15795,M,22.35,32.85,295.5,306.0,1641,36.6,21,0,0,0,0,0,0
937,M15796,M,22.45,32.95,295.6,306.1,1418,46.2,24,0,0,0,0,0,0
938,L48117,L,22.45,33.05,295.6,306.2,1263,61.8,27,0,0,0,0,0,0
939,L48118,L,22.45,33.05,295.6,306.2,1823,25.8,29,0,0,0,0,0,0
940,L48119,L,22.35,32.95,295.5,306.1,1488,40.7,31,0,0,0,0,0,0
941,L48120,L,22.45,33.05,295.6,306.2,1443,48.9,33,0,0,0,0,0,0
942,L48121,L,22.45,33.05,295.6,306.2,1650,28.2,35,0,0,0,0,0,0
943,M15802,M,22.55,33.15,295.7,306.3,1462,44.3,37,0,0,0,0,0,0
944,M15803,M,22.45,33.05,295.6,306.2,1477,45.0,40,0,0,0,0,0,0
945,M15804,M,22.55,33.15,295.7,306.3,1712,28.5,43,0,0,0,0,0,0
946,M15805,M,22.55,33.15,295.7,306.3,1347,50.4,46,0,0,0,0,0,0
947,L48126,L,22.45,33.05,295.6,306.2,1287,54.8,49,0,0,0,0,0,0
948,L48127,L,22.45,33.05,295.6,306.2,1428,44.5,51,0,0,0,0,0,0
949,M15808,M,22.45,33.15,295.6,306.3,1426,45.5,53,0,0,0,0,0,0
950,L48129,L,22.45,33.15,295.6,306.3,1636,32.7,56,0,0,0,0,0,0
951,L48130,L,22.45,33.05,295.6,306.2,1424,42.5,58,0,0,0,0,0,0
952,H30365,H,22.45,33.15,295.6,306.3,1509,35.8,60,0,0,0,0,0,0
953,L48132,L,22.35,33.05,295.5,306.2,1448,48.9,65,0,0,0,0,0,0
954,L48133,L,22.35,32.95,295.5,306.1,1650,32.8,67,0,0,0,0,0,0
955,H30368,H,22.45,33.05,295.6,306.2,1414,42.5,69,0,0,0,0,0,0
956,L48135,L,22.45,33.15,295.6,306.3,1911,20.9,74,0,0,0,0,0,0
957,H30370,H,22.45,33.05,295.6,306.2,1632,32.2,76,0,0,0,0,0,0
958,M15817,M,22.55,33.25,295.7,306.4,1387,40.1,81,0,0,0,0,0,0
959,L48138,L,22.65,33.25,295.8,306.4,1399,47.6,84,0,0,0,0,0,0
960,L48139,L,22.65,33.35,295.8,306.5,1505,35.2,86,0,0,0,0,0,0
961,L48140,L,22.65,33.35,295.8,306.5,1534,37.9,88,0,0,0,0,0,0
962,L48141,L,22.65,33.35,295.8,306.5,1493,40.5,90,0,0,0,0,0,0
963,M15822,M,22.65,33.45,295.8,306.6,1480,43.2,92,0,0,0,0,0,0
964,L48143,L,22.65,33.45,295.8,306.6,1621,31.6,95,0,0,0,0,0,0
965,L48144,L,22.55,33.35,295.7,306.5,1737,26.2,97,0,0,0,0,0,0
966,L48145,L,22.65,33.45,295.8,306.6,1508,46.5,99,0,0,0,0,0,0
967,M15826,M,22.65,33.35,295.8,306.5,1641,32.2,101,0,0,0,0,0,0
968,M15827,M,22.75,33.45,295.9,306.6,1532,38.6,104,0,0,0,0,0,0
969,L48148,L,22.75,33.55,295.9,306.7,1547,40.9,107,0,0,0,0,0,0
970,L48149,L,22.75,33.45,295.9,306.6,1412,41.0,109,0,0,0,0,0,0
971,L48150,L,22.65,33.35,295.8,306.5,1568,35.1,111,0,0,0,0,0,0
972,L48151,L,22.75,33.45,295.9,306.6,1557,41.1,113,0,0,0,0,0,0
973,L48152,L,22.65,33.45,295.8,306.6,1644,35.2,115,0,0,0,0,0,0
974,L48153,L,22.75,33.45,295.9,306.6,1679,30.4,117,0,0,0,0,0,0
975,L48154,L,22.85,33.45,296.0,306.6,1511,35.2,119,0,0,0,0,0,0
976,M15835,M,22.85,33.45,296.0,306.6,1628,36.8,121,0,0,0,0,0,0
977,M15836,M,22.85,33.45,296.0,306.6,1392,51.3,124,0,0,0,0,0,0
978,L48157,L,22.85,33.55,296.0,306.7,1917,21.0,127,0,0,0,0,0,0
979,M15838,M,23.05,33.65,296.2,306.8,1526,42.3,129,0,0,0,0,0,0
980,L48159,L,23.05,33.65,296.2,306.8,1389,53.3,132,0,0,0,0,0,0
981,L48160,L,22.95,33.55,296.1,306.7,1409,42.8,134,0,0,0,0,0,0
982,L48161,L,23.05,33.65,296.2,306.8,1655,31.1,136,0,0,0,0,0,0
983,L48162,L,23.05,33.75,296.2,306.9,1516,39.1,138,0,0,0,0,0,0
984,L48163,L,23.05,33.75,296.2,306.9,1526,34.9,140,0,0,0,0,0,0
985,L48164,L,23.15,33.95,296.3,307.1,1419,48.6,142,0,0,0,0,0,0
986,L48165,L,23.25,34.05,296.4,307.2,1748,25.3,144,0,0,0,0,0,0
987,H30400,H,23.25,33.95,296.4,307.1,1638,32.5,146,0,0,0,0,0,0
988,M15847,M,23.15,33.95,296.3,307.1,1534,33.8,151,0,0,0,0,0,0
989,H30402,H,23.15,33.95,296.3,307.1,1774,25.9,154,0,0,0,0,0,0
990,M15849,M,23.05,33.85,296.2,307.0,2119,18.3,159,0,0,0,0,0,0
991,L48170,L,23.05,33.85,296.2,307.0,1414,48.3,162,0,0,0,0,0,0
992,M15851,M,22.95,33.85,296.1,307.0,1523,42.0,164,0,0,0,0,0,0
993,L48172,L,22.95,33.95,296.1,307.1,1651,35.7,167,0,0,0,0,0,0
994,M15853,M,22.95,33.95,296.1,307.1,1485,36.0,169,0,0,0,0,0,0
995,M15854,M,23.05,34.05,296.2,307.2,1168,63.4,172,0,0,0,0,0,0
996,L48175,L,23.15,34.15,296.3,307.3,1566,35.8,175,0,0,0,0,0,0
997,M15856,M,23.15,34.05,296.3,307.2,1286,51.1,177,0,0,0,0,0,0
998,M15857,M,23.15,34.05,296.3,307.2,1446,45.9,180,0,0,0,0,0,0
999,M15858,M,23.25,34.05,296.4,307.2,2071,19.4,183,0,0,0,0,0,0
1000,L48179,L,23.15,33.95,296.3,307.1,1560,33.2,186,0,0,0,0,0,0
1001,L48180,L,23.15,33.95,296.3,307.1,1654,29.6,188,0,0,0,0,0,0
1002,L48181,L,23.15,33.95,296.3,307.1,1662,32.9,190,0,0,0,0,0,0
1003,L48182,L,23.15,34.05,296.3,307.2,1646,35.0,192,0,0,0,0,0,0
1004,L48183,L,23.05,33.95,296.2,307.1,1444,46.7,194,0,0,0,0,0,0
1005,H30418,H,23.15,34.05,296.3,307.2,1424,42.0,196,0,0,0,0,0,0
1006,L48185,L,23.05,34.05,296.2,307.2,1382,52.0,201,0,0,0,0,0,0
1007,L48186,L,23.05,33.95,296.2,307.1,1413,53.4,203,0,0,0,0,0,0
1008,M15867,M,23.05,34.05,296.2,307.2,1633,31.1,0,0,0,0,0,0,0
1009,L48188,L,23.05,33.95,296.2,307.1,1441,41.7,3,0,0,0,0,0,0
1010,M15869,M,23.05,34.05,296.2,307.2,1385,44.0,5,0,0,0,0,0,0
1011,M15870,M,23.05,34.05,296.2,307.2,1552,34.8,8,0,0,0,0,0,0
1012,M15871,M,23.05,34.15,296.2,307.3,1451,42.8,11,0,0,0,0,0,0
1013,M15872,M,22.95,33.95,296.1,307.1,1433,38.5,14,0,0,0,0,0,0
1014,M15873,M,22.95,34.05,296.1,307.2,1619,29.7,17,0,0,0,0,0,0
1015,L48194,L,23.05,34.05,296.2,307.2,1445,41.8,20,0,0,0,0,0,0
1016,L48195,L,23.05,34.05,296.2,307.2,1356,43.6,22,0,0,0,0,0,0
1017,M15876,M,23.15,34.05,296.3,307.2,1319,68.3,24,1,0,0,1,0,0
1018,L48197,L,23.15,34.05,296.3,307.2,1637,31.6,27,0,0,0,0,0,0
1019,L48198,L,23.15,34.05,296.3,307.2,1291,58.6,29,0,0,0,0,0,0
1020,L48199,L,23.15,34.15,296.3,307.3,1398,52.7,31,0,0,0,0,0,0
1021,L48200,L,23.15,34.15,296.3,307.3,1372,57.7,33,0,0,0,0,0,0
1022,M15881,M,23.15,34.05,296.3,307.2,1454,42.5,35,0,0,0,0,0,0
1023,L48202,L,23.05,34.05,296.2,307.2,1515,36.5,38,0,0,0,0,0,0
1024,L48203,L,23.05,34.15,296.2,307.3,1881,24.3,40,0,0,0,0,0,0
1025,L48204,L,23.05,34.15,296.2,307.3,1711,29.9,42,0,0,0,0,0,0
1026,L48205,L,23.05,34.15,296.2,307.3,1475,37.0,44,0,0,0,0,0,0
1027,L48206,L,23.25,34.25,296.4,307.4,1512,36.8,46,0,0,0,0,0,0
1028,M15887,M,23.15,34.25,296.3,307.4,1335,50.5,48,0,0,0,0,0,0
1029,L48208,L,23.15,34.25,296.3,307.4,1472,39.9,51,0,0,0,0,0,0
1030,M15889,M,23.05,34.15,296.2,307.3,1477,35.2,53,0,0,0,0,0,0
1031,L48210,L,23.15,34.25,296.3,307.4,1760,28.4,56,0,0,0,0,0,0
1032,L48211,L,23.25,34.35,296.4,307.5,1549,36.1,58,0,0,0,0,0,0
1033,L48212,L,23.15,34.25,296.3,307.4,1648,34.0,60,0,0,0,0,0,0
1034,H30447,H,23.25,34.35,296.4,307.5,1556,38.0,62,0,0,0,0,0,0
1035,M15894,M,23.15,34.25,296.3,307.4,1958,19.1,67,0,0,0,0,0,0
1036,L48215,L,23.25,34.25,296.4,307.4,1403,48.4,70,0,0,0,0,0,0
1037,M15896,M,23.25,34.35,296.4,307.5,1684,31.4,72,0,0,0,0,0,0
1038,H30451,H,23.25,34.35,296.4,307.5,1596,35.1,75,0,0,0,0,0,0
1039,L48218,L,23.45,34.45,296.6,307.6,1498,41.1,80,0,0,0,0,0,0
1040,L48219,L,23.55,34.55,296.7,307.7,1524,36.8,82,0,0,0,0,0,0
1041,L48220,L,23.55,34.55,296.7,307.7,1502,43.9,84,0,0,0,0,0,0
1042,L48221,L,23.45,34.45,296.6,307.6,1809,25.1,86,0,0,0,0,0,0
1043,L48222,L,23.45,34.45,296.6,307.6,1542,37.4,88,0,0,0,0,0,0
1044,L48223,L,23.35,34.45,296.5,307.6,1431,45.2,90,0,0,0,0,0,0
1045,L48224,L,23.35,34.45,296.5,307.6,1512,43.6,92,0,0,0,0,0,0
1046,H30459,H,23.25,34.35,296.4,307.5,1403,52.8,94,0,0,0,0,0,0
1047,L48226,L,23.25,34.35,296.4,307.5,1331,47.8,99,0,0,0,0,0,0
1048,M15907,M,23.45,34.55,296.6,307.7,1474,52.6,101,0,0,0,0,0,0
1049,L48228,L,23.35,34.45,296.5,307.6,1607,33.5,104,0,0,0,0,0,0
1050,L48229,L,23.35,34.45,296.5,307.6,1415,44.2,106,0,0,0,0,0,0
1051,L48230,L,23.45,34.45,296.6,307.6,1671,28.8,108,0,0,0,0,0,0
1052,L48231,L,23.45,34.55,296.6,307.7,1556,37.7,110,0,0,0,0,0,0
1053,L48232,L,23.55,34.55,296.7,307.7,1927,23.9,112,0,0,0,0,0,0
1054,M15913,M,23.55,34.55,296.7,307.7,1597,32.1,114,0,0,0,0,0,0
1055,H30468,H,23.65,34.65,296.8,307.8,1627,30.5,117,0,0,0,0,0,0
1056,L48235,L,23.65,34.65,296.8,307.8,1480,39.4,122,0,0,0,0,0,0
1057,L48236,L,23.65,34.65,296.8,307.8,1565,39.5,124,0,0,0,0,0,0
1058,L48237,L,23.65,34.65,296.8,307.8,1573,36.4,126,0,0,0,0,0,0
1059,L48238,L,23.55,34.65,296.7,307.8,1605,31.3,128,0,0,0,0,0,0
1060,M15919,M,23.55,34.75,296.7,307.9,1874,21.3,130,0,0,0,0,0,0
1061,H30474,H,23.55,34.75,296.7,307.9,1424,53.8,133,0,0,0,0,0,0
1062,L48241,L,23.55,34.75,296.7,307.9,1420,50.1,138,0,0,0,0,0,0
1063,L48242,L,23.65,34.75,296.8,307.9,1372,49.0,140,0,0,0,0,0,0
1064,M15923,M,23.65,34.65,296.8,307.8,1664,32.8,142,0,0,0,0,0,0
1065,M15924,M,23.65,34.75,296.8,307.9,1409,44.3,145,0,0,0,0,0,0
1066,L48245,L,23.65,34.75,296.8,307.9,1718,25.2,148,0,0,0,0,0,0
1067,M15926,M,23.75,34.65,296.9,307.8,1544,40.3,150,0,0,0,0,0,0
1068,L48247,L,23.75,34.65,296.9,307.8,1466,45.7,153,0,0,0,0,0,0
1069,L48248,L,23.65,34.65,296.8,307.8,1394,47.7,155,0,0,0,0,0,0
1070,M15929,M,23.75,34.65,296.9,307.8,1840,24.6,157,0,0,0,0,0,0
1071,M15930,M,23.75,34.65,296.9,307.8,1477,37.2,160,0,0,0,0,0,0
1072,L48251,L,23.75,34.65,296.9,307.8,1425,49.1,163,0,0,0,0,0,0
1073,M15932,M,23.85,34.75,297.0,307.9,1414,46.2,165,0,0,0,0,0,0
1074,L48253,L,23.85,34.65,297.0,307.8,1414,47.5,168,0,0,0,0,0,0
1075,L48254,L,23.85,34.75,297.0,307.9,1595,31.7,170,0,0,0,0,0,0
1076,H30489,H,23.75,34.65,296.9,307.8,1345,54.5,172,0,0,0,0,0,0
1077,L48256,L,23.75,34.55,296.9,307.7,1653,35.9,177,0,0,0,0,0,0
1078,L48257,L,23.65,34.45,296.8,307.6,1547,36.5,179,0,0,0,0,0,0
1079,H30492,H,23.75,34.55,296.9,307.7,1656,30.8,181,0,0,0,0,0,0
1080,L48259,L,23.85,34.55,297.0,307.7,1731,28.5,186,0,0,0,0,0,0
1081,L48260,L,23.85,34.65,297.0,307.8,1774,28.0,188,0,0,0,0,0,0
1082,L48261,L,23.85,34.65,297.0,307.8,1521,40.2,190,0,0,0,0,0,0
1083,H30496,H,23.95,34.75,297.1,307.9,1420,39.8,192,0,0,0,0,0,0
1084,L48263,L,23.85,34.65,297.0,307.8,1683,32.3,197,0,0,0,0,0,0
1085,M15944,M,23.85,34.55,297.0,307.7,1498,47.1,199,0,0,0,0,0,0
1086,L48265,L,23.85,34.65,297.0,307.8,1385,56.4,202,1,0,0,0,1,0
1087,L48266,L,23.85,34.75,297.0,307.9,1455,49.0,204,0,0,0,0,0,0
1088,H30501,H,23.75,34.65,296.9,307.8,1549,35.8,206,1,1,0,0,0,0
1089,M15948,M,23.75,34.65,296.9,307.8,1392,43.9,0,0,0,0,0,0,0
1090,M15949,M,23.75,34.55,296.9,307.7,2008,17.5,3,0,0,0,0,0,0
1091,L48270,L,23.75,34.55,296.9,307.7,1464,41.4,6,0,0,0,0,0,0
1092,L48271,L,23.85,34.55,297.0,307.7,1447,46.4,8,0,0,0,0,0,0
1093,M15952,M,23.75,34.45,296.9,307.6,1685,32.0,10,0,0,0,0,0,0
1094,M15953,M,23.65,34.35,296.8,307.5,1443,39.2,13,0,0,0,0,0,0
1095,L48274,L,23.75,34.35,296.9,307.5,1354,44.4,16,0,0,0,0,0,0
1096,L48275,L,23.75,34.35,296.9,307.5,2721,9.3,18,1,0,0,1,0,0
1097,L48276,L,23.85,34.45,297.0,307.6,1680,35.8,20,0,0,0,0,0,0
1098,H30511,H,23.75,34.35,296.9,307.5,1397,48.3,22,0,0,0,0,0,0
1099,M15958,M,23.75,34.25,296.9,307.4,1521,37.9,27,0,0,0,0,0,0
1100,M15959,M,23.65,34.25,296.8,307.4,1472,43.9,30,0,0,0,0,0,0
1101,H30514,H,23.65,34.35,296.8,307.5,1695,30.0,33,0,0,0,0,0,0
1102,H30515,H,23.55,34.35,296.7,307.5,1607,33.6,38,0,0,0,0,0,0
1103,L48282,L,23.65,34.35,296.8,307.5,1347,54.8,43,0,0,0,0,0,0
1104,M15963,M,23.55,34.25,296.7,307.4,1540,38.7,45,0,0,0,0,0,0
1105,L48284,L,23.45,34.25,296.6,307.4,1389,42.7,48,0,0,0,0,0,0
1106,M15965,M,23.45,34.35,296.6,307.5,1734,27.0,50,0,0,0,0,0,0
1107,L48286,L,23.55,34.45,296.7,307.6,1540,38.6,53,0,0,0,0,0,0
1108,M15967,M,23.55,34.35,296.7,307.5,1515,42.1,55,0,0,0,0,0,0
1109,L48288,L,23.45,34.25,296.6,307.4,1504,45.8,58,0,0,0,0,0,0
1110,L48289,L,23.45,34.35,296.6,307.5,1557,35.1,60,0,0,0,0,0,0
1111,L48290,L,23.35,34.25,296.5,307.4,1292,52.5,62,0,0,0,0,0,0
1112,H30525,H,23.35,34.25,296.5,307.4,1432,49.2,64,0,0,0,0,0,0
1113,M15972,M,23.35,34.25,296.5,307.4,1350,55.6,69,0,0,0,0,0,0
1114,M15973,M,23.45,34.25,296.6,307.4,1790,25.8,72,0,0,0,0,0,0
1115,H30528,H,23.25,34.15,296.4,307.3,1540,37.4,75,0,0,0,0,0,0
1116,M15975,M,23.25,34.15,296.4,307.3,2077,19.1,80,0,0,0,0,0,0
1117,L48296,L,23.25,34.15,296.4,307.3,1487,37.5,83,0,0,0,0,0,0
1118,L48297,L,23.35,34.25,296.5,307.4,1523,40.7,85,0,0,0,0,0,0
1119,L48298,L,23.35,34.35,296.5,307.5,1443,41.8,87,0,0,0,0,0,0
1120,L48299,L,23.35,34.35,296.5,307.5,1340,59.1,89,0,0,0,0,0,0
1121,H30534,H,23.45,34.55,296.6,307.7,1654,31.0,91,0,0,0,0,0,0
1122,L48301,L,23.45,34.45,296.6,307.6,1459,40.2,96,0,0,0,0,0,0
1123,L48302,L,23.35,34.45,296.5,307.6,1541,38.5,98,0,0,0,0,0,0
1124,H30537,H,23.45,34.55,296.6,307.7,1386,62.3,100,1,0,0,1,0,0
1125,M15984,M,23.55,34.65,296.7,307.8,1258,69.0,105,1,0,0,1,0,0
1126,M15985,M,23.55,34.65,296.7,307.8,1375,51.4,108,0,0,0,0,0,0
1127,L48306,L,23.65,34.75,296.8,307.9,1706,30.8,111,0,0,0,0,0,0
1128,M15987,M,23.55,34.65,296.7,307.8,1672,32.4,113,0,0,0,0,0,0
1129,M15988,M,23.65,34.75,296.8,307.9,1843,25.2,116,0,0,0,0,0,0
1130,L48309,L,23.55,34.75,296.7,307.9,1690,29.6,119,0,0,0,0,0,0
1131,L48310,L,23.65,34.75,296.8,307.9,1413,46.5,121,0,0,0,0,0,0
1132,L48311,L,23.65,34.75,296.8,307.9,1489,33.4,123,0,0,0,0,0,0
1133,L48312,L,23.65,34.75,296.8,307.9,1271,61.4,125,0,0,0,0,0,0
1134,M15993,M,23.65,34.75,296.8,307.9,1418,47.9,127,0,0,0,0,0,0
1135,M15994,M,23.75,34.65,296.9,307.8,1426,50.7,130,0,0,0,0,0,0
1136,L48315,L,23.75,34.75,296.9,307.9,1535,39.2,133,0,0,0,0,0,0
1137,L48316,L,23.75,34.65,296.9,307.8,1557,38.1,135,0,0,0,0,0,0
1138,L48317,L,23.75,34.65,296.9,307.8,1653,29.7,137,0,0,0,0,0,0
1139,L48318,L,23.75,34.75,296.9,307.9,1435,41.6,139,0,0,0,0,0,0
1140,M15999,M,23.85,34.75,297.0,307.9,1569,33.3,141,0,0,0,0,0,0
1141,M16000,M,23.75,34.75,296.9,307.9,1385,44.8,144,0,0,0,0,0,0
1142,L48321,L,23.85,34.75,297.0,307.9,1635,31.6,147,0,0,0,0,0,0
1143,L48322,L,23.75,34.75,296.9,307.9,1423,43.9,149,0,0,0,0,0,0
1144,L48323,L,23.85,34.75,297.0,307.9,1479,39.2,151,0,0,0,0,0,0
1145,L48324,L,23.85,34.75,297.0,307.9,1296,69.1,153,1,0,0,1,0,0
1146,L48325,L,23.85,34.65,297.0,307.8,1553,33.3,155,0,0,0,0,0,0
1147,L48326,L,23.85,34.75,297.0,307.9,1529,42.2,157,0,0,0,0,0,0
1148,M16007,M,23.95,34.85,297.1,308.0,1690,25.6,159,0,0,0,0,0,0
1149,L48328,L,23.95,34.85,297.1,308.0,1348,58.0,162,0,0,0,0,0,0
1150,L48329,L,24.05,34.95,297.2,308.1,1446,38.5,164,0,0,0,0,0,0
1151,L48330,L,23.95,34.75,297.1,307.9,1456,50.0,166,0,0,0,0,0,0
1152,L48331,L,23.85,34.75,297.0,307.9,1350,47.7,168,0,0,0,0,0,0
1153,L48332,L,23.95,34.75,297.1,307.9,1507,38.3,170,0,0,0,0,0,0
1154,H30567,H,23.85,34.75,297.0,307.9,1448,45.6,172,0,0,0,0,0,0
1155,L48334,L,23.75,34.75,296.9,307.9,1626,29.9,177,0,0,0,0,0,0
1156,H30569,H,23.85,34.75,297.0,307.9,1846,27.3,179,0,0,0,0,0,0
1157,H30570,H,23.85,34.65,297.0,307.8,1404,40.7,184,0,0,0,0,0,0
1158,L48337,L,23.85,34.65,297.0,307.8,1583,37.2,189,0,0,0,0,0,0
1159,L48338,L,23.85,34.75,297.0,307.9,1436,47.7,191,0,0,0,0,0,0
1160,L48339,L,23.85,34.65,297.0,307.8,1609,35.6,193,0,0,0,0,0,0
1161,H30574,H,23.85,34.55,297.0,307.7,1834,23.8,195,0,0,0,0,0,0
1162,L48341,L,23.85,34.65,297.0,307.8,1316,61.2,200,1,0,0,0,1,0
1163,L48342,L,23.75,34.65,296.9,307.8,1400,57.1,202,1,0,0,0,1,0
1164,L48343,L,23.75,34.75,296.9,307.9,1367,47.1,204,0,0,0,0,0,0
1165,L48344,L,23.95,34.95,297.1,308.1,1754,30.3,206,0,0,0,0,0,0
1166,L48345,L,23.95,34.95,297.1,308.1,1487,34.6,208,0,0,0,0,0,0
1167,M16026,M,23.95,34.95,297.1,308.1,1506,37.7,210,0,0,0,0,0,0
1168,L48347,L,23.85,34.95,297.0,308.1,1362,52.5,213,1,0,0,0,1,0
1169,L48348,L,23.95,34.95,297.1,308.1,1584,36.8,215,0,0,0,0,0,0
1170,L48349,L,23.85,34.95,297.0,308.1,1355,43.7,217,0,0,0,0,0,0
1171,M16030,M,23.95,34.95,297.1,308.1,1823,24.3,219,0,0,0,0,0,0
1172,H30585,H,23.85,34.95,297.0,308.1,1517,41.4,222,0,0,0,0,0,0
1173,L48352,L,23.95,34.95,297.1,308.1,1446,36.6,227,0,0,0,0,0,0
1174,H30587,H,23.95,34.85,297.1,308.0,1559,38.8,229,0,0,0,0,0,0
1175,M16034,M,23.95,34.95,297.1,308.1,1352,44.4,0,0,0,0,0,0,0
1176,M16035,M,24.05,35.15,297.2,308.3,1578,37.8,3,0,0,0,0,0,0
1177,M16036,M,24.05,35.15,297.2,308.3,1429,42.0,6,0,0,0,0,0,0
1178,M16037,M,24.05,35.15,297.2,308.3,1604,39.4,9,0,0,0,0,0,0
1179,L48358,L,24.15,35.35,297.3,308.5,1398,60.4,12,0,0,0,0,0,0
1180,L48359,L,24.15,35.25,297.3,308.4,1441,43.4,14,0,0,0,0,0,0
1181,H30594,H,24.15,35.25,297.3,308.4,1531,35.6,16,0,0,0,0,0,0
1182,L48361,L,24.05,35.15,297.2,308.3,1379,52.1,21,0,0,0,0,0,0
1183,L48362,L,24.15,35.15,297.3,308.3,1410,48.1,23,0,0,0,0,0,0
1184,L48363,L,24.15,35.25,297.3,308.4,1513,40.5,25,0,0,0,0,0,0
1185,L48364,L,24.15,35.35,297.3,308.5,1497,47.5,27,0,0,0,0,0,0
1186,L48365,L,24.15,35.25,297.3,308.4,1491,46.5,29,0,0,0,0,0,0
1187,L48366,L,24.15,35.25,297.3,308.4,1417,47.8,31,0,0,0,0,0,0
1188,M16047,M,24.25,35.45,297.4,308.6,1522,38.0,33,0,0,0,0,0,0
1189,L48368,L,24.15,35.25,297.3,308.4,1339,52.1,36,0,0,0,0,0,0
1190,M16049,M,24.05,35.15,297.2,308.3,1794,27.5,38,0,0,0,0,0,0
1191,L48370,L,24.05,35.25,297.2,308.4,1460,42.1,41,0,0,0,0,0,0
1192,M16051,M,24.05,35.15,297.2,308.3,1776,28.0,43,0,0,0,0,0,0
1193,M16052,M,24.05,35.15,297.2,308.3,1431,43.7,46,0,0,0,0,0,0
1194,L48373,L,23.95,35.05,297.1,308.2,1347,50.8,49,0,0,0,0,0,0
1195,M16054,M,23.85,34.95,297.0,308.1,1507,43.1,51,0,0,0,0,0,0
1196,M16055,M,23.85,34.85,297.0,308.0,1408,47.9,54,0,0,0,0,0,0
1197,M16056,M,23.85,34.75,297.0,307.9,1493,34.7,57,0,0,0,0,0,0
1198,M16057,M,23.75,34.75,296.9,307.9,1441,47.6,60,0,0,0,0,0,0
1199,H30612,H,23.75,34.75,296.9,307.9,1557,36.5,63,0,0,0,0,0,0
1200,M16059,M,23.75,34.75,296.9,307.9,1979,20.4,68,0,0,0,0,0,0
1201,M16060,M,23.75,34.85,296.9,308.0,1430,55.9,71,0,0,0,0,0,0
1202,L48381,L,23.75,34.85,296.9,308.0,1658,41.0,74,0,0,0,0,0,0
1203,M16062,M,23.85,34.95,297.0,308.1,1355,51.4,76,0,0,0,0,0,0
1204,H30617,H,23.85,34.95,297.0,308.1,1410,47.6,79,0,0,0,0,0,0
1205,L48384,L,23.75,34.85,296.9,308.0,1521,34.5,84,0,0,0,0,0,0
1206,L48385,L,23.65,34.85,296.8,308.0,1371,54.5,86,0,0,0,0,0,0
1207,H30620,H,23.75,34.85,296.9,308.0,1318,53.5,88,0,0,0,0,0,0
1208,M16067,M,23.85,34.95,297.0,308.1,1573,34.9,93,0,0,0,0,0,0
1209,L48388,L,23.85,34.95,297.0,308.1,1489,44.1,96,0,0,0,0,0,0
1210,H30623,H,23.85,34.95,297.0,308.1,2540,13.3,98,0,0,0,0,0,0
1211,L48390,L,23.85,34.95,297.0,308.1,1537,39.0,103,0,0,0,0,0,0
1212,H30625,H,23.75,34.85,296.9,308.0,1416,46.9,105,0,0,0,0,0,0
1213,L48392,L,23.75,34.75,296.9,307.9,1359,56.5,110,0,0,0,0,0,0
1214,M16073,M,23.65,34.65,296.8,307.8,1551,38.9,112,0,0,0,0,0,0
1215,M16074,M,23.65,34.65,296.8,307.8,1694,33.0,115,0,0,0,0,0,0
1216,L48395,L,23.65,34.75,296.8,307.9,1709,28.4,118,0,0,0,0,0,0
1217,L48396,L,23.75,34.85,296.9,308.0,1514,41.0,120,0,0,0,0,0,0
1218,L48397,L,23.85,34.95,297.0,308.1,1455,43.5,122,0,0,0,0,0,0
1219,M16078,M,23.85,35.05,297.0,308.2,1702,30.7,124,0,0,0,0,0,0
1220,M16079,M,23.75,34.95,296.9,308.1,1357,41.8,127,0,0,0,0,0,0
1221,L48400,L,23.85,35.05,297.0,308.2,1577,29.4,130,0,0,0,0,0,0
1222,M16081,M,23.85,35.15,297.0,308.3,1399,46.4,132,0,0,0,0,0,1
1223,L48402,L,23.85,35.15,297.0,308.3,1399,59.0,135,0,0,0,0,0,0
1224,L48403,L,23.85,35.15,297.0,308.3,1492,48.1,137,0,0,0,0,0,0
1225,L48404,L,23.95,35.15,297.1,308.3,1763,25.7,139,0,0,0,0,0,0
1226,H30639,H,23.95,35.15,297.1,308.3,1492,41.5,141,0,0,0,0,0,0
1227,L48406,L,23.95,35.25,297.1,308.4,1488,42.5,146,0,0,0,0,0,0
1228,L48407,L,23.95,35.25,297.1,308.4,1422,42.1,148,0,0,0,0,0,0
1229,M16088,M,23.95,35.25,297.1,308.4,1583,38.2,150,0,0,0,0,0,0
1230,L48409,L,23.95,35.25,297.1,308.4,1304,53.5,153,0,0,0,0,0,0
1231,M16090,M,23.95,35.25,297.1,308.4,1880,23.5,155,0,0,0,0,0,0
1232,M16091,M,24.05,35.35,297.2,308.5,1604,40.7,158,0,0,0,0,0,0
1233,L48412,L,24.05,35.45,297.2,308.6,1500,37.1,161,0,0,0,0,0,0
1234,M16093,M,24.05,35.35,297.2,308.5,1364,55.6,163,0,0,0,0,0,0
1235,H30648,H,24.05,35.35,297.2,308.5,2440,14.0,166,0,0,0,0,0,0
1236,H30649,H,23.95,35.25,297.1,308.4,1654,31.4,171,0,0,0,0,0,0
1237,H30650,H,23.95,35.25,297.1,308.4,1359,46.6,176,0,0,0,0,0,0
1238,M16097,M,23.95,35.25,297.1,308.4,1502,37.3,181,0,0,0,0,0,0
1239,M16098,M,23.95,35.25,297.1,308.4,1615,32.6,184,0,0,0,0,0,0
1240,H30653,H,24.05,35.35,297.2,308.5,1482,39.3,187,0,0,0,0,0,0
1241,L48420,L,24.05,35.45,297.2,308.6,1636,31.3,192,0,0,0,0,0,0
1242,M16101,M,23.95,35.35,297.1,308.5,1621,32.4,194,0,0,0,0,0,0
1243,L48422,L,23.95,35.25,297.1,308.4,1468,44.4,197,0,0,0,0,0,0
1244,M16103,M,23.95,35.25,297.1,308.4,1432,53.4,199,0,0,0,0,0,0
1245,L48424,L,23.95,35.25,297.1,308.4,1726,28.4,202,0,0,0,0,0,0
1246,M16105,M,23.95,35.25,297.1,308.4,1588,33.4,204,0,0,0,0,0,0
1247,H30660,H,24.05,35.35,297.2,308.5,1653,33.3,207,0,0,0,0,0,0
1248,L48427,L,24.05,35.35,297.2,308.5,1513,42.9,212,0,0,0,0,0,0
1249,L48428,L,24.05,35.45,297.2,308.6,1489,40.2,214,0,0,0,0,0,0
1250,L48429,L,24.15,35.55,297.3,308.7,1467,36.8,216,0,0,0,0,0,0
1251,L48430,L,24.15,35.55,297.3,308.7,1549,36.1,218,0,0,0,0,0,0
1252,M16111,M,24.25,35.65,297.4,308.8,1359,48.7,220,0,0,0,0,0,0
1253,L48432,L,24.35,35.65,297.5,308.8,1533,41.5,223,0,0,0,0,0,0
1254,L48433,L,24.35,35.65,297.5,308.8,1309,57.3,0,0,0,0,0,0,0
1255,H30668,H,24.35,35.65,297.5,308.8,1430,49.4,2,0,0,0,0,0,0
1256,H30669,H,24.35,35.75,297.5,308.9,1419,50.7,7,0,0,0,0,0,0
1257,M16116,M,24.35,35.75,297.5,308.9,1535,37.7,12,0,0,0,0,0,0
1258,L48437,L,24.35,35.75,297.5,308.9,1466,43.0,15,0,0,0,0,0,0
1259,L48438,L,24.35,35.75,297.5,308.9,1427,50.4,17,0,0,0,0,0,0
1260,M16119,M,24.35,35.75,297.5,308.9,1280,48.5,19,0,0,0,0,0,0
1261,L48440,L,24.45,35.85,297.6,309.0,1528,33.8,22,0,0,0,0,0,0
1262,H30675,H,24.45,35.85,297.6,309.0,1885,25.2,24,0,0,0,0,0,0
1263,H30676,H,24.65,36.05,297.8,309.2,1648,33.0,29,0,0,0,0,0,0
1264,L48443,L,24.65,36.05,297.8,309.2,1400,56.9,34,0,0,0,0,0,0
1265,M16124,M,24.65,36.15,297.8,309.3,2243,15.7,36,0,0,0,0,0,0
1266,L48445,L,24.75,36.25,297.9,309.4,1558,35.7,39,0,0,0,0,0,0
1267,L48446,L,24.85,36.45,298.0,309.6,1633,34.8,41,0,0,0,0,0,0
1268,M16127,M,24.95,36.45,298.1,309.6,1549,38.7,43,0,0,0,0,0,0
1269,L48448,L,24.85,36.35,298.0,309.5,1496,45.8,46,0,0,0,0,0,0
1270,L48449,L,24.95,36.35,298.1,309.5,1467,41.8,48,0,0,0,0,0,0
1271,M16130,M,24.85,36.25,298.0,309.4,1276,65.9,50,0,0,0,0,0,0
1272,H30685,H,24.85,36.25,298.0,309.4,1490,40.5,53,0,0,0,0,0,0
1273,H30686,H,24.85,36.25,298.0,309.4,1562,38.1,58,0,0,0,0,0,0
1274,L48453,L,24.95,36.25,298.1,309.4,1397,48.2,63,0,0,0,0,0,0
1275,H30688,H,24.95,36.35,298.1,309.5,1530,40.2,65,0,0,0,0,0,0
1276,M16135,M,24.95,36.25,298.1,309.4,1362,47.6,70,0,0,0,0,0,0
1277,M16136,M,25.05,36.25,298.2,309.4,1693,34.4,73,0,0,0,0,0,0
1278,M16137,M,25.05,36.25,298.2,309.4,1408,46.5,76,0,0,0,0,0,0
1279,L48458,L,25.05,36.25,298.2,309.4,1398,52.9,79,0,0,0,0,0,0
1280,M16139,M,25.15,36.45,298.3,309.6,1531,40.1,81,0,0,0,0,0,0
1281,H30694,H,25.15,36.35,298.3,309.5,1521,37.1,84,0,0,0,0,0,0
1282,H30695,H,25.15,36.35,298.3,309.5,1427,54.3,89,0,0,0,0,0,0
1283,L48462,L,25.15,36.25,298.3,309.4,1546,36.1,94,0,0,0,0,0,0
1284,L48463,L,25.15,36.25,298.3,309.4,1356,45.4,96,0,0,0,0,0,0
1285,L48464,L,25.25,36.35,298.4,309.5,2153,15.3,98,1,0,0,1,0,0
1286,M16145,M,25.35,36.45,298.5,309.6,1492,41.7,100,0,0,0,0,0,0
1287,L48466,L,25.35,36.45,298.5,309.6,1582,40.3,103,0,0,0,0,0,0
1288,L48467,L,25.35,36.45,298.5,309.6,1419,41.5,105,0,0,0,0,0,0
1289,M16148,M,25.35,36.45,298.5,309.6,1441,48.2,107,0,0,0,0,0,0
1290,M16149,M,25.45,36.55,298.6,309.7,1635,32.2,110,0,0,0,0,0,0
1291,L48470,L,25.45,36.55,298.6,309.7,1429,45.8,113,0,0,0,0,0,0
1292,M16151,M,25.45,36.55,298.6,309.7,1675,28.4,115,0,0,0,0,0,0
1293,M16152,M,25.55,36.55,298.7,309.7,1868,23.8,118,0,0,0,0,0,0
1294,H30707,H,25.55,36.65,298.7,309.8,1582,33.4,121,0,0,0,0,0,0
1295,L48474,L,25.65,36.75,298.8,309.9,1486,40.3,126,0,0,0,0,0,0
1296,L48475,L,25.55,36.65,298.7,309.8,1402,54.3,128,0,0,0,0,0,0
1297,L48476,L,25.55,36.75,298.7,309.9,1621,34.1,130,0,0,0,0,0,0
1298,L48477,L,25.65,36.75,298.8,309.9,1428,42.4,132,0,0,0,0,0,0
1299,M16158,M,25.55,36.65,298.7,309.8,1343,53.6,134,0,0,0,0,0,0
1300,M16159,M,25.55,36.75,298.7,309.9,1458,40.2,137,0,0,0,0,0,0
1301,L48480,L,25.55,36.65,298.7,309.8,1322,57.0,140,0,0,0,0,0,0
1302,L48481,L,25.55,36.75,298.7,309.9,1483,32.8,142,0,0,0,0,0,0
1303,L48482,L,25.45,36.65,298.6,309.8,1505,45.7,144,0,0,0,0,0,1
1304,L48483,L,25.55,36.75,298.7,309.9,1593,42.5,146,0,0,0,0,0,0
1305,L48484,L,25.65,36.85,298.8,310.0,2098,19.6,148,0,0,0,0,0,0
1306,L48485,L,25.65,36.85,298.8,310.0,1672,30.4,150,0,0,0,0,0,0
1307,L48486,L,25.65,36.85,298.8,310.0,1487,41.4,152,0,0,0,0,0,0
1308,L48487,L,25.65,36.85,298.8,310.0,1423,42.1,154,0,0,0,0,0,0
1309,L48488,L,25.75,36.95,298.9,310.1,1750,25.0,156,0,0,0,0,0,0
1310,L48489,L,25.75,37.05,298.9,310.2,1654,31.1,158,0,0,0,0,0,0
1311,L48490,L,25.75,37.05,298.9,310.2,1498,50.2,160,0,0,0,0,0,0
1312,L48491,L,25.75,36.95,298.9,310.1,1587,30.2,162,0,0,0,0,0,0
1313,L48492,L,25.75,36.95,298.9,310.1,1473,42.6,164,0,0,0,0,0,0
1314,L48493,L,25.75,37.05,298.9,310.2,1359,56.9,166,0,0,0,0,0,0
1315,M16174,M,25.85,37.15,299.0,310.3,1635,34.5,168,0,0,0,0,0,0
1316,L48495,L,25.85,37.15,299.0,310.3,1520,45.0,171,0,0,0,0,0,0
1317,L48496,L,25.85,37.15,299.0,310.3,1507,36.7,173,0,0,0,0,0,0
1318,L48497,L,25.85,37.15,299.0,310.3,1428,46.3,175,0,0,0,0,0,0
1319,M16178,M,25.85,37.15,299.0,310.3,1582,33.3,177,0,0,0,0,0,0
1320,L48499,L,25.85,37.15,299.0,310.3,1929,24.4,180,0,0,0,0,0,0
1321,M16180,M,25.85,37.15,299.0,310.3,1540,38.1,182,0,0,0,0,0,0
1322,L48501,L,25.75,37.05,298.9,310.2,1362,53.0,185,0,0,0,0,0,0
1323,H30736,H,25.75,36.95,298.9,310.1,1452,49.9,187,0,0,0,0,0,0
1324,L48503,L,25.75,36.95,298.9,310.1,1361,51.7,192,0,0,0,0,0,0
1325,M16184,M,25.65,36.95,298.8,310.1,1243,74.5,194,1,0,0,1,1,0
1326,H30739,H,25.65,36.95,298.8,310.1,1567,36.8,197,0,0,0,0,0,0
1327,L48506,L,25.75,37.05,298.9,310.2,1411,46.5,202,0,0,0,0,0,0
1328,L48507,L,25.65,37.05,298.8,310.2,1814,26.8,204,0,0,0,0,0,0
1329,M16188,M,25.65,36.95,298.8,310.1,1719,28.8,206,0,0,0,0,0,0
1330,H30743,H,25.65,37.05,298.8,310.2,1663,30.4,209,0,0,0,0,0,0
1331,L48510,L,25.75,37.05,298.9,310.2,1696,30.2,214,0,0,0,0,0,0
1332,H30745,H,25.75,37.05,298.9,310.2,1771,26.8,216,0,0,0,0,0,0
1333,L48512,L,25.85,37.15,299.0,310.3,1868,24.0,221,0,0,0,0,0,0
1334,M16193,M,25.85,37.15,299.0,310.3,1558,35.4,223,0,0,0,0,0,0
1335,L48514,L,25.85,37.25,299.0,310.4,1365,49.1,226,1,0,0,0,1,0
1336,L48515,L,25.85,37.25,299.0,310.4,1371,53.8,228,1,0,0,0,1,0
1337,L48516,L,25.75,37.15,298.9,310.3,1583,32.6,230,0,0,0,0,0,0
1338,H30751,H,25.55,37.05,298.7,310.2,1613,36.0,0,0,0,0,0,0,0
1339,L48518,L,25.45,36.95,298.6,310.1,1721,27.2,5,0,0,0,0,0,0
1340,M16199,M,25.45,37.05,298.6,310.2,1668,31.5,7,0,0,0,0,0,0
1341,L48520,L,25.45,37.05,298.6,310.2,1569,36.3,10,0,0,0,0,0,0
1342,M16201,M,25.45,37.05,298.6,310.2,1328,50.5,12,0,0,0,0,0,0
1343,M16202,M,25.45,36.95,298.6,310.1,1596,33.0,15,0,0,0,0,0,0
1344,L48523,L,25.35,37.05,298.5,310.2,1676,32.7,18,0,0,0,0,0,0
1345,L48524,L,25.35,36.95,298.5,310.1,1809,28.9,20,0,0,0,0,0,0
1346,L48525,L,25.35,36.85,298.5,310.0,1804,26.1,22,0,0,0,0,0,0
1347,L48526,L,25.45,36.95,298.6,310.1,1533,33.9,24,0,0,0,0,0,0
1348,L48527,L,25.55,37.05,298.7,310.2,1717,27.3,26,0,0,0,0,0,0
1349,L48528,L,25.55,37.05,298.7,310.2,1363,45.5,28,0,0,0,0,0,0
1350,L48529,L,25.55,37.05,298.7,310.2,1402,45.9,30,0,0,0,0,0,0
1351,L48530,L,25.55,37.05,298.7,310.2,1436,47.5,32,0,0,0,0,0,0
1352,L48531,L,25.55,37.05,298.7,310.2,1525,43.7,34,0,0,0,0,0,0
1353,M16212,M,25.55,37.05,298.7,310.2,1598,33.3,36,0,0,0,0,0,0
1354,M16213,M,25.45,36.95,298.6,310.1,1444,48.1,39,0,0,0,0,0,0
1355,L48534,L,25.45,36.85,298.6,310.0,1334,48.0,42,0,0,0,0,0,0
1356,M16215,M,25.45,36.85,298.6,310.0,1681,35.5,44,0,0,0,0,0,0
1357,L48536,L,25.45,36.75,298.6,309.9,1593,37.4,47,0,0,0,0,0,0
1358,L48537,L,25.45,36.75,298.6,309.9,1461,45.7,49,0,0,0,0,0,0
1359,M16218,M,25.55,36.95,298.7,310.1,1693,31.9,51,0,0,0,0,0,0
1360,L48539,L,25.55,37.05,298.7,310.2,1404,50.3,54,0,0,0,0,0,0
1361,H30774,H,25.65,37.05,298.8,310.2,1707,27.6,56,0,0,0,0,0,0
1362,M16221,M,25.45,36.95,298.6,310.1,1458,41.9,61,0,0,0,0,0,0
1363,L48542,L,25.45,36.85,298.6,310.0,1517,41.2,64,0,0,0,0,0,0
1364,L48543,L,25.55,36.95,298.7,310.1,1433,54.6,66,0,0,0,0,0,0
1365,L48544,L,25.55,37.05,298.7,310.2,1566,33.1,68,0,0,0,0,0,0
1366,L48545,L,25.55,36.95,298.7,310.1,1676,33.5,70,0,0,0,0,0,0
1367,M16226,M,25.55,36.95,298.7,310.1,1368,56.8,72,0,0,0,0,0,0
1368,M16227,M,25.65,37.05,298.8,310.2,1581,37.5,75,0,0,0,0,0,0
1369,H30782,H,25.65,37.15,298.8,310.3,1708,27.1,78,0,0,0,0,0,0
1370,M16229,M,25.55,37.15,298.7,310.3,1481,41.5,83,0,0,0,0,0,0
1371,L48550,L,25.55,37.15,298.7,310.3,1451,40.0,86,0,0,0,0,0,0
1372,M16231,M,25.55,37.15,298.7,310.3,1495,38.7,88,0,0,0,0,0,0
1373,M16232,M,25.65,37.15,298.8,310.3,1573,41.8,91,0,0,0,0,0,0
1374,M16233,M,25.65,37.15,298.8,310.3,1366,59.0,94,0,0,0,0,0,0
1375,L48554,L,25.65,37.15,298.8,310.3,1553,36.8,97,0,0,0,0,0,0
1376,M16235,M,25.65,37.15,298.8,310.3,1528,37.1,99,0,0,0,0,0,0
1377,M16236,M,25.65,37.05,298.8,310.2,1527,31.2,102,0,0,0,0,0,0
1378,L48557,L,25.65,37.05,298.8,310.2,1461,46.7,105,0,0,0,0,0,0
1379,H30792,H,25.65,37.05,298.8,310.2,1455,44.9,107,0,0,0,0,0,0
1380,L48559,L,25.55,36.95,298.7,310.1,1620,34.8,112,0,0,0,0,0,0
1381,L48560,L,25.55,36.95,298.7,310.1,1786,27.7,114,0,0,0,0,0,0
1382,M16241,M,25.65,37.05,298.8,310.2,1583,35.7,116,0,0,0,0,0,0
1383,L48562,L,25.65,36.95,298.8,310.1,1653,30.3,119,0,0,0,0,0,0
1384,M16243,M,25.75,37.05,298.9,310.2,1331,49.0,121,0,0,0,0,0,0
1385,L48564,L,25.75,37.15,298.9,310.3,1484,43.8,124,0,0,0,0,0,0
1386,M16245,M,25.75,37.05,298.9,310.2,1603,36.1,126,0,0,0,0,0,0
1387,L48566,L,25.75,37.05,298.9,310.2,1445,40.0,129,0,0,0,0,0,0
1388,L48567,L,25.75,36.95,298.9,310.1,1823,26.1,131,0,0,0,0,0,0
1389,H30802,H,25.75,36.95,298.9,310.1,1491,45.3,133,0,0,0,0,0,0
1390,L48569,L,25.75,37.05,298.9,310.2,1533,42.8,138,0,0,0,0,0,0
1391,L48570,L,25.75,37.05,298.9,310.2,1409,54.8,140,0,0,0,0,0,0
1392,L48571,L,25.75,37.05,298.9,310.2,2737,8.8,142,1,0,0,1,0,0
1393,M16252,M,25.85,37.15,299.0,310.3,1494,46.6,144,0,0,0,0,0,0
1394,L48573,L,25.95,37.25,299.1,310.4,1594,33.3,147,0,0,0,0,0,0
1395,L48574,L,25.95,37.25,299.1,310.4,1527,44.0,149,0,0,0,0,0,0
1396,L48575,L,25.95,37.25,299.1,310.4,1452,39.7,151,0,0,0,0,0,0
1397,L48576,L,25.85,37.15,299.0,310.3,1483,39.2,153,0,0,0,0,0,0
1398,L48577,L,25.95,37.05,299.1,310.2,1569,38.2,155,0,0,0,0,0,0
1399,L48578,L,25.95,37.15,299.1,310.3,1472,46.6,157,0,0,0,0,0,0
1400,L48579,L,25.85,37.05,299.0,310.2,1533,43.5,159,0,0,0,0,0,0
1401,H30814,H,25.75,36.95,298.9,310.1,1366,62.7,161,0,0,0,0,0,0
1402,H30815,H,25.75,37.05,298.9,310.2,1532,37.7,166,0,0,0,0,0,0
1403,M16262,M,25.75,36.95,298.9,310.1,1313,56.8,171,0,0,0,0,0,0
1404,L48583,L,25.85,37.05,299.0,310.2,1372,48.0,174,0,0,0,0,0,0
1405,M16264,M,25.75,36.95,298.9,310.1,1555,40.6,176,0,0,0,0,0,0
1406,L48585,L,25.75,36.95,298.9,310.1,1394,42.7,179,0,0,0,0,0,0
1407,L48586,L,25.75,36.95,298.9,310.1,1442,48.0,181,0,0,0,0,0,0
1408,L48587,L,25.75,36.85,298.9,310.0,1564,33.8,183,0,0,0,0,0,0
1409,L48588,L,25.75,36.85,298.9,310.0,1452,48.9,185,0,0,0,0,0,0
1410,L48589,L,25.75,36.95,298.9,310.1,1466,42.5,187,0,0,0,0,0,0
1411,M16270,M,25.75,36.95,298.9,310.1,1469,53.2,189,0,0,0,0,0,0
1412,L48591,L,25.75,36.95,298.9,310.1,1944,23.4,192,0,0,0,0,0,0
1413,M16272,M,25.65,36.75,298.8,309.9,1415,53.2,194,0,0,0,0,0,0
1414,M16273,M,25.55,36.65,298.7,309.8,1528,36.7,197,0,0,0,0,0,0
1415,M16274,M,25.55,36.65,298.7,309.8,1570,42.1,200,0,0,0,0,0,0
1416,L48595,L,25.55,36.75,298.7,309.9,1617,33.0,203,0,0,0,0,0,0
1417,M16276,M,25.55,36.75,298.7,309.9,2083,18.2,205,0,0,0,0,0,0
1418,L48597,L,25.55,36.75,298.7,309.9,1541,38.5,208,0,0,0,0,0,0
1419,L48598,L,25.65,36.75,298.8,309.9,1320,47.4,210,0,0,0,0,0,0
1420,L48599,L,25.55,36.65,298.7,309.8,1354,53.3,212,1,0,0,0,1,0
1421,M16280,M,25.65,36.75,298.8,309.9,1495,35.2,214,0,0,0,0,0,0
1422,L48601,L,25.55,36.65,298.7,309.8,1589,31.8,217,0,0,0,0,0,0
1423,L48602,L,25.55,36.65,298.7,309.8,1530,35.5,0,0,0,0,0,0,0
1424,L48603,L,25.55,36.65,298.7,309.8,1539,33.4,2,0,0,0,0,0,0
1425,L48604,L,25.55,36.55,298.7,309.7,1462,46.8,4,0,0,0,0,0,0
1426,L48605,L,25.45,36.55,298.6,309.7,1356,54.0,6,0,0,0,0,0,0
1427,M16286,M,25.55,36.55,298.7,309.7,1622,34.6,8,0,0,0,0,0,0
1428,L48607,L,25.55,36.65,298.7,309.8,1394,40.3,11,0,0,0,0,0,0
1429,L48608,L,25.65,36.75,298.8,309.9,1568,33.7,13,0,0,0,0,0,0
1430,M16289,M,25.75,36.85,298.9,310.0,1456,43.8,15,0,0,0,0,0,0
1431,L48610,L,25.75,36.85,298.9,310.0,1378,49.3,18,0,0,0,0,0,0
1432,M16291,M,25.75,36.75,298.9,309.9,1404,41.4,20,0,0,0,0,0,0
1433,L48612,L,25.65,36.65,298.8,309.8,1437,42.8,23,0,0,0,0,0,0
1434,L48613,L,25.65,36.65,298.8,309.8,1363,44.0,25,0,0,0,0,0,0
1435,M16294,M,25.65,36.65,298.8,309.8,1377,49.6,27,0,0,0,0,0,0
1436,H30849,H,25.65,36.75,298.8,309.9,1526,42.1,30,0,0,0,0,0,0
1437,H30850,H,25.65,36.65,298.8,309.8,1510,44.2,35,0,0,0,0,0,0
1438,H30851,H,25.65,36.75,298.8,309.9,1439,45.2,40,1,0,0,0,0,0
1439,L48618,L,25.65,36.75,298.8,309.9,1482,39.1,45,0,0,0,0,0,0
1440,M16299,M,25.65,36.65,298.8,309.8,1534,37.0,47,0,0,0,0,0,0
1441,M16300,M,25.65,36.75,298.8,309.9,1741,27.7,50,0,0,0,0,0,0
1442,L48621,L,25.65,36.75,298.8,309.9,1550,38.8,53,0,0,0,0,0,0
1443,M16302,M,25.65,36.85,298.8,310.0,1486,38.5,55,0,0,0,0,0,0
1444,L48623,L,25.75,36.95,298.9,310.1,1602,38.2,58,0,0,0,0,0,0
1445,L48624,L,25.85,37.05,299.0,310.2,1477,37.9,60,0,0,0,0,0,0
1446,L48625,L,25.85,36.95,299.0,310.1,1618,29.2,62,0,0,0,0,0,0
1447,M16306,M,25.85,37.05,299.0,310.2,1628,35.8,64,0,0,0,0,0,0
1448,M16307,M,25.85,37.15,299.0,310.3,1662,33.6,67,0,0,0,0,0,0
1449,M16308,M,25.85,37.15,299.0,310.3,1657,31.0,70,0,0,0,0,0,0
1450,H30863,H,25.85,37.25,299.0,310.4,1677,30.8,73,0,0,0,0,0,0
1451,M16310,M,25.85,37.15,299.0,310.3,1447,39.9,78,0,0,0,0,0,0
1452,L48631,L,25.75,37.25,298.9,310.4,1831,25.4,81,0,0,0,0,0,0
1453,L48632,L,25.85,37.15,299.0,310.3,1584,34.4,83,0,0,0,0,0,0
1454,L48633,L,25.95,37.25,299.1,310.4,1450,40.9,85,0,0,0,0,0,0
1455,L48634,L,25.95,37.25,299.1,310.4,1428,46.9,87,0,0,0,0,0,0
1456,L48635,L,25.85,37.25,299.0,310.4,1382,53.0,89,0,0,0,0,0,0
1457,L48636,L,25.85,37.15,299.0,310.3,1501,43.0,91,0,0,0,0,0,0
1458,L48637,L,25.85,37.15,299.0,310.3,1475,42.4,93,0,0,0,0,0,0
1459,L48638,L,25.75,37.15,298.9,310.3,1364,54.0,95,0,0,0,0,0,0
1460,L48639,L,25.85,37.15,299.0,310.3,1472,36.1,97,0,0,0,0,0,0
1461,L48640,L,25.85,37.15,299.0,310.3,1437,47.8,99,0,0,0,0,0,0
1462,L48641,L,25.75,37.05,298.9,310.2,1491,45.1,101,0,0,0,0,0,0
1463,L48642,L,25.75,37.05,298.9,310.2,1706,27.6,103,0,0,0,0,0,0
1464,L48643,L,25.65,36.95,298.8,310.1,1607,39.5,105,0,0,0,0,0,0
1465,L48644,L,25.65,36.85,298.8,310.0,1412,46.3,107,0,0,0,0,0,0
1466,L48645,L,25.55,36.65,298.7,309.8,1546,40.9,109,0,0,0,0,0,0
1467,L48646,L,25.55,36.65,298.7,309.8,1365,50.5,111,0,0,0,0,0,0
1468,L48647,L,25.45,36.65,298.6,309.8,1544,30.2,113,0,0,0,0,0,0
1469,M16328,M,25.45,36.65,298.6,309.8,1419,44.9,115,0,0,0,0,0,0
1470,L48649,L,25.45,36.65,298.6,309.8,1497,41.6,118,0,0,0,0,0,0
1471,L48650,L,25.35,36.55,298.5,309.7,1437,42.6,120,0,0,0,0,0,0
1472,L48651,L,25.35,36.45,298.5,309.6,1421,53.6,122,0,0,0,0,0,0
1473,M16332,M,25.35,36.45,298.5,309.6,1438,44.5,124,0,0,0,0,0,0
1474,M16333,M,25.35,36.35,298.5,309.5,1315,48.9,127,0,0,0,0,0,0
1475,M16334,M,25.35,36.35,298.5,309.5,1366,61.9,130,0,0,0,0,0,0
1476,M16335,M,25.25,36.35,298.4,309.5,1519,35.4,133,0,0,0,0,0,0
1477,L48656,L,25.25,36.35,298.4,309.5,1692,28.3,136,0,0,0,0,0,0
1478,L48657,L,25.15,36.25,298.3,309.4,1570,35.6,138,0,0,0,0,0,0
1479,L48658,L,25.15,36.25,298.3,309.4,1568,35.8,140,0,0,0,0,0,0
1480,L48659,L,25.05,36.15,298.2,309.3,1355,43.8,142,0,0,0,0,0,0
1481,M16340,M,25.05,36.15,298.2,309.3,2056,18.7,144,0,0,0,0,0,0
1482,M16341,M,25.05,36.05,298.2,309.2,1332,60.2,147,0,0,0,0,0,0
1483,M16342,M,24.95,35.95,298.1,309.1,1448,52.5,150,0,0,0,0,0,0
1484,L48663,L,24.85,35.75,298.0,308.9,1578,35.6,153,0,0,0,0,0,0
1485,M16344,M,24.85,35.85,298.0,309.0,1562,39.2,155,0,0,0,0,0,0
1486,M16345,M,24.95,35.85,298.1,309.0,1976,19.3,158,0,0,0,0,0,0
1487,M16346,M,25.05,36.05,298.2,309.2,1524,34.6,161,0,0,0,0,0,0
1488,L48667,L,25.05,35.95,298.2,309.1,1429,48.5,164,0,0,0,0,0,0
1489,L48668,L,25.05,35.95,298.2,309.1,1568,36.3,166,0,0,0,0,0,0
1490,M16349,M,25.05,35.85,298.2,309.0,1723,26.6,168,0,0,0,0,0,0
1491,L48670,L,25.05,35.85,298.2,309.0,1341,43.8,171,0,0,0,0,0,0
1492,M16351,M,24.95,35.75,298.1,308.9,1353,46.2,173,0,0,0,0,0,0
1493,M16352,M,24.85,35.55,298.0,308.7,1479,58.5,176,1,0,0,1,0,0
1494,L48673,L,24.85,35.65,298.0,308.8,1496,44.9,179,0,0,0,0,0,0
1495,M16354,M,24.85,35.55,298.0,308.7,1377,48.5,181,0,0,0,0,0,0
1496,H30909,H,24.75,35.35,297.9,308.5,1383,44.6,184,0,0,0,0,0,0
1497,L48676,L,24.85,35.55,298.0,308.7,1268,69.4,189,1,0,0,1,1,0
1498,L48677,L,24.85,35.55,298.0,308.7,1629,34.3,191,0,0,0,0,0,0
1499,L48678,L,24.85,35.65,298.0,308.8,1790,27.2,193,0,0,0,0,0,0
1500,M16359,M,24.95,35.65,298.1,308.8,2206,16.3,195,0,0,0,0,0,0
1501,M16360,M,24.85,35.55,298.0,308.7,2101,17.4,198,0,0,0,0,0,0
1502,M16361,M,24.85,35.55,298.0,308.7,1436,48.2,201,0,0,0,0,0,0
1503,L48682,L,24.85,35.55,298.0,308.7,1462,48.2,204,0,0,0,0,0,0
1504,L48683,L,24.85,35.55,298.0,308.7,1771,26.2,206,0,0,0,0,0,0
1505,L48684,L,24.85,35.55,298.0,308.7,1506,47.0,208,0,0,0,0,0,0
1506,L48685,L,24.85,35.55,298.0,308.7,1626,36.7,210,0,0,0,0,0,0
1507,L48686,L,24.85,35.65,298.0,308.8,1610,33.7,212,0,0,0,0,0,0
1508,M16367,M,24.85,35.45,298.0,308.6,1376,55.7,214,0,0,0,0,0,0
1509,M16368,M,24.85,35.45,298.0,308.6,1507,37.3,217,0,0,0,0,0,0
1510,L48689,L,24.85,35.35,298.0,308.5,1429,37.7,220,1,1,0,0,0,0
1511,M16370,M,24.95,35.55,298.1,308.7,1547,38.9,0,0,0,0,0,0,0
1512,L48691,L,24.95,35.55,298.1,308.7,1642,30.3,3,0,0,0,0,0,0
1513,H30926,H,24.85,35.55,298.0,308.7,1503,36.3,5,0,0,0,0,0,0
1514,L48693,L,24.95,35.55,298.1,308.7,1568,32.9,10,0,0,0,0,0,0
1515,M16374,M,24.95,35.65,298.1,308.8,1628,37.6,12,0,0,0,0,0,0
1516,M16375,M,25.05,35.75,298.2,308.9,1614,35.5,15,0,0,0,0,0,0
1517,L48696,L,25.05,35.75,298.2,308.9,1278,54.0,18,0,0,0,0,0,0
1518,M16377,M,25.05,35.75,298.2,308.9,1408,38.8,20,0,0,0,0,0,0
1519,H30932,H,25.05,35.85,298.2,309.0,1371,55.7,23,0,0,0,0,0,0
1520,M16379,M,25.05,35.75,298.2,308.9,1512,38.5,28,0,0,0,0,0,0
1521,L48700,L,25.15,35.95,298.3,309.1,1472,40.1,31,0,0,0,0,0,0
1522,M16381,M,25.05,35.75,298.2,308.9,1585,34.3,33,0,0,0,0,0,0
1523,H30936,H,25.05,35.85,298.2,309.0,1562,37.7,36,0,0,0,0,0,0
1524,L48703,L,25.15,35.85,298.3,309.0,1519,36.9,41,0,0,0,0,0,0
1525,L48704,L,25.05,35.85,298.2,309.0,1601,35.8,43,0,0,0,0,0,0
1526,L48705,L,25.05,35.85,298.2,309.0,2449,13.8,45,0,0,0,0,0,0
1527,L48706,L,24.95,35.85,298.1,309.0,1787,27.6,47,0,0,0,0,0,0
1528,H30941,H,24.95,35.95,298.1,309.1,1425,44.5,49,0,0,0,0,0,0
1529,L48708,L,24.95,35.85,298.1,309.0,1559,34.0,54,0,0,0,0,0,0
1530,L48709,L,24.95,35.85,298.1,309.0,1557,36.0,56,0,0,0,0,0,0
1531,L48710,L,24.95,35.85,298.1,309.0,1497,40.5,58,0,0,0,0,0,0
1532,H30945,H,24.95,35.85,298.1,309.0,1438,41.4,60,0,0,0,0,0,0
1533,M16392,M,24.95,35.75,298.1,308.9,1417,39.2,65,0,0,0,0,0,0
1534,M16393,M,24.85,35.75,298.0,308.9,1339,51.4,68,0,0,0,0,0,0
1535,L48714,L,24.85,35.65,298.0,308.8,1757,29.1,71,0,0,0,0,0,0
1536,L48715,L,24.85,35.65,298.0,308.8,1581,36.1,73,0,0,0,0,0,0
1537,M16396,M,25.05,35.75,298.2,308.9,1326,54.4,75,0,0,0,0,0,0
1538,M16397,M,25.25,35.95,298.4,309.1,1467,39.6,78,0,0,0,0,0,0
1539,L48718,L,25.25,35.95,298.4,309.1,1798,29.6,81,0,0,0,0,0,0
1540,M16399,M,25.35,36.05,298.5,309.2,1449,46.4,83,0,0,0,0,0,0
1541,M16400,M,25.25,35.95,298.4,309.1,1525,39.3,86,0,0,0,0,0,0
1542,L48721,L,25.25,35.85,298.4,309.0,2304,15.1,89,0,0,0,0,0,0
1543,L48722,L,25.15,35.75,298.3,308.9,1379,54.7,91,0,0,0,0,0,0
1544,L48723,L,25.25,35.75,298.4,308.9,1628,34.9,93,0,0,0,0,0,0
1545,L48724,L,25.25,35.85,298.4,309.0,1474,52.7,95,0,0,0,0,0,0
1546,M16405,M,25.25,35.85,298.4,309.0,1544,38.8,97,0,0,0,0,0,0
1547,L48726,L,25.25,35.75,298.4,308.9,1391,48.4,100,0,0,0,0,0,0
1548,L48727,L,25.15,35.75,298.3,308.9,1348,55.5,102,0,0,0,0,0,0
1549,M16408,M,25.15,35.65,298.3,308.8,1349,52.1,104,0,0,0,0,0,0
1550,L48729,L,25.25,35.75,298.4,308.9,1706,29.5,107,0,0,0,0,0,0
1551,L48730,L,25.25,35.75,298.4,308.9,1638,32.4,109,0,0,0,0,0,0
1552,L48731,L,25.25,35.65,298.4,308.8,1458,40.1,111,0,0,0,0,0,0
1553,L48732,L,25.35,35.75,298.5,308.9,1781,27.8,113,0,0,0,0,0,0
1554,L48733,L,25.35,35.65,298.5,308.8,1332,59.1,115,0,0,0,0,0,0
1555,M16414,M,25.25,35.55,298.4,308.7,1584,31.7,117,0,0,0,0,0,0
1556,L48735,L,25.25,35.45,298.4,308.6,1491,42.0,120,0,0,0,0,0,0
1557,H30970,H,25.25,35.35,298.4,308.5,1398,47.1,122,0,0,0,0,0,0
1558,L48737,L,25.15,35.25,298.3,308.4,1585,30.6,127,0,0,0,0,0,0
1559,M16418,M,25.05,35.15,298.2,308.3,1476,43.5,129,0,0,0,0,0,0
1560,L48739,L,25.05,35.15,298.2,308.3,1458,41.8,132,0,0,0,0,0,0
1561,M16420,M,25.05,35.25,298.2,308.4,1510,39.9,134,0,0,0,0,0,0
1562,L48741,L,25.05,35.25,298.2,308.4,1388,53.8,137,0,0,0,0,0,0
1563,L48742,L,25.05,35.15,298.2,308.3,2216,16.8,139,0,0,0,0,0,0
1564,L48743,L,25.05,35.15,298.2,308.3,1402,51.0,141,0,0,0,0,0,0
1565,M16424,M,24.85,35.05,298.0,308.2,2090,19.0,143,0,0,0,0,0,0
1566,L48745,L,24.85,35.05,298.0,308.2,1459,42.1,146,0,0,0,0,0,0
1567,M16426,M,24.85,34.95,298.0,308.1,1403,44.8,148,0,0,0,0,0,0
1568,L48747,L,24.95,35.05,298.1,308.2,1521,39.3,151,0,0,0,0,0,0
1569,L48748,L,25.05,35.05,298.2,308.2,1407,47.1,153,0,0,0,0,0,0
1570,M16429,M,24.95,35.05,298.1,308.2,1654,35.3,155,0,0,0,0,0,0
1571,L48750,L,25.05,35.25,298.2,308.4,1452,43.5,158,0,0,0,0,0,0
1572,L48751,L,25.15,35.25,298.3,308.4,1528,37.3,160,0,0,0,0,0,0
1573,L48752,L,25.05,35.15,298.2,308.3,1230,59.6,162,0,0,0,0,0,0
1574,L48753,L,25.05,35.05,298.2,308.2,1466,42.4,164,0,0,0,0,0,0
1575,L48754,L,25.05,35.05,298.2,308.2,1478,50.1,166,0,0,0,0,0,0
1576,L48755,L,25.05,35.15,298.2,308.3,2057,18.0,168,0,0,0,0,0,0
1577,L48756,L,25.15,35.25,298.3,308.4,1490,41.7,170,0,0,0,0,0,0
1578,L48757,L,25.15,35.25,298.3,308.4,1484,43.4,172,0,0,0,0,0,0
1579,L48758,L,25.15,35.25,298.3,308.4,1593,37.0,174,0,0,0,0,0,0
1580,L48759,L,25.15,35.15,298.3,308.3,1444,43.8,176,0,0,0,0,0,0
1581,M16440,M,25.15,35.25,298.3,308.4,1444,47.5,178,0,0,0,0,0,0
1582,M16441,M,25.05,35.15,298.2,308.3,1560,33.0,181,0,0,0,0,0,0
1583,H30996,H,24.95,35.15,298.1,308.3,1530,42.0,184,0,0,0,0,0,0
1584,L48763,L,25.05,35.25,298.2,308.4,1310,61.0,189,1,0,0,0,1,0
1585,M16444,M,25.05,35.15,298.2,308.3,1639,33.3,191,0,0,0,0,0,0
1586,L48765,L,25.05,35.15,298.2,308.3,1400,48.7,194,0,0,0,0,0,0
1587,M16446,M,25.15,35.25,298.3,308.4,1486,44.2,196,0,0,0,0,0,0
1588,M16447,M,25.05,35.15,298.2,308.3,1448,43.3,199,0,0,0,0,0,0
1589,L48768,L,25.05,35.15,298.2,308.3,1688,32.0,202,0,0,0,0,0,0
1590,M16449,M,24.95,35.15,298.1,308.3,1453,41.5,204,0,0,0,0,0,0
1591,L48770,L,25.05,35.25,298.2,308.4,1497,37.7,207,0,0,0,0,0,0
1592,L48771,L,25.05,35.25,298.2,308.4,1355,49.4,209,0,0,0,0,0,0
1593,L48772,L,24.95,35.25,298.1,308.4,1592,38.2,211,0,0,0,0,0,0
1594,L48773,L,24.85,35.15,298.0,308.3,1544,34.7,213,0,0,0,0,0,0
1595,M16454,M,24.85,35.05,298.0,308.2,1373,51.2,215,0,0,0,0,0,0
1596,L48775,L,24.85,35.05,298.0,308.2,1365,52.9,218,1,0,0,0,1,0
1597,L48776,L,24.85,34.95,298.0,308.1,1877,24.3,0,0,0,0,0,0,0
1598,L48777,L,24.75,34.95,297.9,308.1,1531,40.8,2,0,0,0,0,0,0
1599,L48778,L,24.75,34.85,297.9,308.0,1501,36.7,4,0,0,0,0,0,0
1600,L48779,L,24.75,34.85,297.9,308.0,1490,46.2,6,0,0,0,0,0,0
1601,M16460,M,24.65,34.65,297.8,307.8,1543,43.7,8,0,0,0,0,0,0
1602,L48781,L,24.65,34.65,297.8,307.8,1597,38.2,11,0,0,0,0,0,0
1603,H31016,H,24.65,34.75,297.8,307.9,1600,33.5,13,0,0,0,0,0,0
1604,M16463,M,24.65,34.65,297.8,307.8,1622,32.1,18,0,0,0,0,0,0
1605,L48784,L,24.65,34.65,297.8,307.8,1452,39.8,21,0,0,0,0,0,0
1606,L48785,L,24.65,34.65,297.8,307.8,1396,42.5,23,0,0,0,0,0,0
1607,L48786,L,24.65,34.55,297.8,307.7,1505,39.7,25,0,0,0,0,0,0
1608,L48787,L,24.65,34.65,297.8,307.8,1412,48.3,27,0,0,0,0,0,0
1609,L48788,L,24.65,34.55,297.8,307.7,1393,38.0,29,0,0,0,0,0,0
1610,L48789,L,24.55,34.55,297.7,307.7,1581,34.9,31,0,0,0,0,0,0
1611,L48790,L,24.65,34.65,297.8,307.8,1573,37.9,33,0,0,0,0,0,0
1612,M16471,M,24.65,34.75,297.8,307.9,1726,27.3,35,0,0,0,0,0,0
1613,M16472,M,24.75,34.75,297.9,307.9,1540,39.8,38,0,0,0,0,0,0
1614,L48793,L,24.75,34.85,297.9,308.0,1296,62.9,41,0,0,0,0,0,0
1615,M16474,M,24.65,34.75,297.8,307.9,1802,25.8,43,0,0,0,0,0,0
1616,L48795,L,24.65,34.75,297.8,307.9,1447,48.6,46,0,0,0,0,0,0
1617,H31030,H,24.65,34.65,297.8,307.8,1662,30.7,48,0,0,0,0,0,0
1618,L48797,L,24.65,34.65,297.8,307.8,1563,34.3,53,0,0,0,0,0,0
1619,L48798,L,24.75,34.65,297.9,307.8,1286,59.5,55,0,0,0,0,0,0
1620,L48799,L,24.75,34.55,297.9,307.7,1590,34.6,57,0,0,0,0,0,0
1621,L48800,L,24.75,34.55,297.9,307.7,1492,43.7,59,0,0,0,0,0,0
1622,L48801,L,24.55,34.45,297.7,307.6,1844,21.9,61,0,0,0,0,0,0
1623,H31036,H,24.55,34.45,297.7,307.6,1538,38.3,63,0,0,0,0,0,0
1624,L48803,L,24.55,34.45,297.7,307.6,1921,22.9,68,0,0,0,0,0,0
1625,M16484,M,24.65,34.65,297.8,307.8,1310,57.9,70,0,0,0,0,0,0
1626,L48805,L,24.75,34.65,297.9,307.8,1365,46.9,73,0,0,0,0,0,0
1627,M16486,M,24.75,34.65,297.9,307.8,1303,59.3,75,0,0,0,0,0,0
1628,L48807,L,24.75,34.65,297.9,307.8,1499,37.5,78,0,0,0,0,0,0
1629,L48808,L,24.75,34.65,297.9,307.8,1451,38.2,80,0,0,0,0,0,0
1630,M16489,M,24.75,34.75,297.9,307.9,1336,54.4,82,0,0,0,0,0,0
1631,L48810,L,24.75,34.75,297.9,307.9,1412,44.5,85,0,0,0,0,0,0
1632,L48811,L,24.85,34.85,298.0,308.0,1433,39.2,87,0,0,0,0,0,0
1633,L48812,L,24.75,34.75,297.9,307.9,1426,43.6,89,0,0,0,0,0,0
1634,L48813,L,24.75,34.75,297.9,307.9,1476,45.2,91,0,0,0,0,0,0
1635,H31048,H,24.75,34.75,297.9,307.9,1406,58.5,93,0,0,0,0,0,0
1636,L48815,L,24.65,34.65,297.8,307.8,1383,56.5,98,0,0,0,0,0,0
1637,L48816,L,24.75,34.65,297.9,307.8,1505,37.3,100,0,0,0,0,0,0
1638,L48817,L,24.75,34.65,297.9,307.8,1665,33.9,102,0,0,0,0,0,0
1639,L48818,L,24.75,34.65,297.9,307.8,1397,45.0,104,0,0,0,0,0,0
1640,M16499,M,24.75,34.65,297.9,307.8,1450,43.5,106,0,0,0,0,0,0
1641,L48820,L,24.85,34.65,298.0,307.8,1567,36.4,109,0,0,0,0,0,0
1642,M16501,M,24.85,34.85,298.0,308.0,1555,37.0,111,0,0,0,0,0,0
1643,H31056,H,24.85,34.65,298.0,307.8,1588,35.4,114,0,0,0,0,0,0
1644,L48823,L,24.85,34.65,298.0,307.8,1453,37.7,119,0,0,0,0,0,0
1645,L48824,L,24.85,34.65,298.0,307.8,1622,33.3,121,0,0,0,0,0,0
1646,L48825,L,24.75,34.65,297.9,307.8,1538,38.5,123,0,0,0,0,0,0
1647,M16506,M,24.75,34.55,297.9,307.7,1527,42.8,125,0,0,0,0,0,0
1648,L48827,L,24.65,34.65,297.8,307.8,1761,28.9,128,0,0,0,0,0,0
1649,L48828,L,24.75,34.65,297.9,307.8,1373,50.2,130,0,0,0,0,0,0
1650,H31063,H,24.85,34.75,298.0,307.9,1482,37.8,132,0,0,0,0,0,0
1651,M16510,M,24.85,34.75,298.0,307.9,1417,51.0,137,0,0,0,0,0,0
1652,L48831,L,24.85,34.65,298.0,307.8,1414,51.7,140,0,0,0,0,0,0
1653,H31066,H,24.75,34.65,297.9,307.8,1635,34.0,142,0,0,0,0,0,0
1654,L48833,L,24.85,34.65,298.0,307.8,1386,57.3,147,0,0,0,0,0,0
1655,L48834,L,25.05,34.95,298.2,308.1,1379,62.3,149,0,0,0,0,0,0
1656,M16515,M,25.05,34.85,298.2,308.0,1577,35.9,151,0,0,0,0,0,0
1657,L48836,L,25.05,34.95,298.2,308.1,1532,42.5,154,0,0,0,0,0,0
1658,M16517,M,24.95,34.85,298.1,308.0,1374,48.8,156,0,0,0,0,0,0
1659,H31072,H,24.95,34.85,298.1,308.0,1570,35.3,159,0,0,0,0,0,0
1660,L48839,L,24.95,34.85,298.1,308.0,1697,31.0,164,0,0,0,0,0,0
1661,L48840,L,25.05,34.85,298.2,308.0,1499,44.1,166,0,0,0,0,0,0
1662,M16521,M,25.05,34.85,298.2,308.0,1411,47.2,168,0,0,0,0,0,0
1663,H31076,H,25.05,34.75,298.2,307.9,1462,45.5,171,0,0,0,0,0,0
1664,M16523,M,24.95,34.75,298.1,307.9,1759,28.6,176,0,0,0,0,0,0
1665,L48844,L,25.05,34.85,298.2,308.0,1535,38.0,179,0,0,0,0,0,0
1666,H31079,H,25.05,34.75,298.2,307.9,1491,39.7,181,0,0,0,0,0,0
1667,L48846,L,25.05,34.75,298.2,307.9,1551,36.0,186,0,0,0,0,0,0
1668,L48847,L,25.05,34.75,298.2,307.9,1769,27.2,188,0,0,0,0,0,0
1669,L48848,L,25.05,34.75,298.2,307.9,1551,34.1,190,0,0,0,0,0,0
1670,L48849,L,25.05,34.75,298.2,307.9,1544,31.4,192,0,0,0,0,0,0
1671,L48850,L,25.05,34.65,298.2,307.8,1528,31.1,194,0,0,0,0,0,0
1672,L48851,L,24.95,34.75,298.1,307.9,1614,35.8,196,0,0,0,0,0,0
1673,L48852,L,24.95,34.65,298.1,307.8,1432,49.8,198,0,0,0,0,0,0
1674,M16533,M,24.95,34.65,298.1,307.8,1384,43.7,200,0,0,0,0,0,0
1675,L48854,L,24.95,34.65,298.1,307.8,1540,37.8,203,0,0,0,0,0,0
1676,L48855,L,24.85,34.55,298.0,307.7,1407,43.9,205,0,0,0,0,0,0
1677,H31090,H,24.75,34.45,297.9,307.6,1418,43.0,207,0,0,0,0,0,0
1678,M16537,M,24.75,34.35,297.9,307.5,1647,30.8,212,0,0,0,0,0,0
1679,L48858,L,24.85,34.35,298.0,307.5,1644,32.8,215,0,0,0,0,0,0
1680,L48859,L,24.85,34.35,298.0,307.5,1792,27.9,217,0,0,0,0,0,0
1681,M16540,M,24.75,34.25,297.9,307.4,1610,34.6,219,0,0,0,0,0,0
1682,M16541,M,24.65,34.15,297.8,307.3,1804,26.0,222,0,0,0,0,0,0
1683,H31096,H,24.75,34.25,297.9,307.4,1604,36.1,225,1,1,0,0,0,0
1684,M16543,M,24.75,34.25,297.9,307.4,1403,52.8,0,0,0,0,0,0,0
1685,L48864,L,24.65,34.15,297.8,307.3,1438,44.5,3,0,0,0,0,0,0
1686,L48865,L,24.75,34.15,297.9,307.3,1824,26.3,5,0,0,0,0,0,0
1687,H31100,H,24.75,34.15,297.9,307.3,1663,28.7,7,0,0,0,0,0,0
1688,L48867,L,24.75,34.15,297.9,307.3,1502,36.7,12,0,0,0,0,0,0
1689,L48868,L,24.75,34.25,297.9,307.4,1606,35.5,14,0,0,0,0,0,0
1690,L48869,L,24.75,34.35,297.9,307.5,1561,37.7,16,0,0,0,0,0,0
1691,M16550,M,24.75,34.25,297.9,307.4,1435,42.9,18,0,0,0,0,0,0
1692,L48871,L,24.75,34.35,297.9,307.5,1602,38.3,21,0,0,0,0,0,0
1693,M16552,M,24.95,34.45,298.1,307.6,1764,27.7,23,0,0,0,0,0,0
1694,H31107,H,24.85,34.35,298.0,307.5,1683,27.8,26,0,0,0,0,0,0
1695,L48874,L,24.85,34.35,298.0,307.5,1618,35.2,31,0,0,0,0,0,0
1696,L48875,L,24.85,34.45,298.0,307.6,1509,41.6,33,0,0,0,0,0,0
1697,L48876,L,24.75,34.45,297.9,307.6,1550,39.0,35,0,0,0,0,0,0
1698,M16557,M,24.75,34.45,297.9,307.6,1519,44.0,37,0,0,0,0,0,0
1699,L48878,L,24.75,34.45,297.9,307.6,1481,38.0,40,0,0,0,0,0,0
1700,L48879,L,24.95,34.55,298.1,307.7,1289,48.3,42,0,0,0,0,0,0
1701,M16560,M,24.85,34.45,298.0,307.6,1844,23.8,44,0,0,0,0,0,0
1702,L48881,L,24.85,34.55,298.0,307.7,1479,42.5,47,0,0,0,0,0,0
1703,L48882,L,24.85,34.55,298.0,307.7,1430,47.3,49,0,0,0,0,0,0
1704,M16563,M,24.95,34.65,298.1,307.8,1636,36.7,51,0,0,0,0,0,0
1705,M16564,M,24.95,34.65,298.1,307.8,1503,44.7,54,0,0,0,0,0,0
1706,M16565,M,24.95,34.65,298.1,307.8,1608,32.6,57,0,0,0,0,0,0
1707,L48886,L,25.05,34.65,298.2,307.8,1521,42.9,60,0,0,0,0,0,0
1708,L48887,L,25.05,34.65,298.2,307.8,1439,41.6,62,0,0,0,0,0,0
1709,L48888,L,25.05,34.65,298.2,307.8,1627,31.5,64,0,0,0,0,0,0
1710,L48889,L,25.05,34.65,298.2,307.8,1749,26.1,66,0,0,0,0,0,0
1711,L48890,L,25.05,34.65,298.2,307.8,1530,35.9,68,0,0,0,0,0,0
1712,L48891,L,25.05,34.65,298.2,307.8,1355,51.3,70,0,0,0,0,0,0
1713,L48892,L,25.15,34.75,298.3,307.9,1551,33.8,72,0,0,0,0,0,0
1714,L48893,L,25.05,34.65,298.2,307.8,1515,46.7,74,0,0,0,0,0,0
1715,L48894,L,25.05,34.65,298.2,307.8,1388,48.6,76,0,0,0,0,0,0
1716,L48895,L,25.05,34.65,298.2,307.8,1585,34.6,78,0,0,0,0,0,0
1717,L48896,L,24.95,34.55,298.1,307.7,1523,37.7,80,0,0,0,0,0,0
1718,L48897,L,25.05,34.45,298.2,307.6,1369,54.5,82,0,0,0,0,0,0
1719,M16578,M,25.05,34.55,298.2,307.7,1681,31.0,84,0,0,0,0,0,0
1720,L48899,L,25.05,34.55,298.2,307.7,1503,38.3,87,0,0,0,0,0,0
1721,L48900,L,25.05,34.55,298.2,307.7,1459,44.5,89,0,0,0,0,0,0
1722,L48901,L,25.05,34.55,298.2,307.7,1688,32.4,91,0,0,0,0,0,0
1723,M16582,M,25.05,34.55,298.2,307.7,1952,21.6,93,0,0,0,0,0,0
1724,L48903,L,25.05,34.65,298.2,307.8,2029,19.9,96,0,0,0,0,0,0
1725,M16584,M,25.15,34.65,298.3,307.8,1457,52.5,98,0,0,0,0,0,0
1726,M16585,M,25.15,34.65,298.3,307.8,1392,50.4,101,0,0,0,0,0,0
1727,L48906,L,25.15,34.65,298.3,307.8,1906,22.1,104,0,0,0,0,0,0
1728,M16587,M,25.15,34.55,298.3,307.7,1602,33.4,106,0,0,0,0,0,0
1729,L48908,L,25.15,34.55,298.3,307.7,1465,49.4,109,0,0,0,0,0,0
1730,M16589,M,25.15,34.55,298.3,307.7,1439,43.8,111,0,0,0,0,0,0
1731,M16590,M,25.15,34.65,298.3,307.8,1330,55.4,114,0,0,0,0,0,0
1732,M16591,M,25.15,34.75,298.3,307.9,1485,42.0,117,0,0,0,0,0,0
1733,H31146,H,25.25,34.75,298.4,307.9,1700,28.2,120,0,0,0,0,0,0
1734,L48913,L,25.25,34.85,298.4,308.0,1515,42.8,125,0,0,0,0,0,0
1735,M16594,M,25.35,34.95,298.5,308.1,1501,39.2,127,0,0,0,0,0,0
1736,L48915,L,25.25,34.85,298.4,308.0,1380,47.6,130,0,0,0,0,0,0
1737,L48916,L,25.25,34.75,298.4,307.9,1544,35.9,132,0,0,0,0,0,0
1738,L48917,L,25.25,34.75,298.4,307.9,1743,27.3,134,0,0,0,0,0,0
1739,H31152,H,25.25,34.75,298.4,307.9,1948,21.4,136,0,0,0,0,0,0
1740,H31153,H,25.35,34.75,298.5,307.9,1260,54.2,141,0,0,0,0,0,0
1741,M16600,M,25.35,34.75,298.5,307.9,1640,33.1,146,0,0,0,0,0,0
1742,M16601,M,25.35,34.85,298.5,308.0,1363,49.2,149,0,0,0,0,0,0
1743,L48922,L,25.35,34.85,298.5,308.0,1379,49.6,152,0,0,0,0,0,0
1744,M16603,M,25.35,34.85,298.5,308.0,1713,25.8,154,0,0,0,0,0,0
1745,M16604,M,25.35,34.85,298.5,308.0,1461,51.9,157,0,0,0,0,0,0
1746,L48925,L,25.35,34.85,298.5,308.0,1624,29.8,160,0,0,0,0,0,0
1747,L48926,L,25.25,34.85,298.4,308.0,1526,41.1,162,0,0,0,0,0,0
1748,L48927,L,25.25,34.75,298.4,307.9,2381,14.2,164,0,0,0,0,0,0
1749,H31162,H,25.25,34.55,298.4,307.7,1626,31.1,166,0,0,0,0,0,1
1750,L48929,L,25.15,34.55,298.3,307.7,1576,33.8,171,0,0,0,0,0,0
1751,M16610,M,25.25,34.65,298.4,307.8,1617,31.6,173,0,0,0,0,0,0
1752,L48931,L,25.15,34.45,298.3,307.6,1942,20.6,176,0,0,0,0,0,0
1753,L48932,L,25.05,34.45,298.2,307.6,1492,37.2,178,0,0,0,0,0,0
1754,L48933,L,25.05,34.35,298.2,307.5,1470,51.3,180,0,0,0,0,0,0
1755,M16614,M,24.85,34.25,298.0,307.4,1463,46.5,182,0,0,0,0,0,0
1756,L48935,L,24.85,34.15,298.0,307.3,1424,46.5,185,0,0,0,0,0,0
1757,M16616,M,24.95,34.25,298.1,307.4,1363,60.1,187,0,0,0,0,0,0
1758,M16617,M,24.95,34.25,298.1,307.4,1335,56.2,190,0,0,0,0,0,0
1759,L48938,L,24.95,34.25,298.1,307.4,1608,33.9,193,0,0,0,0,0,0
1760,H31173,H,24.85,34.25,298.0,307.4,1606,35.2,195,0,0,0,0,0,0
1761,L48940,L,24.95,34.35,298.1,307.5,1684,33.1,200,0,0,0,0,0,0
1762,L48941,L,24.95,34.45,298.1,307.6,1950,20.3,202,0,0,0,0,0,0
1763,H31176,H,25.05,34.45,298.2,307.6,1460,48.6,204,0,0,0,0,0,0
1764,L48943,L,25.05,34.45,298.2,307.6,1511,31.0,209,1,1,0,0,0,0
1765,H31178,H,25.05,34.45,298.2,307.6,1318,55.7,0,0,0,0,0,0,0
1766,L48945,L,25.05,34.45,298.2,307.6,1368,51.8,5,0,0,0,0,0,0
1767,M16626,M,25.15,34.55,298.3,307.7,1717,27.1,7,0,0,0,0,0,0
1768,M16627,M,25.15,34.55,298.3,307.7,1520,41.4,10,0,0,0,0,0,0
1769,M16628,M,25.15,34.65,298.3,307.8,1485,42.0,13,0,0,0,0,0,0
1770,L48949,L,25.25,34.75,298.4,307.9,1981,23.2,16,0,0,0,0,0,0
1771,H31184,H,25.25,34.75,298.4,307.9,1605,31.0,18,0,0,0,0,0,0
1772,L48951,L,25.25,34.75,298.4,307.9,1446,45.3,23,0,0,0,0,0,0
1773,L48952,L,25.25,34.85,298.4,308.0,1508,47.9,25,0,0,0,0,0,0
1774,L48953,L,25.35,34.85,298.5,308.0,1384,59.5,27,0,0,0,0,0,0
1775,M16634,M,25.35,34.85,298.5,308.0,1519,37.3,29,0,0,0,0,0,0
1776,L48955,L,25.35,34.85,298.5,308.0,1404,48.1,32,0,0,0,0,0,0
1777,L48956,L,25.35,34.95,298.5,308.1,1564,31.1,34,0,0,0,0,0,0
1778,H31191,H,25.45,35.05,298.6,308.2,1555,36.8,36,0,0,0,0,0,0
1779,L48958,L,25.45,35.05,298.6,308.2,1325,54.0,41,0,0,0,0,0,0
1780,M16639,M,25.45,35.05,298.6,308.2,1488,44.0,43,0,0,0,0,0,0
1781,L48960,L,25.35,35.05,298.5,308.2,1595,32.3,46,0,0,0,0,0,0
1782,L48961,L,25.35,34.95,298.5,308.1,1662,28.6,48,0,0,0,0,0,0
1783,L48962,L,25.25,34.85,298.4,308.0,1571,37.4,50,0,0,0,0,0,0
1784,H31197,H,25.15,34.85,298.3,308.0,1553,41.0,52,0,0,0,0,0,0
1785,L48964,L,25.15,34.85,298.3,308.0,2886,3.8,57,1,0,0,1,0,0
1786,L48965,L,25.05,34.85,298.2,308.0,1538,38.2,59,0,0,0,0,0,0
1787,L48966,L,25.25,35.05,298.4,308.2,1618,33.0,61,0,0,0,0,0,0
1788,L48967,L,25.25,35.05,298.4,308.2,1364,45.9,63,0,0,0,0,0,0
1789,L48968,L,25.15,34.85,298.3,308.0,1442,47.3,65,0,0,0,0,0,0
1790,L48969,L,25.05,34.75,298.2,307.9,1313,67.3,67,1,0,0,1,0,0
1791,L48970,L,25.05,34.75,298.2,307.9,1847,23.6,69,0,0,0,0,0,0
1792,L48971,L,24.95,34.65,298.1,307.8,1524,40.8,71,0,0,0,0,0,0
1793,M16652,M,24.95,34.55,298.1,307.7,1445,48.0,73,0,0,0,0,0,0
1794,L48973,L,24.95,34.65,298.1,307.8,1761,28.2,76,0,0,0,0,0,0
1795,M16654,M,24.95,34.65,298.1,307.8,1514,43.5,78,0,0,0,0,0,0
1796,M16655,M,24.95,34.55,298.1,307.7,1498,38.3,81,0,0,0,0,0,0
1797,H31210,H,24.95,34.45,298.1,307.6,1542,37.1,84,0,0,0,0,0,0
1798,M16657,M,24.85,34.45,298.0,307.6,1508,41.8,89,0,0,0,0,0,0
1799,M16658,M,24.85,34.35,298.0,307.5,1431,52.9,92,0,0,0,0,0,0
1800,M16659,M,24.85,34.35,298.0,307.5,1427,45.1,95,0,0,0,0,0,0
1801,M16660,M,24.85,34.35,298.0,307.5,1524,36.3,98,0,0,0,0,0,0
1802,M16661,M,24.85,34.35,298.0,307.5,1427,43.6,101,0,0,0,0,0,0
1803,H31216,H,24.95,34.45,298.1,307.6,1496,44.1,104,0,0,0,0,0,0
1804,L48983,L,24.95,34.55,298.1,307.7,1388,40.3,109,0,0,0,0,0,0
1805,L48984,L,24.95,34.55,298.1,307.7,1495,48.1,111,0,0,0,0,0,0
1806,H31219,H,24.95,34.55,298.1,307.7,1376,56.2,113,0,0,0,0,0,0
1807,H31220,H,24.85,34.45,298.0,307.6,1593,32.2,118,0,0,0,0,0,0
1808,L48987,L,24.85,34.45,298.0,307.6,1654,28.9,123,0,0,0,0,0,0
1809,L48988,L,24.95,34.55,298.1,307.7,2567,12.8,125,1,0,0,1,0,0
1810,L48989,L,24.95,34.55,298.1,307.7,1767,27.0,127,0,0,0,0,0,0
1811,L48990,L,24.95,34.45,298.1,307.6,1364,53.8,129,0,0,0,0,0,0
1812,M16671,M,24.95,34.65,298.1,307.8,1569,31.2,131,0,0,0,0,0,0
1813,L48992,L,25.05,34.65,298.2,307.8,1476,36.8,134,0,0,0,0,0,0
1814,L48993,L,24.95,34.55,298.1,307.7,1479,45.0,136,0,0,0,0,0,0
1815,L48994,L,24.95,34.55,298.1,307.7,1650,34.1,138,0,0,0,0,0,0
1816,M16675,M,24.95,34.45,298.1,307.6,1565,36.3,140,0,0,0,0,0,0
1817,L48996,L,24.95,34.45,298.1,307.6,1460,46.5,143,0,0,0,0,0,0
1818,L48997,L,24.95,34.55,298.1,307.7,1664,27.6,145,0,0,0,0,0,0
1819,M16678,M,24.95,34.55,298.1,307.7,1435,40.9,147,0,0,0,0,0,0
1820,M16679,M,24.95,34.45,298.1,307.6,2066,19.2,150,0,0,0,0,0,0
1821,L49000,L,24.95,34.35,298.1,307.5,1493,43.7,153,0,0,0,0,0,0
1822,L49001,L,24.95,34.45,298.1,307.6,1354,43.3,155,0,0,0,0,0,0
1823,L49002,L,24.95,34.45,298.1,307.6,1488,39.4,157,0,0,0,0,0,0
1824,L49003,L,24.95,34.55,298.1,307.7,1414,48.7,159,0,0,0,0,0,0
1825,L49004,L,24.95,34.35,298.1,307.5,1391,57.4,161,0,0,0,0,0,0
1826,M16685,M,24.85,34.35,298.0,307.5,1784,27.8,163,0,0,0,0,0,0
1827,H31240,H,24.65,34.15,297.8,307.3,1516,40.1,166,0,0,0,0,0,0
1828,M16687,M,24.75,34.15,297.9,307.3,1420,47.8,171,0,0,0,0,0,0
1829,L49008,L,24.65,34.05,297.8,307.2,1351,56.3,174,0,0,0,0,0,0
1830,L49009,L,24.65,34.05,297.8,307.2,1880,23.0,176,0,0,0,0,0,0
1831,L49010,L,24.65,34.15,297.8,307.3,1859,24.0,178,0,0,0,0,0,0
1832,M16691,M,24.65,34.15,297.8,307.3,1315,54.0,180,0,0,0,0,0,0
1833,M16692,M,24.65,34.25,297.8,307.4,1330,51.7,183,0,0,0,0,0,0
1834,L49013,L,24.65,34.15,297.8,307.3,1327,61.0,186,1,0,0,0,1,0
1835,L49014,L,24.65,34.05,297.8,307.2,1498,38.1,188,0,0,0,0,0,0
1836,H31249,H,24.65,34.15,297.8,307.3,1555,35.8,190,0,0,0,0,0,0
1837,L49016,L,24.55,34.05,297.7,307.2,1518,35.8,195,0,0,0,0,0,0
1838,L49017,L,24.55,34.05,297.7,307.2,1392,43.0,197,0,0,0,0,0,0
1839,M16698,M,24.65,34.05,297.8,307.2,1456,39.6,199,0,0,0,0,0,0
1840,L49019,L,24.55,33.95,297.7,307.1,1715,30.2,0,0,0,0,0,0,0
1841,M16700,M,24.55,34.05,297.7,307.2,1405,43.7,2,0,0,0,0,0,0
1842,L49021,L,24.55,34.05,297.7,307.2,1668,37.8,5,0,0,0,0,0,0
1843,H31256,H,24.55,33.95,297.7,307.1,1855,22.5,7,0,0,0,0,0,0
1844,L49023,L,24.45,33.95,297.6,307.1,1496,39.2,12,0,0,0,0,0,0
1845,M16704,M,24.45,33.95,297.6,307.1,1471,44.9,14,0,0,0,0,0,0
1846,L49025,L,24.55,34.05,297.7,307.2,1444,40.0,17,0,0,0,0,0,0
1847,H31260,H,24.55,34.15,297.7,307.3,1514,38.6,19,0,0,0,0,0,0
1848,L49027,L,24.65,34.15,297.8,307.3,1412,50.7,24,0,0,0,0,0,0
1849,H31262,H,24.55,34.05,297.7,307.2,1429,44.1,26,0,0,0,0,0,0
1850,L49029,L,24.55,34.05,297.7,307.2,1668,32.7,31,0,0,0,0,0,0
1851,M16710,M,24.55,34.05,297.7,307.2,1372,52.8,33,0,0,0,0,0,0
1852,M16711,M,24.55,34.15,297.7,307.3,1365,49.2,36,0,0,0,0,0,0
1853,M16712,M,24.45,33.95,297.6,307.1,1526,39.1,39,0,0,0,0,0,0
1854,L49033,L,24.45,34.05,297.6,307.2,1486,40.6,42,0,0,0,0,0,0
1855,M16714,M,24.45,34.05,297.6,307.2,1470,42.6,44,0,0,0,0,0,0
1856,H31269,H,24.55,34.15,297.7,307.3,1249,62.8,47,0,0,0,0,0,0
1857,M16716,M,24.65,34.25,297.8,307.4,1752,26.1,52,0,0,0,0,0,0
1858,L49037,L,24.55,34.25,297.7,307.4,1643,36.5,55,0,0,0,0,0,0
1859,M16718,M,24.65,34.25,297.8,307.4,1488,36.1,57,0,0,0,0,0,0
1860,L49039,L,24.65,34.25,297.8,307.4,1355,45.8,60,0,0,0,0,0,0
1861,L49040,L,24.65,34.45,297.8,307.6,1607,30.3,62,0,0,0,0,0,0
1862,M16721,M,24.75,34.45,297.9,307.6,1609,30.3,64,0,0,0,0,0,0
1863,L49042,L,24.75,34.55,297.9,307.7,1517,44.4,67,0,0,0,0,0,0
1864,M16723,M,24.75,34.55,297.9,307.7,1517,39.5,69,0,0,0,0,0,0
1865,L49044,L,24.75,34.55,297.9,307.7,1546,37.6,72,0,0,0,0,0,0
1866,L49045,L,24.75,34.55,297.9,307.7,1567,34.7,74,0,0,0,0,0,0
1867,M16726,M,24.95,34.75,298.1,307.9,1662,28.9,76,0,0,0,0,0,0
1868,L49047,L,24.95,34.75,298.1,307.9,1502,41.8,79,0,0,0,0,0,0
1869,L49048,L,25.15,34.85,298.3,308.0,1361,56.9,81,0,0,0,0,0,0
1870,M16729,M,25.15,34.95,298.3,308.1,1630,32.7,83,0,0,0,0,0,0
1871,L49050,L,25.15,34.85,298.3,308.0,1486,42.3,86,0,0,0,0,0,0
1872,L49051,L,25.15,34.95,298.3,308.1,1840,21.5,88,0,0,0,0,0,0
1873,L49052,L,25.15,34.95,298.3,308.1,1326,58.4,90,0,0,0,0,0,0
1874,L49053,L,25.25,34.95,298.4,308.1,1367,57.8,92,0,0,0,0,0,0
1875,L49054,L,25.25,34.95,298.4,308.1,1598,32.7,94,0,0,0,0,0,0
1876,L49055,L,25.15,34.85,298.3,308.0,1363,50.1,96,0,0,0,0,0,0
1877,L49056,L,25.15,34.85,298.3,308.0,1242,62.0,98,0,0,0,0,0,0
1878,M16737,M,25.05,34.65,298.2,307.8,1566,33.8,100,0,0,0,0,0,0
1879,M16738,M,24.95,34.55,298.1,307.7,1424,47.7,103,0,0,0,0,0,0
1880,M16739,M,25.05,34.55,298.2,307.7,1608,33.8,106,0,0,0,0,0,0
1881,L49060,L,24.95,34.55,298.1,307.7,1705,29.1,109,0,0,0,0,0,0
1882,L49061,L,24.85,34.45,298.0,307.6,1548,45.8,111,0,0,0,0,0,0
1883,M16742,M,24.85,34.45,298.0,307.6,1581,43.4,113,0,0,0,0,0,0
1884,M16743,M,24.85,34.45,298.0,307.6,1472,46.7,116,0,0,0,0,0,0
1885,M16744,M,24.85,34.45,298.0,307.6,1792,26.0,119,0,0,0,0,0,0
1886,L49065,L,24.85,34.45,298.0,307.6,1683,32.8,122,0,0,0,0,0,0
1887,L49066,L,24.75,34.45,297.9,307.6,1503,40.7,124,0,0,0,0,0,0
1888,M16747,M,24.75,34.35,297.9,307.5,1642,32.4,126,0,0,0,0,0,0
1889,M16748,M,24.65,34.25,297.8,307.4,1902,24.3,129,0,0,0,0,0,0
1890,H31303,H,24.55,34.25,297.7,307.4,1432,40.2,132,0,0,0,0,0,0
1891,L49070,L,24.65,34.25,297.8,307.4,1512,40.8,137,0,0,0,0,0,0
1892,L49071,L,24.55,34.25,297.7,307.4,1764,29.0,139,0,0,0,0,0,0
1893,M16752,M,24.65,34.25,297.8,307.4,1438,43.6,141,0,0,0,0,0,0
1894,L49073,L,24.65,34.35,297.8,307.5,1631,29.9,144,0,0,0,0,0,0
1895,H31308,H,24.75,34.35,297.9,307.5,1880,23.3,146,0,0,0,0,0,0
1896,L49075,L,24.75,34.45,297.9,307.6,1344,54.3,151,0,0,0,0,0,0
1897,L49076,L,24.75,34.35,297.9,307.5,1574,35.8,153,0,0,0,0,0,0
1898,L49077,L,24.65,34.25,297.8,307.4,1418,41.2,155,0,0,0,0,0,0
1899,L49078,L,24.65,34.35,297.8,307.5,1372,54.1,157,0,0,0,0,0,0
1900,L49079,L,24.65,34.35,297.8,307.5,1388,40.0,159,0,0,0,0,0,0
1901,H31314,H,24.75,34.45,297.9,307.6,1493,36.0,161,0,0,0,0,0,0
1902,M16761,M,24.75,34.45,297.9,307.6,1505,40.1,166,0,0,0,0,0,0
1903,L49082,L,24.85,34.45,298.0,307.6,1694,29.1,169,0,0,0,0,0,0
1904,L49083,L,24.75,34.45,297.9,307.6,1968,20.4,171,0,0,0,0,0,0
1905,M16764,M,24.85,34.45,298.0,307.6,1569,35.6,173,0,0,0,0,0,0
1906,L49085,L,24.75,34.45,297.9,307.6,1687,29.1,176,0,0,0,0,0,0
1907,L49086,L,24.75,34.45,297.9,307.6,1430,52.4,178,0,0,0,0,0,0
1908,L49087,L,24.75,34.45,297.9,307.6,1504,42.4,180,0,0,0,0,0,0
1909,L49088,L,24.75,34.45,297.9,307.6,1977,20.2,182,0,0,0,0,0,0
1910,L49089,L,24.85,34.55,298.0,307.7,1435,45.6,184,0,0,0,0,0,0
1911,H31324,H,24.85,34.55,298.0,307.7,1547,36.8,186,0,0,0,0,0,0
1912,M16771,M,24.95,34.65,298.1,307.8,1316,57.2,191,0,0,0,0,0,0
1913,M16772,M,24.85,34.55,298.0,307.7,1621,34.9,194,0,0,0,0,0,0
1914,M16773,M,24.85,34.65,298.0,307.8,1492,40.2,197,0,0,0,0,0,0
1915,L49094,L,24.85,34.55,298.0,307.7,1643,32.3,200,0,0,0,0,0,0
1916,L49095,L,24.85,34.55,298.0,307.7,1492,38.7,202,0,0,0,0,0,0
1917,L49096,L,24.85,34.55,298.0,307.7,1387,50.8,204,0,0,0,0,0,0
1918,M16777,M,24.95,34.75,298.1,307.9,1463,47.3,206,0,0,0,0,0,0
1919,M16778,M,24.95,34.75,298.1,307.9,1496,40.0,0,0,0,0,0,0,0
1920,L49099,L,25.05,34.85,298.2,308.0,1658,30.0,3,0,0,0,0,0,0
1921,L49100,L,24.95,34.75,298.1,307.9,2161,17.5,5,0,0,0,0,0,0
1922,L49101,L,24.95,34.75,298.1,307.9,1665,32.0,7,0,0,0,0,0,0
1923,L49102,L,24.85,34.65,298.0,307.8,1716,26.6,9,0,0,0,0,0,0
1924,L49103,L,24.85,34.55,298.0,307.7,1529,34.1,11,0,0,0,0,0,0
1925,L49104,L,24.75,34.55,297.9,307.7,1353,50.7,13,0,0,0,0,0,0
1926,L49105,L,24.75,34.55,297.9,307.7,1537,37.7,15,0,0,0,0,0,0
1927,L49106,L,24.85,34.55,298.0,307.7,1606,30.8,17,0,0,0,0,0,0
1928,H31341,H,24.85,34.65,298.0,307.8,1314,47.8,19,0,0,0,0,0,0
1929,L49108,L,24.85,34.65,298.0,307.8,1623,29.9,24,0,0,0,0,0,0
1930,M16789,M,24.85,34.65,298.0,307.8,1483,50.9,26,0,0,0,0,0,0
1931,M16790,M,24.95,34.75,298.1,307.9,1569,37.0,29,0,0,0,0,0,0
1932,M16791,M,25.05,34.85,298.2,308.0,1969,21.7,32,0,0,0,0,0,0
1933,M16792,M,24.95,34.85,298.1,308.0,1686,29.3,35,0,0,0,0,0,0
1934,L49113,L,24.95,34.85,298.1,308.0,1638,35.1,38,0,0,0,0,0,0
1935,L49114,L,24.95,34.75,298.1,307.9,1698,33.3,40,0,0,0,0,0,0
1936,M16795,M,24.95,34.75,298.1,307.9,1377,55.1,42,0,0,0,0,0,0
1937,M16796,M,24.95,34.85,298.1,308.0,2129,18.4,45,0,0,0,0,0,0
1938,L49117,L,25.05,34.85,298.2,308.0,1411,42.4,48,0,0,0,0,0,0
1939,L49118,L,24.95,34.75,298.1,307.9,1517,40.8,50,0,0,0,0,0,0
1940,M16799,M,24.95,34.75,298.1,307.9,1303,53.9,52,0,0,0,0,0,0
1941,L49120,L,24.95,34.75,298.1,307.9,1578,35.6,55,0,0,0,0,0,0
1942,L49121,L,24.95,34.75,298.1,307.9,1425,58.2,57,0,0,0,0,0,0
1943,L49122,L,24.95,34.85,298.1,308.0,1456,42.4,59,0,0,0,0,0,0
1944,L49123,L,24.95,34.85,298.1,308.0,1704,30.9,61,0,0,0,0,0,0
1945,L49124,L,24.95,34.95,298.1,308.1,1791,27.3,63,0,0,0,0,0,0
1946,L49125,L,24.95,34.95,298.1,308.1,1616,32.8,65,0,0,0,0,0,0
1947,L49126,L,25.05,34.95,298.2,308.1,1622,34.9,67,0,0,0,0,0,0
1948,L49127,L,25.05,34.95,298.2,308.1,1462,49.9,69,0,0,0,0,0,0
1949,L49128,L,24.95,34.95,298.1,308.1,1410,45.8,71,0,0,0,0,0,0
1950,M16809,M,24.95,34.85,298.1,308.0,1543,41.9,73,0,0,0,0,0,0
1951,M16810,M,24.85,34.75,298.0,307.9,1479,47.6,76,0,0,0,0,0,0
1952,L49131,L,24.85,34.65,298.0,307.8,1839,22.7,79,0,0,0,0,0,0
1953,L49132,L,24.85,34.65,298.0,307.8,1266,60.5,81,0,0,0,0,0,0
1954,L49133,L,24.75,34.55,297.9,307.7,1593,34.9,83,0,0,0,0,0,0
1955,L49134,L,24.75,34.65,297.9,307.8,1459,46.9,85,0,0,0,0,0,0
1956,L49135,L,24.75,34.55,297.9,307.7,1308,55.2,87,0,0,0,0,0,0
1957,M16816,M,24.75,34.55,297.9,307.7,1364,46.8,89,0,0,0,0,0,0
1958,H31371,H,24.75,34.55,297.9,307.7,1618,35.9,92,0,0,0,0,0,0
1959,H31372,H,24.75,34.55,297.9,307.7,1464,43.2,97,0,0,0,0,0,0
1960,M16819,M,24.65,34.45,297.8,307.6,1352,49.4,102,0,0,0,0,0,0
1961,L49140,L,24.65,34.45,297.8,307.6,1446,51.4,105,0,0,0,0,0,0
1962,L49141,L,24.65,34.35,297.8,307.5,1448,51.2,107,0,0,0,0,0,0
1963,L49142,L,24.65,34.35,297.8,307.5,1391,48.6,109,0,0,0,0,0,0
1964,L49143,L,24.55,34.35,297.7,307.5,1379,43.3,111,0,0,0,0,0,0
1965,M16824,M,24.65,34.35,297.8,307.5,1405,46.9,113,0,0,0,0,0,0
1966,L49145,L,24.65,34.35,297.8,307.5,1581,33.1,116,0,0,0,0,0,0
1967,L49146,L,24.75,34.45,297.9,307.6,1515,40.5,118,0,0,0,0,0,0
1968,L49147,L,24.75,34.45,297.9,307.6,1589,37.8,120,0,0,0,0,0,0
1969,L49148,L,24.85,34.45,298.0,307.6,1281,50.8,122,0,0,0,0,0,0
1970,H31383,H,24.65,34.35,297.8,307.5,1631,31.3,124,0,0,0,0,0,0
1971,M16830,M,24.75,34.45,297.9,307.6,1202,67.0,129,0,0,0,0,0,0
1972,L49151,L,24.75,34.45,297.9,307.6,1298,52.7,132,0,0,0,0,0,0
1973,L49152,L,24.75,34.45,297.9,307.6,1612,30.7,134,0,0,0,0,0,0
1974,L49153,L,24.75,34.45,297.9,307.6,1747,25.3,136,0,0,0,0,0,0
1975,L49154,L,24.85,34.45,298.0,307.6,1450,48.7,138,0,0,0,0,0,0
1976,L49155,L,24.85,34.55,298.0,307.7,1422,45.6,140,0,0,0,0,0,0
1977,M16836,M,24.95,34.55,298.1,307.7,1419,47.4,142,0,0,0,0,0,0
1978,M16837,M,24.95,34.55,298.1,307.7,1633,30.7,145,0,0,0,0,0,0
1979,L49158,L,24.85,34.55,298.0,307.7,1442,43.6,148,0,0,0,0,0,0
1980,H31393,H,24.85,34.45,298.0,307.6,1420,45.8,150,0,0,0,0,0,0
1981,M16840,M,24.85,34.45,298.0,307.6,1301,58.5,155,0,0,0,0,0,0
1982,L49161,L,24.85,34.45,298.0,307.6,1385,45.0,158,0,0,0,0,0,0
1983,M16842,M,24.85,34.55,298.0,307.7,1487,41.3,160,0,0,0,0,0,0
1984,M16843,M,24.85,34.45,298.0,307.6,1459,44.4,163,0,0,0,0,0,0
1985,M16844,M,24.85,34.35,298.0,307.5,1387,45.5,166,0,0,0,0,0,0
1986,L49165,L,24.95,34.55,298.1,307.7,1537,40.8,169,0,0,0,0,0,0
1987,L49166,L,24.95,34.45,298.1,307.6,1498,42.9,171,0,0,0,0,0,0
1988,M16847,M,25.05,34.65,298.2,307.8,1599,31.2,173,0,0,0,0,0,0
1989,H31402,H,25.15,34.75,298.3,307.9,1420,39.2,176,0,0,0,0,0,0
1990,L49169,L,25.05,34.75,298.2,307.9,1785,23.4,181,0,0,0,0,0,0
1991,L49170,L,25.05,34.65,298.2,307.8,1423,48.1,183,0,0,0,0,0,0
1992,M16851,M,25.05,34.65,298.2,307.8,1583,36.6,185,0,0,0,0,0,0
1993,L49172,L,25.05,34.65,298.2,307.8,1375,46.6,188,0,0,0,0,0,0
1994,M16853,M,25.15,34.85,298.3,308.0,1463,42.5,190,0,0,0,0,0,0
1995,M16854,M,25.05,34.75,298.2,307.9,1403,45.1,193,0,0,0,0,0,0
1996,L49175,L,25.15,34.85,298.3,308.0,1451,47.1,196,0,0,0,0,0,0
1997,M16856,M,25.25,34.85,298.4,308.0,1416,38.2,198,1,1,0,0,0,0
1998,L49177,L,25.15,34.95,298.3,308.1,1672,41.3,0,0,0,0,0,0,0
1999,H31412,H,25.15,34.85,298.3,308.0,1637,30.8,2,0,0,0,0,0,0
2000,L49179,L,25.25,34.85,298.4,308.0,1540,37.8,7,0,0,0,0,0,0
2001,L49180,L,25.25,34.95,298.4,308.1,1279,53.1,9,0,0,0,0,0,0
2002,L49181,L,25.25,35.05,298.4,308.2,1604,34.9,11,0,0,0,0,0,0
2003,L49182,L,25.35,35.05,298.5,308.2,1654,27.1,13,0,0,0,0,0,0
2004,M16863,M,25.35,35.05,298.5,308.2,1564,37.5,15,0,0,0,0,0,0
2005,L49184,L,25.35,35.05,298.5,308.2,1451,47.5,18,0,0,0,0,0,0
2006,L49185,L,25.35,35.15,298.5,308.3,1504,38.0,20,0,0,0,0,0,0
2007,M16866,M,25.35,35.15,298.5,308.3,1381,50.5,22,0,0,0,0,0,0
2008,L49187,L,25.45,35.25,298.6,308.4,1562,34.4,25,0,0,0,0,0,0
2009,L49188,L,25.35,35.15,298.5,308.3,1811,24.7,27,0,0,0,0,0,0
2010,M16869,M,25.45,35.15,298.6,308.3,1717,28.7,29,0,0,0,0,0,0
2011,L49190,L,25.45,35.15,298.6,308.3,1278,60.5,32,0,0,0,0,0,0
2012,L49191,L,25.55,35.35,298.7,308.5,1616,30.2,34,0,0,0,0,0,0
2013,L49192,L,25.45,35.25,298.6,308.4,1397,46.4,36,0,0,0,0,0,0
2014,L49193,L,25.45,35.25,298.6,308.4,1485,42.9,38,0,0,0,0,0,0
2015,L49194,L,25.45,35.25,298.6,308.4,1310,59.7,40,0,0,0,0,0,0
2016,L49195,L,25.35,35.05,298.5,308.2,1301,66.3,42,1,0,0,1,0,0
2017,L49196,L,25.35,35.15,298.5,308.3,1458,44.0,44,0,0,0,0,0,0
2018,L49197,L,25.55,35.35,298.7,308.5,1483,42.5,46,0,0,0,0,0,0
2019,L49198,L,25.55,35.35,298.7,308.5,1375,46.4,48,0,0,0,0,0,0
2020,M16879,M,25.55,35.35,298.7,308.5,1660,27.0,50,0,0,0,0,0,0
2021,H31434,H,25.55,35.25,298.7,308.4,1560,33.3,53,0,0,0,0,0,0
2022,L49201,L,25.55,35.35,298.7,308.5,1480,42.2,58,0,0,0,0,0,0
2023,L49202,L,25.55,35.25,298.7,308.4,1373,46.9,60,0,0,0,0,0,0
2024,L49203,L,25.55,35.35,298.7,308.5,1444,54.2,62,0,0,0,0,0,0
2025,M16884,M,25.55,35.45,298.7,308.6,1722,24.7,64,0,0,0,0,0,0
2026,L49205,L,25.55,35.35,298.7,308.5,1469,39.9,67,0,0,0,0,0,0
2027,M16886,M,25.55,35.35,298.7,308.5,1360,52.9,69,0,0,0,0,0,0
2028,L49207,L,25.55,35.25,298.7,308.4,1750,25.8,72,0,0,0,0,0,0
2029,M16888,M,25.55,35.15,298.7,308.3,1349,46.6,74,0,0,0,0,0,0
2030,L49209,L,25.55,35.35,298.7,308.5,1668,35.2,77,0,0,0,0,0,0
2031,L49210,L,25.75,35.45,298.9,308.6,1400,49.5,79,0,0,0,0,0,0
2032,L49211,L,25.65,35.45,298.8,308.6,1331,62.8,81,0,0,0,0,0,0
2033,L49212,L,25.65,35.35,298.8,308.5,1444,42.2,83,0,0,0,0,0,0
2034,H31447,H,25.65,35.35,298.8,308.5,1359,47.6,85,0,0,0,0,0,0
2035,M16894,M,25.65,35.35,298.8,308.5,1425,47.4,90,0,0,0,0,0,0
2036,M16895,M,25.75,35.45,298.9,308.6,1469,34.2,93,0,0,0,0,0,0
2037,L49216,L,25.85,35.55,299.0,308.7,1892,22.8,96,0,0,0,0,0,0
2038,H31451,H,25.85,35.55,299.0,308.7,1940,19.9,98,0,0,0,0,0,0
2039,L49218,L,25.85,35.65,299.0,308.8,1405,55.2,103,0,0,0,0,0,0
2040,M16899,M,25.85,35.75,299.0,308.9,1449,39.6,105,0,0,0,0,0,0
2041,L49220,L,25.95,35.75,299.1,308.9,1686,29.6,108,0,0,0,0,0,0
2042,L49221,L,25.95,35.75,299.1,308.9,1680,27.2,110,0,0,0,0,0,0
2043,M16902,M,25.95,35.75,299.1,308.9,1397,52.4,112,0,0,0,0,0,0
2044,M16903,M,26.05,35.85,299.2,309.0,1597,30.3,115,0,0,0,0,0,0
2045,L49224,L,26.15,35.95,299.3,309.1,1470,41.1,118,0,0,0,0,0,0
2046,M16905,M,26.15,35.95,299.3,309.1,1703,31.3,120,0,0,0,0,0,0
2047,L49226,L,26.15,35.95,299.3,309.1,1388,45.5,123,0,0,0,0,0,0
2048,L49227,L,26.15,36.05,299.3,309.2,1775,24.2,125,0,0,0,0,0,0
2049,L49228,L,26.15,36.05,299.3,309.2,1465,41.5,127,0,0,0,0,0,0
2050,M16909,M,26.15,36.05,299.3,309.2,1586,37.9,129,0,0,0,0,0,0
2051,M16910,M,26.35,36.15,299.5,309.3,1675,29.2,132,0,0,0,0,0,0
2052,M16911,M,26.25,36.05,299.4,309.2,1470,44.4,135,0,0,0,0,0,0
2053,L49232,L,26.35,36.15,299.5,309.3,1477,40.4,138,0,0,0,0,0,0
2054,L49233,L,26.35,36.15,299.5,309.3,1382,61.0,140,0,0,0,0,0,0
2055,M16914,M,26.45,36.25,299.6,309.4,1605,29.8,142,0,0,0,0,0,0
2056,L49235,L,26.45,36.25,299.6,309.4,1643,32.9,145,0,0,0,0,0,0
2057,L49236,L,26.35,36.15,299.5,309.3,1333,54.1,147,0,0,0,0,0,0
2058,L49237,L,26.35,36.15,299.5,309.3,1520,42.3,149,0,0,0,0,0,0
2059,M16918,M,26.35,36.15,299.5,309.3,1902,24.0,151,0,0,0,0,0,0
2060,H31473,H,26.35,36.25,299.5,309.4,1386,44.4,154,0,0,0,0,0,0
2061,L49240,L,26.45,36.35,299.6,309.5,1803,27.7,159,0,0,0,0,0,0
2062,L49241,L,26.55,36.45,299.7,309.6,1359,50.7,161,0,0,0,0,0,0
2063,M16922,M,26.55,36.45,299.7,309.6,1477,42.7,163,0,0,0,0,0,0
2064,L49243,L,26.55,36.45,299.7,309.6,1321,53.4,166,0,0,0,0,0,0
2065,L49244,L,26.45,36.35,299.6,309.5,1453,41.4,168,0,0,0,0,0,0
2066,L49245,L,26.55,36.45,299.7,309.6,1419,45.1,170,0,0,0,0,0,0
2067,L49246,L,26.55,36.45,299.7,309.6,1512,36.2,172,0,0,0,0,0,0
2068,L49247,L,26.55,36.45,299.7,309.6,1553,36.8,174,0,0,0,0,0,0
2069,M16928,M,26.55,36.45,299.7,309.6,1534,39.1,176,0,0,0,0,0,0
2070,H31483,H,26.55,36.45,299.7,309.6,1553,41.0,179,0,0,0,0,0,0
2071,L49250,L,26.55,36.35,299.7,309.5,1352,49.7,184,0,0,0,0,0,0
2072,M16931,M,26.55,36.45,299.7,309.6,1313,60.0,186,0,0,0,0,0,0
2073,L49252,L,26.45,36.35,299.6,309.5,1570,35.5,189,0,0,0,0,0,1
2074,L49253,L,26.45,36.25,299.6,309.4,1677,31.1,191,0,0,0,0,0,0
2075,L49254,L,26.35,36.25,299.5,309.4,1602,31.5,193,0,0,0,0,0,0
2076,L49255,L,26.35,36.25,299.5,309.4,1390,58.8,195,1,0,0,0,1,0
2077,L49256,L,26.25,36.15,299.4,309.3,1544,36.0,197,0,0,0,0,0,0
2078,L49257,L,26.25,36.25,299.4,309.4,1701,31.2,199,0,0,0,0,0,0
2079,M16938,M,26.25,36.15,299.4,309.3,1692,28.4,201,0,0,0,0,0,0
2080,M16939,M,26.15,36.15,299.3,309.3,1523,37.9,204,0,0,0,0,0,0
2081,L49260,L,26.15,36.05,299.3,309.2,2280,15.4,207,0,0,0,0,0,0
2082,M16941,M,26.25,36.15,299.4,309.3,1485,47.1,209,0,0,0,0,0,0
2083,H31496,H,26.25,36.05,299.4,309.2,1513,36.1,212,0,0,0,0,0,0
2084,H31497,H,26.25,36.15,299.4,309.3,1743,28.2,0,0,0,0,0,0,0
2085,L49264,L,26.35,36.15,299.5,309.3,1442,46.2,5,0,0,0,0,0,0
2086,L49265,L,26.35,36.15,299.5,309.3,1462,46.7,7,0,0,0,0,0,0
2087,H31500,H,26.25,36.15,299.4,309.3,1439,49.7,9,0,0,0,0,0,0
2088,L49267,L,26.35,36.15,299.5,309.3,1577,36.6,14,0,0,0,0,0,0
2089,L49268,L,26.45,36.25,299.6,309.4,1331,46.4,16,0,0,0,0,0,0
2090,L49269,L,26.35,36.15,299.5,309.3,1941,22.5,18,0,0,0,0,0,0
2091,L49270,L,26.35,36.05,299.5,309.2,1393,47.3,20,0,0,0,0,0,0
2092,L49271,L,26.25,36.05,299.4,309.2,1433,42.1,22,0,0,0,0,0,0
2093,L49272,L,26.25,36.05,299.4,309.2,1444,48.2,24,0,0,0,0,0,0
2094,L49273,L,26.25,36.05,299.4,309.2,1564,39.0,26,0,0,0,0,0,0
2095,L49274,L,26.25,36.15,299.4,309.3,1377,43.6,28,0,0,0,0,0,0
2096,L49275,L,26.25,36.15,299.4,309.3,1525,41.5,30,0,0,0,0,0,0
2097,M16956,M,26.35,36.25,299.5,309.4,1387,56.2,32,0,0,0,0,0,0
2098,M16957,M,26.25,36.25,299.4,309.4,1326,47.5,35,0,0,0,0,0,0
2099,L49278,L,26.25,36.15,299.4,309.3,1401,59.0,38,0,0,0,0,0,0
2100,L49279,L,26.25,36.15,299.4,309.3,1596,31.8,40,0,0,0,0,0,0
2101,M16960,M,26.15,36.15,299.3,309.3,1471,46.0,42,0,0,0,0,0,0
2102,L49281,L,26.15,36.15,299.3,309.3,1528,37.8,45,0,0,0,0,0,0
2103,L49282,L,26.15,36.15,299.3,309.3,1325,62.0,47,0,0,0,0,0,0
2104,M16963,M,26.15,35.95,299.3,309.1,1376,46.7,49,0,0,0,0,0,0
2105,M16964,M,26.15,35.95,299.3,309.1,1600,35.3,52,0,0,0,0,0,0
2106,L49285,L,26.15,35.95,299.3,309.1,1495,44.0,55,0,0,0,0,0,0
2107,L49286,L,26.25,35.95,299.4,309.1,1645,28.6,57,0,0,0,0,0,0
2108,M16967,M,26.25,35.95,299.4,309.1,1417,47.3,59,0,0,0,0,0,0
2109,H31522,H,26.25,35.85,299.4,309.0,1415,51.7,62,0,0,0,0,0,0
2110,M16969,M,26.15,35.85,299.3,309.0,1496,43.4,67,0,0,0,0,0,0
2111,H31524,H,26.15,35.85,299.3,309.0,1508,35.0,70,0,0,0,0,0,0
2112,L49291,L,26.25,35.85,299.4,309.0,1436,47.9,75,0,0,0,0,0,0
2113,L49292,L,26.35,35.95,299.5,309.1,1852,22.6,77,0,0,0,0,0,0
2114,L49293,L,26.35,35.95,299.5,309.1,1863,22.5,79,0,0,0,0,0,0
2115,H31528,H,26.25,35.95,299.4,309.1,1373,44.1,81,0,0,0,0,0,0
2116,L49295,L,26.25,35.85,299.4,309.0,1404,47.3,86,0,0,0,0,0,0
2117,M16976,M,26.25,35.85,299.4,309.0,1381,44.9,88,0,0,0,0,0,0
2118,H31531,H,26.25,35.75,299.4,308.9,1762,29.3,91,0,0,0,0,0,0
2119,H31532,H,26.15,35.75,299.3,308.9,1429,43.0,96,0,0,0,0,0,0
2120,M16979,M,26.15,35.75,299.3,308.9,1858,24.7,101,0,0,0,0,0,0
2121,H31534,H,26.05,35.65,299.2,308.8,1908,21.3,104,0,0,0,0,0,0
2122,M16981,M,26.05,35.65,299.2,308.8,1503,37.4,109,0,0,0,0,0,0
2123,M16982,M,26.05,35.65,299.2,308.8,1523,38.9,112,0,0,0,0,0,0
2124,L49303,L,26.15,35.85,299.3,309.0,1491,38.4,115,0,0,0,0,0,0
2125,L49304,L,26.05,35.75,299.2,308.9,1430,39.1,117,0,0,0,0,0,0
2126,L49305,L,26.15,35.75,299.3,308.9,1258,69.4,119,1,0,0,1,0,0
2127,L49306,L,26.15,35.85,299.3,309.0,1449,46.5,121,0,0,0,0,0,0
2128,H31541,H,26.15,35.85,299.3,309.0,1425,40.6,123,0,0,0,0,0,0
2129,L49308,L,26.25,35.85,299.4,309.0,1800,24.3,128,0,0,0,0,0,0
2130,H31543,H,26.25,35.85,299.4,309.0,1607,33.7,130,0,0,0,0,0,0
2131,L49310,L,26.25,35.85,299.4,309.0,1391,58.2,135,0,0,0,0,0,0
2132,L49311,L,26.25,35.95,299.4,309.1,1432,45.4,137,0,0,0,0,0,0
2133,L49312,L,26.25,35.85,299.4,309.0,1660,28.4,139,0,0,0,0,0,0
2134,H31547,H,26.15,35.85,299.3,309.0,1732,29.7,141,0,0,0,0,0,0
2135,L49314,L,26.15,35.85,299.3,309.0,1473,46.3,146,0,0,0,0,0,0
2136,L49315,L,26.15,35.85,299.3,309.0,1511,47.8,148,0,0,0,0,0,0
2137,L49316,L,26.05,35.75,299.2,308.9,1588,41.5,150,0,0,0,0,0,0
2138,L49317,L,26.15,35.75,299.3,308.9,1623,31.1,152,0,0,0,0,0,0
2139,L49318,L,26.15,35.85,299.3,309.0,1734,30.6,154,0,0,0,0,0,0
2140,L49319,L,26.15,35.85,299.3,309.0,1415,47.6,156,0,0,0,0,0,0
2141,L49320,L,26.15,35.85,299.3,309.0,1419,46.6,158,0,0,0,0,0,0
2142,M17001,M,26.15,35.75,299.3,308.9,1577,34.9,160,0,0,0,0,0,0
2143,L49322,L,26.15,35.75,299.3,308.9,1376,60.3,163,0,0,0,0,0,0
2144,M17003,M,26.15,35.65,299.3,308.8,1442,49.0,165,0,0,0,0,0,0
2145,L49324,L,26.25,35.75,299.4,308.9,1451,40.5,168,0,0,0,0,0,0
2146,L49325,L,26.15,35.65,299.3,308.8,1550,45.8,170,0,0,0,0,0,0
2147,L49326,L,26.15,35.65,299.3,308.8,1647,32.9,172,0,0,0,0,0,0
2148,L49327,L,26.25,35.75,299.4,308.9,1550,33.7,174,0,0,0,0,0,0
2149,L49328,L,26.25,35.75,299.4,308.9,1583,34.1,176,0,0,0,0,0,0
2150,L49329,L,26.25,35.85,299.4,309.0,1613,32.2,178,0,0,0,0,0,0
2151,H31564,H,26.15,35.65,299.3,308.8,1636,35.5,180,0,0,0,0,0,0
2152,M17011,M,26.15,35.55,299.3,308.7,1289,51.5,185,0,0,0,0,0,0
2153,M17012,M,26.15,35.65,299.3,308.8,1648,28.4,188,0,0,0,0,0,0
2154,H31567,H,26.15,35.65,299.3,308.8,1397,45.4,191,0,0,0,0,0,0
2155,M17014,M,26.15,35.75,299.3,308.9,1767,24.8,196,0,0,0,0,0,0
2156,L49335,L,26.15,35.65,299.3,308.8,1341,47.7,199,0,0,0,0,0,0
2157,M17016,M,26.25,35.75,299.4,308.9,1457,41.5,201,0,0,0,0,0,0
2158,M17017,M,26.25,35.85,299.4,309.0,1939,19.8,204,0,0,0,0,0,0
2159,M17018,M,26.35,35.85,299.5,309.0,1399,49.7,207,0,0,0,0,0,0
2160,M17019,M,26.35,35.85,299.5,309.0,1602,31.3,210,0,0,0,0,0,0
2161,L49340,L,26.25,35.85,299.4,309.0,1507,41.0,213,0,0,0,0,0,0
2162,L49341,L,26.25,35.95,299.4,309.1,1464,40.5,215,0,0,0,0,0,0
2163,L49342,L,26.35,35.95,299.5,309.1,1336,42.1,217,0,0,0,0,0,0
2164,L49343,L,26.45,36.05,299.6,309.2,1422,39.8,219,0,0,0,0,0,0
2165,L49344,L,26.45,36.05,299.6,309.2,1540,36.7,221,0,0,0,0,0,0
2166,L49345,L,26.35,35.95,299.5,309.1,1476,47.8,223,0,0,0,0,0,0
2167,M17026,M,26.45,36.05,299.6,309.2,1867,23.4,225,1,1,0,0,0,0
2168,H31581,H,26.45,35.95,299.6,309.1,1588,41.3,0,0,0,0,0,0,0
2169,M17028,M,26.35,35.95,299.5,309.1,1420,49.5,5,0,0,0,0,0,0
2170,L49349,L,26.35,35.95,299.5,309.1,1415,49.2,8,0,0,0,0,0,0
2171,M17030,M,26.25,35.95,299.4,309.1,1500,43.3,10,0,0,0,0,0,0
2172,L49351,L,26.35,35.95,299.5,309.1,1502,44.6,13,0,0,0,0,0,0
2173,L49352,L,26.35,36.05,299.5,309.2,1816,23.0,15,0,0,0,0,0,0
2174,M17033,M,26.35,36.05,299.5,309.2,1495,41.6,17,0,0,0,0,0,0
2175,L49354,L,26.45,36.05,299.6,309.2,1572,33.4,20,0,0,0,0,0,0
2176,M17035,M,26.35,36.05,299.5,309.2,1590,35.9,22,0,0,0,0,0,0
2177,M17036,M,26.45,36.15,299.6,309.3,1387,48.3,25,0,0,0,0,0,0
2178,M17037,M,26.45,36.05,299.6,309.2,1393,47.7,28,0,0,0,0,0,0
2179,L49358,L,26.45,36.05,299.6,309.2,1602,37.3,31,0,0,0,0,0,0
2180,L49359,L,26.45,36.05,299.6,309.2,1601,33.3,33,0,0,0,0,0,0
2181,H31594,H,26.45,36.05,299.6,309.2,1597,36.3,35,0,0,0,0,0,0
2182,H31595,H,26.35,35.95,299.5,309.1,1548,44.3,40,0,0,0,0,0,0
2183,M17042,M,26.35,36.05,299.5,309.2,1314,61.8,45,0,0,0,0,0,0
2184,M17043,M,26.45,36.15,299.6,309.3,1577,39.8,48,0,0,0,0,0,0
2185,L49364,L,26.65,36.25,299.8,309.4,1475,43.4,51,0,0,0,0,0,0
2186,L49365,L,26.65,36.25,299.8,309.4,1630,32.4,53,0,0,0,0,0,0
2187,L49366,L,26.55,36.25,299.7,309.4,1445,42.9,55,0,0,0,0,0,0
2188,M17047,M,26.65,36.25,299.8,309.4,1439,47.4,57,0,0,0,0,0,0
2189,L49368,L,26.55,36.15,299.7,309.3,1420,44.1,60,0,0,0,0,0,0
2190,H31603,H,26.55,36.05,299.7,309.2,1554,41.6,62,0,0,0,0,0,0
2191,M17050,M,26.45,35.95,299.6,309.1,1471,44.3,67,0,0,0,0,0,0
2192,L49371,L,26.45,35.85,299.6,309.0,1648,33.6,70,0,0,0,0,0,0
2193,L49372,L,26.45,35.85,299.6,309.0,1472,48.8,72,0,0,0,0,0,0
2194,M17053,M,26.35,35.75,299.5,308.9,1448,42.9,74,0,0,0,0,0,0
2195,M17054,M,26.45,35.75,299.6,308.9,1568,35.3,77,0,0,0,0,0,0
2196,L49375,L,26.45,35.75,299.6,308.9,1613,30.8,80,0,0,0,0,0,0
2197,M17056,M,26.55,35.75,299.7,308.9,1551,35.4,82,0,0,0,0,0,0
2198,L49377,L,26.55,35.85,299.7,309.0,1412,49.2,85,0,0,0,0,0,0
2199,M17058,M,26.55,35.75,299.7,308.9,1478,41.0,87,0,0,0,0,0,0
2200,M17059,M,26.65,35.95,299.8,309.1,1268,58.0,90,0,0,0,0,0,0
2201,L49380,L,26.65,35.95,299.8,309.1,1546,35.6,93,0,0,0,0,0,0
2202,L49381,L,26.65,35.85,299.8,309.0,1567,36.1,95,0,0,0,0,0,0
2203,M17062,M,26.75,36.05,299.9,309.2,1548,35.7,97,0,0,0,0,0,0
2204,L49383,L,26.65,35.85,299.8,309.0,1614,30.8,100,0,0,0,0,0,0
2205,M17064,M,26.55,35.95,299.7,309.1,1352,46.1,102,0,0,0,0,0,0
2206,L49385,L,26.75,36.05,299.9,309.2,1624,34.6,105,0,0,0,0,0,0
2207,L49386,L,26.75,36.05,299.9,309.2,1436,52.0,107,0,0,0,0,0,0
2208,L49387,L,26.65,36.05,299.8,309.2,1591,37.5,109,0,0,0,0,0,0
2209,H31622,H,26.65,36.05,299.8,309.2,1435,42.6,111,0,0,0,0,0,0
2210,L49389,L,26.65,36.15,299.8,309.3,1386,49.4,116,0,0,0,0,0,0
2211,L49390,L,26.55,36.05,299.7,309.2,1401,54.1,118,0,0,0,0,0,0
2212,M17071,M,26.45,35.85,299.6,309.0,1245,64.0,120,0,0,0,0,0,0
2213,L49392,L,26.55,35.95,299.7,309.1,1475,40.0,123,0,0,0,0,0,0
2214,L49393,L,26.55,35.95,299.7,309.1,1473,39.4,125,0,0,0,0,0,0
2215,H31628,H,26.55,36.05,299.7,309.2,1355,44.8,127,0,0,0,0,0,0
2216,H31629,H,26.55,36.05,299.7,309.2,1468,49.6,132,0,0,0,0,0,0
2217,L49396,L,26.55,36.05,299.7,309.2,1645,30.8,137,0,0,0,0,0,0
2218,L49397,L,26.55,35.95,299.7,309.1,1347,55.3,139,0,0,0,0,0,0
2219,L49398,L,26.55,35.95,299.7,309.1,1713,33.5,141,0,0,0,0,0,0
2220,M17079,M,26.45,35.95,299.6,309.1,1435,48.4,143,0,0,0,0,0,0
2221,M17080,M,26.45,35.85,299.6,309.0,1736,26.1,146,0,0,0,0,0,0
2222,L49401,L,26.45,35.85,299.6,309.0,1372,60.4,149,0,0,0,0,0,0
2223,L49402,L,26.55,35.85,299.7,309.0,1605,33.0,151,0,0,0,0,0,0
2224,L49403,L,26.45,35.85,299.6,309.0,1413,48.5,153,0,0,0,0,0,0
2225,M17084,M,26.55,35.85,299.7,309.0,1645,31.9,155,0,0,0,0,0,0
2226,M17085,M,26.55,35.85,299.7,309.0,1465,49.0,158,0,0,0,0,0,0
2227,M17086,M,26.45,35.75,299.6,308.9,1685,27.8,161,0,0,0,0,0,0
2228,L49407,L,26.35,35.65,299.5,308.8,1965,20.4,164,0,0,0,0,0,0
2229,H31642,H,26.25,35.45,299.4,308.6,1542,41.8,166,0,0,0,0,0,0
2230,L49409,L,26.25,35.55,299.4,308.7,1681,30.8,171,0,0,0,0,0,0
2231,L49410,L,26.35,35.55,299.5,308.7,1446,45.7,173,0,0,0,0,0,0
2232,L49411,L,26.25,35.45,299.4,308.6,1415,56.4,175,0,0,0,0,0,0
2233,L49412,L,26.35,35.45,299.5,308.6,1672,30.5,177,0,0,0,0,0,0
2234,L49413,L,26.35,35.55,299.5,308.7,2549,13.0,179,1,0,0,1,0,0
2235,L49414,L,26.25,35.45,299.4,308.6,1492,40.5,181,0,0,0,0,0,0
2236,M17095,M,26.25,35.45,299.4,308.6,1455,42.7,183,0,0,0,0,0,0
2237,M17096,M,26.15,35.35,299.3,308.5,1422,43.1,186,0,0,0,0,0,0
2238,L49417,L,26.15,35.45,299.3,308.6,1403,50.6,189,0,0,0,0,0,0
2239,L49418,L,26.15,35.45,299.3,308.6,1474,49.6,191,0,0,0,0,0,0
2240,L49419,L,26.05,35.45,299.2,308.6,1381,50.0,193,0,0,0,0,0,0
2241,L49420,L,26.05,35.35,299.2,308.5,1457,44.7,195,0,0,0,0,0,0
2242,L49421,L,26.05,35.25,299.2,308.4,1711,28.9,197,0,0,0,0,0,0
2243,L49422,L,26.05,35.25,299.2,308.4,1667,29.0,199,0,0,0,0,0,0
2244,L49423,L,26.05,35.25,299.2,308.4,1465,35.0,201,0,0,0,0,0,0
2245,M17104,M,26.15,35.25,299.3,308.4,1542,37.5,203,1,1,0,0,0,0
2246,M17105,M,26.15,35.25,299.3,308.4,1438,42.3,0,0,0,0,0,0,0
2247,L49426,L,26.15,35.25,299.3,308.4,1406,47.4,3,0,0,0,0,0,0
2248,M17107,M,26.05,35.25,299.2,308.4,1396,48.5,5,0,0,0,0,0,0
2249,M17108,M,26.15,35.35,299.3,308.5,1304,60.6,8,0,0,0,0,0,0
2250,L49429,L,26.05,35.35,299.2,308.5,1442,46.5,11,0,0,0,0,0,0
2251,M17110,M,26.05,35.25,299.2,308.4,1396,48.7,13,0,0,0,0,0,0
2252,H31665,H,25.95,35.15,299.1,308.3,1424,43.4,16,0,0,0,0,0,0
2253,H31666,H,25.95,35.15,299.1,308.3,1451,42.8,21,0,0,0,0,0,0
2254,L49433,L,26.05,35.25,299.2,308.4,1386,54.1,26,0,0,0,0,0,0
2255,L49434,L,25.95,35.15,299.1,308.3,1325,46.9,28,0,0,0,0,0,0
2256,L49435,L,25.95,35.15,299.1,308.3,1559,33.7,30,0,0,0,0,0,0
2257,L49436,L,25.95,35.15,299.1,308.3,1489,38.1,32,0,0,0,0,0,0
2258,L49437,L,25.95,35.15,299.1,308.3,1892,25.2,34,0,0,0,0,0,0
2259,L49438,L,25.95,35.05,299.1,308.2,1319,60.3,36,0,0,0,0,0,0
2260,L49439,L,25.95,35.15,299.1,308.3,1431,52.3,38,0,0,0,0,0,0
2261,H31674,H,25.95,35.15,299.1,308.3,1521,36.5,40,0,0,0,0,0,0
2262,M17121,M,25.95,35.05,299.1,308.2,1435,45.2,45,0,0,0,0,0,0
2263,L49442,L,25.95,35.15,299.1,308.3,1533,42.4,48,0,0,0,0,0,0
2264,M17123,M,26.05,35.25,299.2,308.4,1529,43.0,50,0,0,0,0,0,0
2265,M17124,M,26.05,35.25,299.2,308.4,1415,43.5,53,0,0,0,0,0,0
2266,M17125,M,26.05,35.25,299.2,308.4,1330,51.2,56,0,0,0,0,0,0
2267,L49446,L,26.05,35.35,299.2,308.5,1381,60.6,59,0,0,0,0,0,0
2268,L49447,L,26.05,35.35,299.2,308.5,1370,52.4,61,0,0,0,0,0,0
2269,L49448,L,26.05,35.35,299.2,308.5,1438,46.6,63,0,0,0,0,0,0
2270,L49449,L,26.15,35.45,299.3,308.6,1314,48.2,65,0,0,0,0,0,0
2271,L49450,L,26.15,35.45,299.3,308.6,1437,48.1,67,0,0,0,0,0,0
2272,L49451,L,26.05,35.35,299.2,308.5,1821,26.1,69,0,0,0,0,0,0
2273,M17132,M,26.15,35.45,299.3,308.6,1448,52.1,71,0,0,0,0,0,0
2274,L49453,L,26.15,35.35,299.3,308.5,1589,32.7,74,0,0,0,0,0,0
2275,L49454,L,26.15,35.45,299.3,308.6,1520,33.7,76,0,0,0,0,0,0
2276,L49455,L,26.15,35.45,299.3,308.6,1605,37.0,78,0,0,0,0,0,0
2277,L49456,L,26.15,35.55,299.3,308.7,1393,54.2,80,0,0,0,0,0,0
2278,H31691,H,26.15,35.55,299.3,308.7,1408,44.4,82,0,0,0,0,0,0
2279,M17138,M,26.15,35.55,299.3,308.7,1459,35.6,87,0,0,0,0,0,0
2280,L49459,L,26.25,35.55,299.4,308.7,1525,39.0,90,0,0,0,0,0,0
2281,L49460,L,26.25,35.65,299.4,308.8,1390,57.0,92,0,0,0,0,0,0
2282,L49461,L,26.15,35.55,299.3,308.7,1536,38.9,94,0,0,0,0,0,0
2283,L49462,L,26.25,35.55,299.4,308.7,1459,47.6,96,0,0,0,0,0,0
2284,L49463,L,26.05,35.35,299.2,308.5,1387,51.1,98,0,0,0,0,0,0
2285,L49464,L,26.05,35.35,299.2,308.5,1378,53.4,100,0,0,0,0,0,0
2286,L49465,L,26.25,35.55,299.4,308.7,1381,56.7,102,0,0,0,0,0,0
2287,M17146,M,26.25,35.55,299.4,308.7,1289,60.5,104,0,0,0,0,0,0
2288,L49467,L,26.25,35.45,299.4,308.6,1746,26.8,107,0,0,0,0,0,0
2289,M17148,M,26.25,35.45,299.4,308.6,1541,39.1,109,0,0,0,0,0,0
2290,L49469,L,26.25,35.55,299.4,308.7,1504,37.8,112,0,0,0,0,0,0
2291,M17150,M,26.35,35.55,299.5,308.7,1321,51.9,114,0,0,0,0,0,0
2292,M17151,M,26.35,35.65,299.5,308.8,1886,20.9,117,0,0,0,0,0,0
2293,L49472,L,26.45,35.75,299.6,308.9,1422,53.2,120,0,0,0,0,0,0
2294,L49473,L,26.35,35.75,299.5,308.9,1520,38.3,122,0,0,0,0,0,0
2295,L49474,L,26.25,35.65,299.4,308.8,1627,32.6,124,0,0,0,0,0,0
2296,L49475,L,26.25,35.55,299.4,308.7,1512,37.2,126,0,0,0,0,0,0
2297,L49476,L,26.25,35.55,299.4,308.7,1553,42.7,128,0,0,0,0,0,0
2298,L49477,L,26.15,35.55,299.3,308.7,1802,26.0,130,0,0,0,0,0,0
2299,L49478,L,26.15,35.45,299.3,308.6,1482,37.6,132,0,0,0,0,0,0
2300,L49479,L,26.25,35.55,299.4,308.7,1446,62.9,134,1,0,0,1,0,0
2301,L49480,L,26.15,35.45,299.3,308.6,1371,50.5,136,0,0,0,0,0,0
2302,M17161,M,26.05,35.45,299.2,308.6,1586,35.7,138,0,0,0,0,0,0
2303,L49482,L,26.05,35.35,299.2,308.5,1515,39.8,141,0,0,0,0,0,0
2304,L49483,L,26.05,35.35,299.2,308.5,1374,53.6,143,0,0,0,0,0,0
2305,L49484,L,25.95,35.35,299.1,308.5,1455,39.8,145,0,0,0,0,0,0
2306,H31719,H,26.05,35.35,299.2,308.5,1342,47.5,147,0,0,0,0,0,0
2307,L49486,L,25.95,35.45,299.1,308.6,1260,57.8,152,0,0,0,0,0,0
2308,H31721,H,25.85,35.35,299.0,308.5,1623,33.5,154,0,0,0,0,0,0
2309,L49488,L,25.95,35.35,299.1,308.5,1371,55.5,159,0,0,0,0,0,0
2310,L49489,L,25.95,35.45,299.1,308.6,1611,31.4,161,0,0,0,0,0,0
2311,M17170,M,25.85,35.25,299.0,308.4,1535,47.5,163,0,0,0,0,0,0
2312,M17171,M,25.95,35.45,299.1,308.6,1491,38.5,166,0,0,0,0,0,0
2313,M17172,M,25.95,35.45,299.1,308.6,1441,36.2,169,0,0,0,0,0,0
2314,M17173,M,25.95,35.65,299.1,308.8,1725,26.6,172,0,0,0,0,0,0
2315,L49494,L,26.05,35.75,299.2,308.9,1368,47.2,175,0,0,0,0,0,0
2316,L49495,L,26.05,35.75,299.2,308.9,1526,37.9,177,0,0,0,0,0,0
2317,L49496,L,26.05,35.65,299.2,308.8,1542,39.2,179,0,0,0,0,0,0
2318,L49497,L,26.05,35.65,299.2,308.8,1605,31.1,181,0,0,0,0,0,0
2319,L49498,L,26.05,35.65,299.2,308.8,1405,51.4,183,0,0,0,0,0,0
2320,M17179,M,26.05,35.65,299.2,308.8,1700,33.5,185,0,0,0,0,0,0
2321,H31734,H,26.05,35.65,299.2,308.8,1440,39.1,188,0,0,0,0,0,0
2322,M17181,M,26.05,35.65,299.2,308.8,1314,52.5,193,0,0,0,0,0,0
2323,L49502,L,26.05,35.55,299.2,308.7,1514,41.9,196,0,0,0,0,0,0
2324,M17183,M,26.05,35.55,299.2,308.7,1401,47.0,198,0,0,0,0,0,0
2325,L49504,L,26.15,35.65,299.3,308.8,1636,29.9,201,0,0,0,0,0,0
2326,L49505,L,26.15,35.65,299.3,308.8,1603,33.9,203,0,0,0,0,0,0
2327,M17186,M,26.25,35.55,299.4,308.7,1487,52.6,205,0,0,0,0,0,0
2328,M17187,M,26.15,35.55,299.3,308.7,1420,50.3,208,0,0,0,0,0,0
2329,L49508,L,26.15,35.55,299.3,308.7,1579,36.3,211,0,0,0,0,0,0
2330,L49509,L,26.15,35.55,299.3,308.7,1484,40.5,213,0,0,0,0,0,0
2331,M17190,M,26.15,35.55,299.3,308.7,1390,49.3,215,0,0,0,0,0,0
2332,L49511,L,26.15,35.45,299.3,308.6,1384,53.6,218,1,0,0,0,1,0
2333,L49512,L,26.05,35.35,299.2,308.5,1378,50.4,220,1,0,0,0,1,0
2334,L49513,L,26.05,35.35,299.2,308.5,1445,45.2,222,0,0,0,0,0,0
2335,L49514,L,26.05,35.25,299.2,308.4,1445,43.5,224,0,0,0,0,0,0
2336,L49515,L,26.05,35.25,299.2,308.4,1509,39.4,0,0,0,0,0,0,0
2337,L49516,L,26.05,35.25,299.2,308.4,1434,46.8,2,0,0,0,0,0,0
2338,L49517,L,26.05,35.25,299.2,308.4,1877,23.9,4,0,0,0,0,0,0
2339,L49518,L,26.15,35.15,299.3,308.3,1651,28.0,6,0,0,0,0,0,0
2340,L49519,L,26.05,35.05,299.2,308.2,1466,41.3,8,0,0,0,0,0,0
2341,L49520,L,25.95,34.95,299.1,308.1,1479,40.7,10,0,0,0,0,0,0
2342,L49521,L,25.95,35.05,299.1,308.2,1409,46.4,12,0,0,0,0,0,0
2343,M17202,M,26.05,35.05,299.2,308.2,1674,28.2,14,0,0,0,0,0,0
2344,L49523,L,25.95,35.15,299.1,308.3,1305,61.4,17,0,0,0,0,0,0
2345,M17204,M,26.05,35.15,299.2,308.3,1755,26.4,19,0,0,0,0,0,0
2346,L49525,L,26.05,35.25,299.2,308.4,1475,38.7,22,0,0,0,0,0,0
2347,L49526,L,26.05,35.25,299.2,308.4,1402,47.7,24,0,0,0,0,0,0
2348,L49527,L,26.05,35.15,299.2,308.3,1410,43.0,26,0,0,0,0,0,0
2349,L49528,L,26.05,35.25,299.2,308.4,1436,41.8,28,0,0,0,0,0,0
2350,M17209,M,26.15,35.35,299.3,308.5,1386,42.2,30,0,0,0,0,0,0
2351,L49530,L,26.15,35.45,299.3,308.6,1744,26.4,33,0,0,0,0,0,0
2352,L49531,L,26.05,35.25,299.2,308.4,1393,48.4,35,0,0,0,0,0,0
2353,M17212,M,26.15,35.35,299.3,308.5,1422,45.4,37,0,0,0,0,0,0
2354,L49533,L,26.05,35.25,299.2,308.4,1841,22.8,40,0,0,0,0,0,0
2355,L49534,L,26.15,35.45,299.3,308.6,1433,37.7,42,0,0,0,0,0,0
2356,M17215,M,26.15,35.35,299.3,308.5,1305,60.6,44,0,0,0,0,0,0
2357,H31770,H,26.15,35.45,299.3,308.6,1498,39.5,47,0,0,0,0,0,0
2358,L49537,L,26.15,35.35,299.3,308.5,1772,26.1,52,0,0,0,0,0,0
2359,M17218,M,26.05,35.25,299.2,308.4,1381,42.5,54,0,0,0,0,0,0
2360,L49539,L,26.15,35.35,299.3,308.5,1413,38.5,57,0,0,0,0,0,0
2361,H31774,H,26.05,35.25,299.2,308.4,1388,53.2,59,0,0,0,0,0,0
2362,M17221,M,26.05,35.45,299.2,308.6,1631,35.4,64,0,0,0,0,0,0
2363,H31776,H,26.15,35.45,299.3,308.6,1520,41.4,67,0,0,0,0,0,0
2364,L49543,L,26.15,35.35,299.3,308.5,1510,45.4,72,0,0,0,0,0,0
2365,L49544,L,26.05,35.35,299.2,308.5,1366,49.7,74,0,0,0,0,0,0
2366,L49545,L,26.25,35.35,299.4,308.5,1845,22.9,76,0,0,0,0,0,0
2367,L49546,L,26.15,35.35,299.3,308.5,1485,44.7,78,0,0,0,0,0,0
2368,M17227,M,26.15,35.35,299.3,308.5,1496,39.4,80,0,0,0,0,0,0
2369,M17228,M,26.15,35.25,299.3,308.4,1468,42.2,83,0,0,0,0,0,0
2370,M17229,M,26.05,35.25,299.2,308.4,1856,22.7,86,0,0,0,0,0,0
2371,L49550,L,26.05,35.25,299.2,308.4,1620,34.1,89,0,0,0,0,0,0
2372,L49551,L,26.15,35.35,299.3,308.5,1409,44.8,91,0,0,0,0,0,0
2373,M17232,M,26.15,35.35,299.3,308.5,1404,49.4,93,0,0,0,0,0,0
2374,L49553,L,26.05,35.25,299.2,308.4,1350,51.3,96,0,0,0,0,0,0
2375,M17234,M,26.05,35.25,299.2,308.4,1538,38.0,98,0,0,0,0,0,0
2376,M17235,M,26.05,35.25,299.2,308.4,1476,32.7,101,0,0,0,0,0,0
2377,M17236,M,26.05,35.15,299.2,308.3,1364,51.8,104,0,0,0,0,0,0
2378,M17237,M,26.05,35.15,299.2,308.3,1582,45.5,107,0,0,0,0,0,0
2379,L49558,L,25.95,35.05,299.1,308.2,1348,56.1,110,0,0,0,0,0,0
2380,H31793,H,25.95,35.05,299.1,308.2,1450,46.1,112,0,0,0,0,0,0
2381,L49560,L,25.85,34.95,299.0,308.1,1242,60.9,117,0,0,0,0,0,0
2382,L49561,L,25.95,35.05,299.1,308.2,1493,34.9,119,0,0,0,0,0,0
2383,L49562,L,25.95,35.15,299.1,308.3,1601,31.4,121,0,0,0,0,0,0
2384,L49563,L,25.95,35.05,299.1,308.2,1568,33.3,123,0,0,0,0,0,0
2385,M17244,M,25.95,35.15,299.1,308.3,1506,38.0,125,0,0,0,0,0,0
2386,L49565,L,25.95,35.15,299.1,308.3,1524,34.1,128,0,0,0,0,0,0
2387,L49566,L,25.95,35.25,299.1,308.4,1543,37.9,130,0,0,0,0,0,0
2388,M17247,M,26.05,35.35,299.2,308.5,1474,47.2,132,0,0,0,0,0,0
2389,M17248,M,26.05,35.35,299.2,308.5,1526,37.3,135,0,0,0,0,0,0
2390,L49569,L,26.05,35.35,299.2,308.5,1867,27.0,138,0,0,0,0,0,0
2391,L49570,L,26.05,35.35,299.2,308.5,1487,41.2,140,0,0,0,0,0,0
2392,L49571,L,26.05,35.25,299.2,308.4,1580,32.6,142,0,0,0,0,0,0
2393,L49572,L,26.05,35.35,299.2,308.5,1340,50.0,144,0,0,0,0,0,0
2394,L49573,L,26.05,35.35,299.2,308.5,1544,41.6,146,0,0,0,0,0,0
2395,L49574,L,26.05,35.35,299.2,308.5,1488,40.3,148,0,0,0,0,0,0
2396,M17255,M,26.05,35.35,299.2,308.5,1742,28.9,150,0,0,0,0,0,0
2397,M17256,M,25.95,35.35,299.1,308.5,1592,34.2,153,0,0,0,0,0,0
2398,L49577,L,26.05,35.45,299.2,308.6,1582,38.8,156,0,0,0,0,0,0
2399,L49578,L,26.05,35.35,299.2,308.5,1490,43.2,158,0,0,0,0,0,0
2400,M17259,M,26.05,35.35,299.2,308.5,1594,35.8,160,0,0,0,0,0,0
2401,H31814,H,26.05,35.45,299.2,308.6,1462,55.0,163,0,0,0,0,0,0
2402,M17261,M,26.05,35.45,299.2,308.6,1367,47.6,168,0,0,0,0,0,0
2403,L49582,L,26.05,35.55,299.2,308.7,1325,51.0,171,0,0,0,0,0,0
2404,H31817,H,26.05,35.55,299.2,308.7,1448,51.4,173,0,0,0,0,0,0
2405,M17264,M,25.95,35.55,299.1,308.7,2008,20.3,178,0,0,0,0,0,0
2406,L49585,L,25.95,35.55,299.1,308.7,1498,38.9,181,0,0,0,0,0,0
2407,L49586,L,25.95,35.45,299.1,308.6,1437,41.6,183,0,0,0,0,0,0
2408,M17267,M,25.95,35.45,299.1,308.6,1499,45.1,185,0,0,0,0,0,0
2409,L49588,L,25.85,35.25,299.0,308.4,1356,52.6,188,0,0,0,0,0,0
2410,L49589,L,25.95,35.35,299.1,308.5,1539,46.8,190,0,0,0,0,0,0
2411,L49590,L,25.95,35.35,299.1,308.5,1689,32.1,192,0,0,0,0,0,0
2412,L49591,L,25.85,35.35,299.0,308.5,1559,38.1,194,0,0,0,0,0,0
2413,L49592,L,25.95,35.45,299.1,308.6,1408,46.7,196,0,0,0,0,0,0
2414,L49593,L,25.85,35.35,299.0,308.5,1886,23.0,198,0,0,0,0,0,0
2415,L49594,L,25.95,35.35,299.1,308.5,1415,43.4,0,0,0,0,0,0,0
2416,M17275,M,25.95,35.35,299.1,308.5,1587,35.6,2,0,0,0,0,0,0
2417,L49596,L,25.85,35.25,299.0,308.4,1571,38.6,5,0,0,0,0,0,0
2418,L49597,L,25.75,35.15,298.9,308.3,1576,36.6,7,0,0,0,0,0,0
2419,L49598,L,25.75,35.15,298.9,308.3,1660,34.4,9,0,0,0,0,0,0
2420,M17279,M,25.75,35.05,298.9,308.2,1328,49.2,11,0,0,0,0,0,0
2421,H31834,H,25.65,35.05,298.8,308.2,1450,44.7,14,0,0,0,0,0,0
2422,L49601,L,25.75,35.05,298.9,308.2,2384,15.0,19,0,0,0,0,0,0
2423,L49602,L,25.65,35.05,298.8,308.2,1443,53.4,21,0,0,0,0,0,0
2424,M17283,M,25.75,35.05,298.9,308.2,2022,20.0,23,0,0,0,0,0,0
2425,L49604,L,25.75,35.05,298.9,308.2,1828,23.8,26,0,0,0,0,0,0
2426,L49605,L,25.65,34.95,298.8,308.1,1472,53.5,28,0,0,0,0,0,0
2427,M17286,M,25.75,35.05,298.9,308.2,1372,63.6,30,1,0,0,1,0,0
2428,L49607,L,25.75,35.15,298.9,308.3,1855,23.8,33,0,0,0,0,0,0
2429,M17288,M,25.85,35.15,299.0,308.3,1377,47.2,35,0,0,0,0,0,0
2430,L49609,L,25.75,35.15,298.9,308.3,1432,48.9,38,0,0,0,0,0,0
2431,M17290,M,25.75,35.05,298.9,308.2,1335,47.8,40,0,0,0,0,0,0
2432,M17291,M,25.75,35.05,298.9,308.2,1411,51.3,43,0,0,0,0,0,0
2433,L49612,L,25.75,35.05,298.9,308.2,1510,43.5,46,0,0,0,0,0,0
2434,L49613,L,25.85,35.15,299.0,308.3,1441,44.0,48,0,0,0,0,0,0
2435,M17294,M,25.85,35.05,299.0,308.2,1358,42.7,50,0,0,0,0,0,0
2436,L49615,L,25.75,35.05,298.9,308.2,1686,30.4,53,0,0,0,0,0,0
2437,H31850,H,25.85,35.05,299.0,308.2,1662,30.4,55,0,0,0,0,0,0
2438,L49617,L,25.95,35.15,299.1,308.3,1426,40.1,60,0,0,0,0,0,0
2439,M17298,M,25.95,35.25,299.1,308.4,1330,53.6,62,0,0,0,0,0,0
2440,L49619,L,25.95,35.25,299.1,308.4,1693,31.6,65,0,0,0,0,0,0
2441,L49620,L,25.95,35.25,299.1,308.4,1426,47.9,67,0,0,0,0,0,0
2442,L49621,L,25.95,35.35,299.1,308.5,1676,31.0,69,0,0,0,0,0,0
2443,M17302,M,25.95,35.25,299.1,308.4,1332,51.7,71,0,0,0,0,0,0
2444,L49623,L,25.95,35.35,299.1,308.5,1647,35.0,74,0,0,0,0,0,0
2445,L49624,L,26.05,35.45,299.2,308.6,1267,68.2,76,1,0,0,1,0,0
2446,H31859,H,26.05,35.55,299.2,308.7,1375,55.1,78,0,0,0,0,0,0
2447,L49626,L,26.15,35.45,299.3,308.6,1422,48.9,83,0,0,0,0,0,0
2448,L49627,L,26.15,35.55,299.3,308.7,1408,48.7,85,0,0,0,0,0,0
2449,L49628,L,26.25,35.75,299.4,308.9,1440,42.5,87,0,0,0,0,0,0
2450,L49629,L,26.15,35.65,299.3,308.8,1772,25.2,89,0,0,0,0,0,0
2451,L49630,L,26.05,35.55,299.2,308.7,1492,37.8,91,0,0,0,0,0,0
2452,L49631,L,26.05,35.55,299.2,308.7,1650,30.5,93,0,0,0,0,0,0
2453,M17312,M,25.95,35.45,299.1,308.6,2329,14.6,95,0,0,0,0,0,0
2454,L49633,L,25.85,35.45,299.0,308.6,1648,30.8,98,0,0,0,0,0,0
2455,L49634,L,25.85,35.45,299.0,308.6,1653,31.7,100,0,0,0,0,0,0
2456,L49635,L,25.85,35.45,299.0,308.6,1946,22.3,102,0,0,0,0,0,0
2457,L49636,L,25.95,35.45,299.1,308.6,1555,36.6,104,0,0,0,0,0,0
2458,L49637,L,25.85,35.45,299.0,308.6,1661,32.2,106,0,0,0,0,0,0
2459,L49638,L,25.85,35.45,299.0,308.6,1434,45.9,108,0,0,0,0,0,0
2460,L49639,L,25.85,35.45,299.0,308.6,1297,54.2,110,0,0,0,0,0,0
2461,L49640,L,25.85,35.45,299.0,308.6,1466,46.4,112,0,0,0,0,0,0
2462,M17321,M,25.75,35.45,298.9,308.6,1517,39.8,114,0,0,0,0,0,0
2463,L49642,L,25.75,35.35,298.9,308.5,1742,34.5,117,0,0,0,0,0,0
2464,L49643,L,25.75,35.35,298.9,308.5,1580,39.1,119,0,0,0,0,0,0
2465,M17324,M,25.75,35.35,298.9,308.5,1534,42.9,121,0,0,0,0,0,0
2466,L49645,L,25.75,35.45,298.9,308.6,1481,40.7,124,0,0,0,0,0,0
2467,L49646,L,25.85,35.45,299.0,308.6,1429,37.7,126,0,0,0,0,0,0
2468,M17327,M,25.75,35.45,298.9,308.6,1574,33.5,128,0,0,0,0,0,0
2469,M17328,M,25.75,35.45,298.9,308.6,1524,40.4,131,0,0,0,0,0,0
2470,L49649,L,25.85,35.55,299.0,308.7,1507,37.5,134,0,0,0,0,0,0
2471,L49650,L,25.75,35.35,298.9,308.5,1467,44.7,136,0,0,0,0,0,0
2472,L49651,L,25.75,35.25,298.9,308.4,1301,51.1,138,0,0,0,0,0,0
2473,L49652,L,25.75,35.35,298.9,308.5,1429,55.1,140,0,0,0,0,0,0
2474,M17333,M,25.75,35.35,298.9,308.5,1555,37.6,142,0,0,0,0,0,0
2475,L49654,L,25.75,35.35,298.9,308.5,1503,40.6,145,0,0,0,0,0,0
2476,L49655,L,25.75,35.35,298.9,308.5,1459,43.1,147,0,0,0,0,0,0
2477,H31890,H,25.75,35.25,298.9,308.4,1449,42.4,149,0,0,0,0,0,0
2478,L49657,L,25.75,35.35,298.9,308.5,1387,57.3,154,0,0,0,0,0,0
2479,M17338,M,25.75,35.35,298.9,308.5,1456,50.0,156,0,0,0,0,0,0
2480,L49659,L,25.85,35.35,299.0,308.5,1604,34.7,159,0,0,0,0,0,0
2481,L49660,L,25.85,35.45,299.0,308.6,1734,32.4,161,0,0,0,0,0,0
2482,L49661,L,25.85,35.45,299.0,308.6,1378,47.8,163,0,0,0,0,0,0
2483,L49662,L,25.75,35.55,298.9,308.7,1504,41.8,165,0,0,0,0,0,0
2484,M17343,M,25.75,35.55,298.9,308.7,1402,49.8,167,0,0,0,0,0,0
2485,H31898,H,25.65,35.45,298.8,308.6,1524,37.7,170,0,0,0,0,0,0
2486,L49665,L,25.65,35.45,298.8,308.6,1593,35.5,175,0,0,0,0,0,0
2487,M17346,M,25.75,35.55,298.9,308.7,1772,28.4,177,0,0,0,0,0,0
2488,H31901,H,25.75,35.45,298.9,308.6,1623,31.0,180,0,0,0,0,0,0
2489,L49668,L,25.75,35.55,298.9,308.7,1356,50.7,185,0,0,0,0,0,0
2490,H31903,H,25.75,35.55,298.9,308.7,1500,41.6,187,0,0,0,0,0,0
2491,H31904,H,25.95,35.65,299.1,308.8,1566,46.6,192,0,0,0,0,0,0
2492,L49671,L,25.95,35.75,299.1,308.9,1445,43.4,197,0,0,0,0,0,0
2493,H31906,H,25.85,35.65,299.0,308.8,1382,58.5,199,0,0,0,0,0,0
2494,M17353,M,25.85,35.65,299.0,308.8,1418,45.7,204,0,0,0,0,0,0
2495,L49674,L,25.95,35.65,299.1,308.8,1329,53.6,207,1,0,0,0,1,0
2496,M17355,M,25.95,35.65,299.1,308.8,1491,41.0,209,0,0,0,0,0,0
2497,M17356,M,26.05,35.75,299.2,308.9,1573,37.4,212,0,0,0,0,0,0
2498,M17357,M,26.05,35.75,299.2,308.9,1521,42.3,215,0,0,0,0,0,0
2499,L49678,L,25.95,35.75,299.1,308.9,1467,47.2,218,0,0,0,0,0,0
2500,M17359,M,25.95,35.75,299.1,308.9,1325,48.4,220,0,0,0,0,0,0
2501,L49680,L,25.95,35.75,299.1,308.9,1617,32.3,223,0,0,0,0,0,0
2502,M17361,M,25.95,35.75,299.1,308.9,1476,42.7,225,0,0,0,0,0,0
2503,L49682,L,26.05,35.85,299.2,309.0,1515,48.9,228,1,0,0,0,1,0
2504,L49683,L,26.05,35.85,299.2,309.0,1408,47.2,0,0,0,0,0,0,0
2505,L49684,L,26.05,35.95,299.2,309.1,1468,45.6,2,0,0,0,0,0,0
2506,L49685,L,26.05,35.95,299.2,309.1,1387,48.7,4,0,0,0,0,0,0
2507,M17366,M,26.05,35.95,299.2,309.1,1503,34.7,6,0,0,0,0,0,0
2508,H31921,H,26.05,35.95,299.2,309.1,1410,47.1,9,0,0,0,0,0,0
2509,L49688,L,25.85,35.75,299.0,308.9,1615,30.6,14,0,0,0,0,0,0
2510,L49689,L,25.85,35.75,299.0,308.9,1511,35.9,16,0,0,0,0,0,0
2511,L49690,L,25.95,35.85,299.1,309.0,1405,53.8,18,0,0,0,0,0,0
2512,M17371,M,25.85,35.75,299.0,308.9,1526,41.1,20,0,0,0,0,0,0
2513,L49692,L,25.75,35.65,298.9,308.8,1530,38.3,23,0,0,0,0,0,0
2514,L49693,L,25.85,35.55,299.0,308.7,1583,32.5,25,0,0,0,0,0,0
2515,L49694,L,25.75,35.45,298.9,308.6,2069,18.7,27,0,0,0,0,0,0
2516,L49695,L,25.65,35.35,298.8,308.5,1490,35.0,29,0,0,0,0,0,0
2517,L49696,L,25.65,35.35,298.8,308.5,1736,29.0,31,0,0,0,0,0,0
2518,L49697,L,25.65,35.35,298.8,308.5,1395,44.4,33,0,0,0,0,0,0
2519,M17378,M,25.75,35.45,298.9,308.6,1425,49.6,35,0,0,0,0,0,0
2520,L49699,L,25.65,35.45,298.8,308.6,1631,32.4,38,0,0,0,0,0,0
2521,L49700,L,25.65,35.45,298.8,308.6,1535,41.2,40,0,0,0,0,0,0
2522,L49701,L,25.65,35.45,298.8,308.6,1584,34.4,42,0,0,0,0,0,0
2523,M17382,M,25.65,35.55,298.8,308.7,1543,38.2,44,0,0,0,0,0,0
2524,L49703,L,25.65,35.55,298.8,308.7,1635,35.2,47,0,0,0,0,0,0
2525,M17384,M,25.65,35.55,298.8,308.7,1446,45.5,49,0,0,0,0,0,0
2526,M17385,M,25.65,35.45,298.8,308.6,1598,35.1,52,0,0,0,0,0,0
2527,L49706,L,25.65,35.45,298.8,308.6,1501,35.0,55,0,0,0,0,0,0
2528,L49707,L,25.65,35.35,298.8,308.5,1450,50.8,57,0,0,0,0,0,0
2529,L49708,L,25.65,35.45,298.8,308.6,1730,25.9,59,0,0,0,0,0,0
2530,M17389,M,25.65,35.45,298.8,308.6,1571,33.7,61,0,0,0,0,0,0
2531,L49710,L,25.75,35.55,298.9,308.7,1438,51.7,64,0,0,0,0,0,0
2532,M17391,M,25.65,35.35,298.8,308.5,1510,38.7,66,0,0,0,0,0,0
2533,L49712,L,25.75,35.55,298.9,308.7,1389,44.9,69,0,0,0,0,0,0
2534,L49713,L,25.65,35.55,298.8,308.7,1490,33.6,71,0,0,0,0,0,0
2535,L49714,L,25.75,35.55,298.9,308.7,1729,26.6,73,0,0,0,0,0,0
2536,L49715,L,25.85,35.65,299.0,308.8,1495,38.4,75,0,0,0,0,0,0
2537,L49716,L,25.75,35.65,298.9,308.8,1281,53.9,77,0,0,0,0,0,0
2538,H31951,H,25.75,35.55,298.9,308.7,1353,48.1,79,0,0,0,0,0,0
2539,L49718,L,25.95,35.65,299.1,308.8,1429,50.1,84,0,0,0,0,0,0
2540,L49719,L,25.95,35.65,299.1,308.8,1413,42.1,86,0,0,0,0,0,0
2541,L49720,L,25.95,35.65,299.1,308.8,1502,38.3,88,0,0,0,0,0,0
2542,H31955,H,25.95,35.65,299.1,308.8,1553,32.6,90,0,0,0,0,0,0
2543,H31956,H,26.05,35.75,299.2,308.9,1712,26.4,95,0,0,0,0,0,0
2544,L49723,L,26.15,35.85,299.3,309.0,1786,23.5,100,0,0,0,0,0,0
2545,L49724,L,26.05,35.85,299.2,309.0,1951,21.4,102,0,0,0,0,0,0
2546,M17405,M,26.05,35.85,299.2,309.0,1541,36.3,104,0,0,0,0,0,0
2547,L49726,L,26.05,35.95,299.2,309.1,1605,34.3,107,0,0,0,0,0,0
2548,L49727,L,26.05,35.95,299.2,309.1,1578,38.1,109,0,0,0,0,0,0
2549,M17408,M,26.15,36.05,299.3,309.2,1440,37.5,111,0,0,0,0,0,0
2550,L49729,L,26.25,36.05,299.4,309.2,1489,42.3,114,0,0,0,0,0,0
2551,L49730,L,26.25,36.15,299.4,309.3,1366,48.4,116,0,0,0,0,0,0
2552,L49731,L,26.15,36.05,299.3,309.2,1541,37.2,118,0,0,0,0,0,0
2553,H31966,H,26.15,35.95,299.3,309.1,1552,40.7,120,0,0,0,0,0,0
2554,L49733,L,26.15,35.95,299.3,309.1,1473,40.3,125,0,0,0,0,0,0
2555,L49734,L,26.15,35.95,299.3,309.1,1531,37.9,127,0,0,0,0,0,0
2556,L49735,L,26.15,36.05,299.3,309.2,1511,37.2,129,0,0,0,0,0,0
2557,M17416,M,26.15,35.95,299.3,309.1,1449,47.9,131,0,0,0,0,0,0
2558,M17417,M,26.25,35.95,299.4,309.1,1440,50.0,134,0,0,0,0,0,0
2559,M17418,M,26.05,35.85,299.2,309.0,1881,23.9,137,0,0,0,0,0,0
2560,L49739,L,26.15,35.85,299.3,309.0,1447,50.4,140,0,0,0,0,0,1
2561,M17420,M,26.25,35.95,299.4,309.1,1326,62.0,142,0,0,0,0,0,0
2562,L49741,L,26.25,36.05,299.4,309.2,1607,31.7,145,0,0,0,0,0,0
2563,L49742,L,26.15,35.95,299.3,309.1,1551,39.1,147,0,0,0,0,0,0
2564,L49743,L,26.15,35.95,299.3,309.1,1496,37.2,149,0,0,0,0,0,0
2565,L49744,L,26.15,35.95,299.3,309.1,1493,38.0,151,0,0,0,0,0,0
2566,L49745,L,26.25,35.95,299.4,309.1,1304,50.5,153,0,0,0,0,0,0
2567,M17426,M,26.15,35.85,299.3,309.0,1420,41.6,155,0,0,0,0,0,0
2568,L49747,L,26.25,35.95,299.4,309.1,1766,24.6,158,0,0,0,0,0,0
2569,L49748,L,26.45,36.05,299.6,309.2,1450,43.1,160,0,0,0,0,0,0
2570,H31983,H,26.35,36.05,299.5,309.2,1872,22.6,162,0,0,0,0,0,0
2571,L49750,L,26.45,36.05,299.6,309.2,1713,26.5,167,0,0,0,0,0,0
2572,M17431,M,26.35,36.05,299.5,309.2,1497,40.9,169,0,0,0,0,0,0
2573,M17432,M,26.25,35.95,299.4,309.1,1352,44.7,172,0,0,0,0,0,0
2574,L49753,L,26.35,36.05,299.5,309.2,1499,41.5,175,0,0,0,0,0,0
2575,L49754,L,26.35,36.15,299.5,309.3,1972,19.3,177,0,0,0,0,0,0
2576,L49755,L,26.35,36.15,299.5,309.3,1422,49.2,179,0,0,0,0,0,0
2577,L49756,L,26.35,36.15,299.5,309.3,1523,41.5,181,0,0,0,0,0,0
2578,L49757,L,26.35,36.25,299.5,309.4,1563,41.5,183,0,0,0,0,0,0
2579,L49758,L,26.25,36.15,299.4,309.3,1391,46.6,185,0,0,0,0,0,0
2580,L49759,L,26.15,35.95,299.3,309.1,1795,24.7,187,0,0,0,0,0,0
2581,L49760,L,26.15,35.95,299.3,309.1,1293,53.7,189,0,0,0,0,0,0
2582,L49761,L,26.05,35.95,299.2,309.1,1345,60.7,191,1,0,0,0,1,0
2583,L49762,L,26.05,35.85,299.2,309.0,1615,33.7,193,0,0,0,0,0,0
2584,L49763,L,26.05,35.75,299.2,308.9,1342,50.8,195,0,0,0,0,0,0
2585,L49764,L,25.95,35.65,299.1,308.8,1502,46.7,197,0,0,0,0,0,0
2586,M17445,M,25.85,35.55,299.0,308.7,1620,35.4,199,0,0,0,0,0,0
2587,L49766,L,25.85,35.55,299.0,308.7,1537,42.8,202,0,0,0,0,0,0
2588,L49767,L,25.85,35.55,299.0,308.7,2248,16.8,204,0,0,0,0,0,0
2589,L49768,L,25.85,35.55,299.0,308.7,1706,28.6,206,0,0,0,0,0,0
2590,L49769,L,25.85,35.55,299.0,308.7,2250,16.6,208,0,0,0,0,0,0
2591,L49770,L,25.85,35.55,299.0,308.7,1396,48.6,0,0,0,0,0,0,0
2592,L49771,L,25.75,35.45,298.9,308.6,1522,46.4,2,0,0,0,0,0,0
2593,L49772,L,25.75,35.45,298.9,308.6,1539,45.4,4,0,0,0,0,0,0
2594,H32007,H,25.75,35.35,298.9,308.5,1415,54.0,6,0,0,0,0,0,0
2595,L49774,L,25.65,35.35,298.8,308.5,1446,37.0,11,0,0,0,0,0,0
2596,M17455,M,25.65,35.45,298.8,308.6,1486,41.1,13,0,0,0,0,0,0
2597,L49776,L,25.85,35.55,299.0,308.7,1426,38.6,16,0,0,0,0,0,0
2598,L49777,L,25.85,35.55,299.0,308.7,1449,38.9,18,0,0,0,0,0,0
2599,L49778,L,25.95,35.65,299.1,308.8,1320,67.5,20,1,0,0,1,0,0
2600,M17459,M,26.05,35.75,299.2,308.9,1447,39.6,22,0,0,0,0,0,0
2601,L49780,L,26.15,35.85,299.3,309.0,1422,47.3,25,0,0,0,0,0,0
2602,L49781,L,26.15,35.95,299.3,309.1,1399,52.1,27,0,0,0,0,0,0
2603,L49782,L,26.25,36.05,299.4,309.2,1427,41.5,29,0,0,0,0,0,0
2604,M17463,M,26.15,36.05,299.3,309.2,1334,46.3,31,0,0,0,0,0,0
2605,M17464,M,26.15,35.95,299.3,309.1,1385,45.6,34,0,0,0,0,0,0
2606,L49785,L,26.25,36.05,299.4,309.2,1552,37.4,37,0,0,0,0,0,0
2607,H32020,H,26.25,36.15,299.4,309.3,1534,37.5,39,0,0,0,0,0,0
2608,L49787,L,26.25,36.15,299.4,309.3,1448,48.6,44,0,0,0,0,0,0
2609,L49788,L,26.35,36.15,299.5,309.3,1409,44.7,46,0,0,0,0,0,0
2610,L49789,L,26.25,36.05,299.4,309.2,1621,34.5,48,0,0,0,0,0,0
2611,H32024,H,26.25,35.95,299.4,309.1,1547,40.9,50,0,0,0,0,0,0
2612,L49791,L,26.25,35.95,299.4,309.1,1957,22.1,55,0,0,0,0,0,0
2613,L49792,L,26.25,35.95,299.4,309.1,2421,14.2,57,0,0,0,0,0,0
2614,M17473,M,26.15,35.95,299.3,309.1,1571,38.3,59,0,0,0,0,0,0
2615,L49794,L,26.15,35.95,299.3,309.1,1634,36.8,62,0,0,0,0,0,0
2616,L49795,L,26.15,35.85,299.3,309.0,1516,38.7,64,0,0,0,0,0,0
2617,L49796,L,26.25,35.95,299.4,309.1,1207,66.5,66,0,0,0,0,0,0
2618,L49797,L,26.25,35.95,299.4,309.1,1670,35.9,68,0,0,0,0,0,0
2619,M17478,M,26.25,35.95,299.4,309.1,1461,48.6,70,0,0,0,0,0,0
2620,L49799,L,26.25,36.05,299.4,309.2,1569,40.8,73,0,0,0,0,0,0
2621,L49800,L,26.25,36.05,299.4,309.2,1556,35.7,75,0,0,0,0,0,0
2622,M17481,M,26.35,36.15,299.5,309.3,1506,41.5,77,0,0,0,0,0,0
2623,M17482,M,26.45,36.25,299.6,309.4,1642,30.3,80,0,0,0,0,0,0
2624,M17483,M,26.45,36.25,299.6,309.4,1283,62.1,83,0,0,0,0,0,0
2625,H32038,H,26.55,36.35,299.7,309.5,1375,46.8,86,0,0,0,0,0,0
2626,L49805,L,26.55,36.25,299.7,309.4,1399,39.9,91,0,0,0,0,0,0
2627,L49806,L,26.55,36.25,299.7,309.4,1650,29.8,93,0,0,0,0,0,0
2628,M17487,M,26.65,36.45,299.8,309.6,1346,53.2,95,0,0,0,0,0,0
2629,H32042,H,26.75,36.45,299.9,309.6,1410,51.2,98,0,0,0,0,0,0
2630,L49809,L,26.85,36.55,300.0,309.7,1586,37.8,103,0,0,0,0,0,0
2631,L49810,L,26.85,36.65,300.0,309.8,1372,39.6,105,0,0,0,0,0,0
2632,H32045,H,26.85,36.55,300.0,309.7,1529,42.4,107,0,0,0,0,0,0
2633,M17492,M,26.85,36.55,300.0,309.7,1652,28.6,112,0,0,0,0,0,0
2634,L49813,L,26.95,36.65,300.1,309.8,1532,39.8,115,0,0,0,0,0,0
2635,L49814,L,26.85,36.55,300.0,309.7,1554,32.0,117,0,0,0,0,0,0
2636,H32049,H,26.75,36.45,299.9,309.6,1462,51.0,119,0,0,0,0,0,0
2637,L49816,L,26.75,36.45,299.9,309.6,1254,61.3,124,0,0,0,0,0,0
2638,L49817,L,26.75,36.45,299.9,309.6,1294,49.7,126,0,0,0,0,0,0
2639,L49818,L,26.65,36.35,299.8,309.5,1739,27.5,128,0,0,0,0,0,0
2640,M17499,M,26.65,36.25,299.8,309.4,1412,47.8,130,0,0,0,0,0,0
2641,M17500,M,26.75,36.35,299.9,309.5,1372,56.2,133,0,0,0,0,0,0
2642,H32055,H,26.65,36.35,299.8,309.5,1420,46.7,136,0,0,0,0,0,0
2643,L49822,L,26.65,36.35,299.8,309.5,1542,40.3,141,0,0,0,0,0,0
2644,M17503,M,26.65,36.25,299.8,309.4,1401,48.1,143,0,0,0,0,0,0
2645,L49824,L,26.65,36.25,299.8,309.4,1510,42.5,146,0,0,0,0,0,0
2646,H32059,H,26.75,36.35,299.9,309.5,1547,38.5,148,0,0,0,0,0,0
2647,M17506,M,26.65,36.35,299.8,309.5,1453,43.2,153,0,0,0,0,0,0
2648,L49827,L,26.65,36.25,299.8,309.4,1408,45.6,156,0,0,0,0,0,0
2649,L49828,L,26.65,36.25,299.8,309.4,1436,51.6,158,0,0,0,0,0,0
2650,M17509,M,26.75,36.35,299.9,309.5,1582,38.2,160,0,0,0,0,0,0
2651,L49830,L,26.75,36.45,299.9,309.6,1280,59.3,163,0,0,0,0,0,0
2652,L49831,L,26.75,36.35,299.9,309.5,2008,20.4,165,0,0,0,0,0,0
2653,L49832,L,26.75,36.35,299.9,309.5,1772,23.5,167,0,0,0,0,0,0
2654,L49833,L,26.75,36.35,299.9,309.5,1779,26.1,169,0,0,0,0,0,0
2655,L49834,L,26.75,36.35,299.9,309.5,1567,35.5,171,0,0,0,0,0,0
2656,M17515,M,26.65,36.25,299.8,309.4,1751,27.0,173,0,0,0,0,0,0
2657,L49836,L,26.75,36.35,299.9,309.5,1349,51.3,176,0,0,0,0,0,0
2658,M17517,M,26.85,36.35,300.0,309.5,1425,40.8,178,0,0,0,0,0,0
2659,L49838,L,26.85,36.25,300.0,309.4,1395,44.5,181,0,0,0,0,0,0
2660,H32073,H,26.65,36.15,299.8,309.3,1595,32.1,183,0,0,0,0,0,0
2661,L49840,L,26.65,36.15,299.8,309.3,1291,56.4,188,0,0,0,0,0,0
2662,M17521,M,26.75,36.25,299.9,309.4,1509,42.8,190,0,0,0,0,0,0
2663,M17522,M,26.75,36.25,299.9,309.4,1483,38.1,193,0,0,0,0,0,0
2664,L49843,L,26.75,36.15,299.9,309.3,1620,31.1,196,0,0,0,0,0,0
2665,M17524,M,26.75,36.25,299.9,309.4,1487,42.2,198,0,0,0,0,0,0
2666,L49845,L,26.65,36.25,299.8,309.4,2256,15.9,201,0,0,0,0,0,0
2667,H32080,H,26.55,36.05,299.7,309.2,1691,27.7,203,0,0,0,0,0,0
2668,M17527,M,26.65,36.15,299.8,309.3,1663,35.2,208,0,0,0,0,0,0
2669,M17528,M,26.65,36.15,299.8,309.3,1640,31.1,211,0,0,0,0,0,0
2670,H32083,H,26.55,36.15,299.7,309.3,1494,37.8,214,0,0,0,0,0,0
2671,L49850,L,26.65,36.25,299.8,309.4,1467,46.2,219,0,0,0,0,0,0
2672,M17531,M,26.55,36.15,299.7,309.3,1399,41.9,221,1,1,0,0,0,0
2673,L49852,L,26.55,36.15,299.7,309.3,1445,42.6,0,0,0,0,0,0,0
2674,L49853,L,26.65,36.25,299.8,309.4,1480,40.9,2,0,0,0,0,0,0
2675,L49854,L,26.55,36.15,299.7,309.3,1546,37.2,4,0,0,0,0,0,0
2676,L49855,L,26.55,36.15,299.7,309.3,1574,35.8,6,0,0,0,0,0,0
2677,L49856,L,26.55,36.15,299.7,309.3,1592,34.2,8,0,0,0,0,0,0
2678,L49857,L,26.65,36.35,299.8,309.5,1495,39.6,10,0,0,0,0,0,0
2679,L49858,L,26.65,36.45,299.8,309.6,1447,43.1,12,0,0,0,0,0,0
2680,L49859,L,26.65,36.35,299.8,309.5,1476,44.4,14,0,0,0,0,0,0
2681,L49860,L,26.65,36.35,299.8,309.5,1641,27.1,16,0,0,0,0,0,0
2682,L49861,L,26.65,36.35,299.8,309.5,1545,32.2,18,0,0,0,0,0,0
2683,M17542,M,26.75,36.45,299.9,309.6,1364,44.4,20,0,0,0,0,0,0
2684,L49863,L,26.65,36.35,299.8,309.5,1590,28.5,23,0,0,0,0,0,0
2685,L49864,L,26.65,36.25,299.8,309.4,1460,37.4,25,0,0,0,0,0,0
2686,L49865,L,26.65,36.25,299.8,309.4,1609,32.5,27,0,0,0,0,0,0
2687,L49866,L,26.65,36.25,299.8,309.4,1633,27.5,29,0,0,0,0,0,0
2688,L49867,L,26.75,36.25,299.9,309.4,1348,52.8,31,0,0,0,0,0,0
2689,L49868,L,26.75,36.25,299.9,309.4,1322,53.9,33,0,0,0,0,0,0
2690,L49869,L,26.85,36.35,300.0,309.5,1641,30.1,35,0,0,0,0,0,0
2691,L49870,L,26.85,36.35,300.0,309.5,1728,26.0,37,0,0,0,0,0,0
2692,L49871,L,26.85,36.45,300.0,309.6,1431,47.7,39,0,0,0,0,0,0
2693,L49872,L,26.95,36.55,300.1,309.7,1641,30.4,41,0,0,0,0,0,0
2694,M17553,M,26.95,36.45,300.1,309.6,1622,36.1,43,0,0,0,0,0,0
2695,M17554,M,26.95,36.45,300.1,309.6,1625,38.0,46,0,0,0,0,0,0
2696,L49875,L,26.85,36.35,300.0,309.5,1869,22.7,49,0,0,0,0,0,0
2697,L49876,L,26.85,36.45,300.0,309.6,1452,46.0,51,0,0,0,0,0,0
2698,L49877,L,26.85,36.45,300.0,309.6,1618,28.7,53,0,0,0,0,0,0
2699,L49878,L,26.85,36.25,300.0,309.4,2010,20.0,55,0,0,0,0,0,0
2700,L49879,L,26.75,36.25,299.9,309.4,1363,60.9,57,0,0,0,0,0,0
2701,L49880,L,26.75,36.15,299.9,309.3,1473,40.4,59,0,0,0,0,0,0
2702,L49881,L,26.75,36.05,299.9,309.2,1333,50.8,61,0,0,0,0,0,0
2703,L49882,L,26.65,36.05,299.8,309.2,1760,25.9,63,0,0,0,0,0,0
2704,M17563,M,26.65,36.05,299.8,309.2,1372,58.2,65,0,0,0,0,0,0
2705,M17564,M,26.55,36.05,299.7,309.2,1608,34.4,68,0,0,0,0,0,0
2706,L49885,L,26.55,36.05,299.7,309.2,1326,64.8,71,0,0,0,0,0,0
2707,M17566,M,26.45,35.95,299.6,309.1,1560,37.1,73,0,0,0,0,0,0
2708,M17567,M,26.45,35.85,299.6,309.0,1539,36.1,76,0,0,0,0,0,0
2709,L49888,L,26.45,35.95,299.6,309.1,2266,15.3,79,0,0,0,0,0,0
2710,L49889,L,26.45,35.95,299.6,309.1,1641,35.8,81,0,0,0,0,0,0
2711,L49890,L,26.45,35.95,299.6,309.1,1574,39.2,83,0,0,0,0,0,0
2712,L49891,L,26.45,35.95,299.6,309.1,1407,50.6,85,0,0,0,0,0,0
2713,H32126,H,26.55,36.05,299.7,309.2,1302,55.5,87,0,0,0,0,0,0
2714,M17573,M,26.45,36.05,299.6,309.2,1651,30.8,92,0,0,0,0,0,0
2715,M17574,M,26.45,35.95,299.6,309.1,1366,55.2,95,0,0,0,0,0,0
2716,M17575,M,26.35,35.85,299.5,309.0,1701,28.6,98,0,0,0,0,0,0
2717,L49896,L,26.35,35.85,299.5,309.0,1498,44.6,101,0,0,0,0,0,0
2718,M17577,M,26.35,35.95,299.5,309.1,1422,45.3,103,0,0,0,0,0,0
2719,L49898,L,26.35,35.95,299.5,309.1,1357,47.3,106,0,0,0,0,0,0
2720,L49899,L,26.35,36.05,299.5,309.2,1690,29.2,108,0,0,0,0,0,0
2721,L49900,L,26.45,36.05,299.6,309.2,1559,39.1,110,0,0,0,0,0,0
2722,M17581,M,26.45,36.15,299.6,309.3,1553,32.4,112,0,0,0,0,0,0
2723,L49902,L,26.45,36.15,299.6,309.3,1558,34.8,115,0,0,0,0,0,0
2724,L49903,L,26.55,36.25,299.7,309.4,1362,51.9,117,0,0,0,0,0,0
2725,M17584,M,26.65,36.15,299.8,309.3,1470,42.7,119,0,0,0,0,0,0
2726,L49905,L,26.65,36.25,299.8,309.4,1555,34.8,122,0,0,0,0,0,0
2727,M17586,M,26.65,36.25,299.8,309.4,1423,42.9,124,0,0,0,0,0,0
2728,L49907,L,26.55,36.15,299.7,309.3,1434,38.5,127,0,0,0,0,0,0
2729,L49908,L,26.55,36.15,299.7,309.3,1779,25.5,129,0,0,0,0,0,0
2730,L49909,L,26.55,36.15,299.7,309.3,1417,54.6,131,0,0,0,0,0,0
2731,L49910,L,26.45,36.05,299.6,309.2,1425,45.9,133,0,0,0,0,0,0
2732,M17591,M,26.55,36.05,299.7,309.2,1597,32.9,135,0,0,0,0,0,0
2733,L49912,L,26.55,36.05,299.7,309.2,1346,57.4,138,0,0,0,0,0,0
2734,L49913,L,26.55,36.05,299.7,309.2,1422,40.4,140,0,0,0,0,0,0
2735,H32148,H,26.55,36.05,299.7,309.2,1572,32.8,142,0,0,0,0,0,0
2736,L49915,L,26.55,36.05,299.7,309.2,1412,45.4,147,0,0,0,0,0,0
2737,M17596,M,26.55,35.95,299.7,309.1,1576,36.4,149,0,0,0,0,0,0
2738,M17597,M,26.55,35.95,299.7,309.1,1508,41.2,152,0,0,0,0,0,0
2739,M17598,M,26.65,35.95,299.8,309.1,1496,44.4,155,0,0,0,0,0,0
2740,L49919,L,26.65,36.05,299.8,309.2,1572,35.4,158,0,0,0,0,0,0
2741,L49920,L,26.45,35.85,299.6,309.0,1525,42.8,160,0,0,0,0,0,0
2742,L49921,L,26.45,35.85,299.6,309.0,1378,51.9,162,0,0,0,0,0,0
2743,L49922,L,26.45,35.95,299.6,309.1,1369,51.4,164,0,0,0,0,0,0
2744,L49923,L,26.45,35.95,299.6,309.1,1476,45.3,166,0,0,0,0,0,0
2745,L49924,L,26.55,36.05,299.7,309.2,1620,30.0,168,0,0,0,0,0,0
2746,M17605,M,26.55,35.95,299.7,309.1,1603,38.5,170,0,0,0,0,0,0
2747,L49926,L,26.55,36.05,299.7,309.2,1411,46.1,173,0,0,0,0,0,0
2748,L49927,L,26.55,36.05,299.7,309.2,1616,31.6,175,0,0,0,0,0,0
2749,L49928,L,26.55,36.05,299.7,309.2,1631,35.1,177,0,0,0,0,0,0
2750,M17609,M,26.55,36.05,299.7,309.2,1685,28.9,179,1,0,0,0,0,0
2751,H32164,H,26.55,36.05,299.7,309.2,1456,40.6,182,0,0,0,0,0,0
2752,L49931,L,26.55,35.95,299.7,309.1,1417,50.1,187,0,0,0,0,0,0
2753,M17612,M,26.55,35.95,299.7,309.1,1851,24.7,189,0,0,0,0,0,0
2754,L49933,L,26.55,35.95,299.7,309.1,1715,27.8,192,0,0,0,0,0,0
2755,H32168,H,26.45,35.95,299.6,309.1,1630,32.3,194,0,0,0,0,0,0
2756,L49935,L,26.55,36.05,299.7,309.2,1478,38.8,199,0,0,0,0,0,0
2757,L49936,L,26.55,36.05,299.7,309.2,1781,29.6,201,0,0,0,0,0,0
2758,L49937,L,26.65,36.05,299.8,309.2,1439,36.1,203,0,0,0,0,0,0
2759,M17618,M,26.55,36.05,299.7,309.2,1412,45.3,205,0,0,0,0,0,0
2760,L49939,L,26.55,35.95,299.7,309.1,1483,41.1,208,0,0,0,0,0,0
2761,L49940,L,26.65,36.05,299.8,309.2,1400,42.6,210,0,0,0,0,0,0
2762,L49941,L,26.65,36.15,299.8,309.3,1299,65.1,212,1,0,0,0,1,0
2763,L49942,L,26.65,36.05,299.8,309.2,1479,44.4,214,0,0,0,0,0,0
2764,L49943,L,26.65,36.05,299.8,309.2,1491,47.5,216,0,0,0,0,0,0
2765,M17624,M,26.75,36.15,299.9,309.3,1389,52.8,0,0,0,0,0,0,0
2766,M17625,M,26.75,36.25,299.9,309.4,1399,54.8,3,0,0,0,0,0,0
2767,M17626,M,26.75,36.25,299.9,309.4,1889,26.0,6,0,0,0,0,0,0
2768,L49947,L,26.85,36.35,300.0,309.5,1925,21.9,9,0,0,0,0,0,0
2769,L49948,L,26.85,36.35,300.0,309.5,1675,30.2,11,0,0,0,0,0,0
2770,M17629,M,26.85,36.45,300.0,309.6,1477,38.1,13,0,0,0,0,0,0
2771,L49950,L,26.85,36.45,300.0,309.6,1364,45.9,16,0,0,0,0,0,0
2772,L49951,L,26.75,36.35,299.9,309.5,1451,39.4,18,0,0,0,0,0,0
2773,L49952,L,26.75,36.25,299.9,309.4,1467,41.2,20,0,0,0,0,0,0
2774,L49953,L,26.75,36.25,299.9,309.4,1858,22.5,22,0,0,0,0,0,0
2775,L49954,L,26.95,36.25,300.1,309.4,1559,39.7,24,0,0,0,0,0,0
2776,L49955,L,26.95,36.25,300.1,309.4,1560,47.7,26,0,0,0,0,0,0
2777,L49956,L,26.95,36.25,300.1,309.4,1453,47.6,28,0,0,0,0,0,0
2778,L49957,L,26.95,36.25,300.1,309.4,1464,41.7,30,0,0,0,0,0,0
2779,L49958,L,26.85,36.25,300.0,309.4,1308,50.2,32,0,0,0,0,0,0
2780,L49959,L,26.95,36.35,300.1,309.5,1353,50.9,34,0,0,0,0,0,0
2781,M17640,M,27.05,36.45,300.2,309.6,1556,35.8,36,0,0,0,0,0,0
2782,L49961,L,27.05,36.35,300.2,309.5,2183,17.8,39,0,0,0,0,0,0
2783,M17642,M,27.05,36.45,300.2,309.6,1491,41.8,41,0,0,0,0,0,0
2784,M17643,M,27.05,36.45,300.2,309.6,1528,35.1,44,0,0,0,0,0,0
2785,L49964,L,27.05,36.45,300.2,309.6,1430,52.7,47,0,0,0,0,0,0
2786,L49965,L,27.05,36.35,300.2,309.5,1495,32.6,49,0,0,0,0,0,0
2787,M17646,M,27.05,36.35,300.2,309.5,1630,28.3,51,0,0,0,0,0,0
2788,M17647,M,27.15,36.45,300.3,309.6,1524,38.4,54,0,0,0,0,0,0
2789,L49968,L,27.15,36.45,300.3,309.6,1326,52.4,57,0,0,0,0,0,0
2790,H32203,H,27.15,36.35,300.3,309.5,1438,44.0,59,0,0,0,0,0,0
2791,L49970,L,27.25,36.45,300.4,309.6,1356,45.9,64,0,0,0,0,0,0
2792,H32205,H,27.25,36.45,300.4,309.6,1416,43.3,66,0,0,0,0,0,0
2793,L49972,L,27.25,36.55,300.4,309.7,1584,32.6,71,0,0,0,0,0,0
2794,L49973,L,27.15,36.45,300.3,309.6,1597,31.8,73,0,0,0,0,0,0
2795,L49974,L,27.25,36.45,300.4,309.6,1553,43.9,75,0,0,0,0,0,0
2796,M17655,M,27.15,36.35,300.3,309.5,1405,49.4,77,0,0,0,0,0,0
2797,L49976,L,27.05,36.35,300.2,309.5,1539,35.3,80,0,0,0,0,0,0
2798,M17657,M,27.15,36.45,300.3,309.6,1398,53.7,82,0,0,0,0,0,0
2799,L49978,L,27.15,36.45,300.3,309.6,1568,39.6,85,0,0,0,0,0,0
2800,L49979,L,27.15,36.45,300.3,309.6,1404,44.6,87,0,0,0,0,0,0
2801,M17660,M,27.05,36.35,300.2,309.5,1500,45.7,89,0,0,0,0,0,0
2802,M17661,M,27.05,36.35,300.2,309.5,1642,28.8,92,0,0,0,0,0,0
2803,M17662,M,27.15,36.45,300.3,309.6,1509,46.6,95,0,0,0,0,0,0
2804,L49983,L,27.05,36.35,300.2,309.5,1343,50.2,98,0,0,0,0,0,0
2805,L49984,L,26.95,36.35,300.1,309.5,1450,40.1,100,0,0,0,0,0,0
2806,L49985,L,26.85,36.25,300.0,309.4,1460,43.5,102,0,0,0,0,0,0
2807,L49986,L,26.85,36.15,300.0,309.3,1364,41.2,104,0,0,0,0,0,0
2808,M17667,M,26.75,36.15,299.9,309.3,1452,41.9,106,0,0,0,0,0,0
2809,L49988,L,26.75,36.15,299.9,309.3,1471,41.8,109,0,0,0,0,0,0
2810,L49989,L,26.75,36.05,299.9,309.2,1598,34.6,111,0,0,0,0,0,0
2811,L49990,L,26.65,35.95,299.8,309.1,1772,24.8,113,0,0,0,0,0,0
2812,L49991,L,26.75,36.05,299.9,309.2,1761,25.6,115,0,0,0,0,0,0
2813,M17672,M,26.85,36.15,300.0,309.3,1413,40.7,117,0,0,0,0,0,0
2814,L49993,L,26.85,36.15,300.0,309.3,1887,22.6,120,0,0,0,0,0,0
2815,L49994,L,26.85,36.15,300.0,309.3,1395,56.5,122,0,0,0,0,0,0
2816,M17675,M,26.95,36.25,300.1,309.4,1569,31.6,124,0,0,0,0,0,0
2817,L49996,L,26.95,36.25,300.1,309.4,1434,47.3,127,0,0,0,0,0,0
2818,L49997,L,27.05,36.35,300.2,309.5,1417,41.1,129,0,0,0,0,0,0
2819,L49998,L,27.05,36.35,300.2,309.5,1729,28.4,131,0,0,0,0,0,0
2820,L49999,L,27.05,36.35,300.2,309.5,1356,51.1,133,0,0,0,0,0,0
2821,L50000,L,27.05,36.35,300.2,309.5,1436,48.8,135,0,0,0,0,0,0
2822,M17681,M,27.15,36.45,300.3,309.6,1419,42.5,137,0,0,0,0,0,0
2823,L50002,L,27.15,36.45,300.3,309.6,1593,38.1,140,0,0,0,0,0,0
2824,M17683,M,27.15,36.35,300.3,309.5,1320,62.2,142,0,0,0,0,0,0
2825,M17684,M,27.15,36.35,300.3,309.5,1448,42.4,145,0,0,0,0,0,0
2826,L50005,L,27.15,36.25,300.3,309.4,1470,33.5,148,0,0,0,0,0,0
2827,M17686,M,27.15,36.25,300.3,309.4,1612,33.1,150,0,0,0,0,0,0
2828,L50007,L,27.25,36.25,300.4,309.4,1412,51.6,153,0,0,0,0,0,0
2829,M17688,M,27.25,36.25,300.4,309.4,1875,23.9,155,0,0,0,0,0,0
2830,L50009,L,27.15,36.15,300.3,309.3,1612,36.0,158,0,0,0,0,0,0
2831,M17690,M,27.25,36.15,300.4,309.3,1411,41.6,160,0,0,0,0,0,0
2832,M17691,M,27.15,36.05,300.3,309.2,1490,47.9,163,0,0,0,0,0,0
2833,M17692,M,27.25,36.15,300.4,309.3,1467,40.3,166,0,0,0,0,0,0
2834,L50013,L,27.15,36.05,300.3,309.2,1807,26.4,169,0,0,0,0,0,0
2835,L50014,L,27.15,35.95,300.3,309.1,1368,46.0,171,0,0,0,0,0,0
2836,L50015,L,27.15,36.05,300.3,309.2,1572,32.0,173,0,0,0,0,0,0
2837,M17696,M,27.15,35.95,300.3,309.1,1458,44.3,175,0,0,0,0,0,0
2838,L50017,L,27.15,35.95,300.3,309.1,1699,30.3,178,0,0,0,0,0,0
2839,L50018,L,27.15,36.15,300.3,309.3,1478,39.5,180,0,0,0,0,0,0
2840,M17699,M,27.25,36.25,300.4,309.4,1362,42.1,182,0,0,0,0,0,0
2841,H32254,H,27.25,36.25,300.4,309.4,1487,38.9,185,0,0,0,0,0,0
2842,L50021,L,27.15,36.25,300.3,309.4,1705,29.4,190,0,0,0,0,0,0
2843,L50022,L,27.15,36.15,300.3,309.3,1345,53.5,192,0,0,0,0,0,0
2844,L50023,L,27.15,36.05,300.3,309.2,1532,40.2,194,0,0,0,0,0,0
2845,L50024,L,27.15,36.05,300.3,309.2,1650,35.2,196,0,0,0,0,0,0
2846,L50025,L,27.15,36.05,300.3,309.2,1398,54.4,198,0,0,0,0,0,0
2847,L50026,L,27.15,36.05,300.3,309.2,1412,44.8,200,0,0,0,0,0,0
2848,L50027,L,27.25,36.15,300.4,309.3,1525,39.6,202,0,0,0,0,0,0
2849,M17708,M,27.15,36.15,300.3,309.3,1391,57.9,204,0,0,0,0,0,0
2850,L50029,L,27.25,36.15,300.4,309.3,1766,28.2,207,0,0,0,0,0,0
2851,L50030,L,27.25,36.15,300.4,309.3,1671,35.0,209,0,0,0,0,0,0
2852,L50031,L,27.35,36.15,300.5,309.3,1373,48.8,211,0,0,0,0,0,0
2853,M17712,M,27.35,36.25,300.5,309.4,1347,50.1,213,0,0,0,0,0,0
2854,M17713,M,27.35,36.15,300.5,309.3,1539,39.1,216,0,0,0,0,0,0
2855,L50034,L,27.35,36.15,300.5,309.3,1470,40.8,219,0,0,0,0,0,0
2856,L50035,L,27.35,36.15,300.5,309.3,1528,37.0,221,0,0,0,0,0,0
2857,H32270,H,27.35,36.15,300.5,309.3,1471,45.2,223,0,0,0,0,0,0
2858,M17717,M,27.25,36.05,300.4,309.2,1528,37.2,228,0,0,0,0,0,0
2859,L50038,L,27.35,36.15,300.5,309.3,1417,51.5,231,1,0,0,0,1,0
2860,L50039,L,27.45,36.25,300.6,309.4,1549,43.4,233,0,0,0,0,0,0
2861,H32274,H,27.45,36.25,300.6,309.4,1463,49.2,235,0,0,0,0,0,0
2862,L50041,L,27.55,36.35,300.7,309.5,1479,43.6,240,0,0,0,0,0,0
2863,L50042,L,27.45,36.35,300.6,309.5,1867,23.0,242,0,0,0,0,0,0
2864,L50043,L,27.45,36.25,300.6,309.4,1471,44.1,244,0,0,0,0,0,0
2865,H32278,H,27.45,36.25,300.6,309.4,1380,47.6,246,1,1,0,0,0,0
2866,H32279,H,27.55,36.55,300.7,309.7,1623,32.7,0,0,0,0,0,0,0
2867,L50046,L,27.65,36.55,300.8,309.7,1997,20.7,5,0,0,0,0,0,0
2868,H32281,H,27.55,36.45,300.7,309.6,1390,48.5,7,0,0,0,0,0,0
2869,L50048,L,27.65,36.55,300.8,309.7,1418,46.6,12,0,0,0,0,0,0
2870,L50049,L,27.65,36.55,300.8,309.7,1519,35.8,14,0,0,0,0,0,0
2871,M17730,M,27.65,36.55,300.8,309.7,1519,39.7,16,0,0,0,0,0,0
2872,M17731,M,27.55,36.45,300.7,309.6,1536,37.2,19,0,0,0,0,0,0
2873,L50052,L,27.65,36.45,300.8,309.6,1680,28.7,22,0,0,0,0,0,0
2874,H32287,H,27.45,36.25,300.6,309.4,1555,37.9,24,0,0,0,0,0,0
2875,L50054,L,27.45,36.35,300.6,309.5,1471,49.6,29,0,0,0,0,0,0
2876,M17735,M,27.35,36.25,300.5,309.4,1877,23.8,31,0,0,0,0,0,0
2877,M17736,M,27.35,36.15,300.5,309.3,1578,30.5,34,0,0,0,0,0,0
2878,M17737,M,27.35,36.25,300.5,309.4,1655,32.1,37,0,0,0,0,0,0
2879,H32292,H,27.35,36.25,300.5,309.4,1502,34.3,40,0,0,0,0,0,0
2880,M17739,M,27.45,36.25,300.6,309.4,1367,63.2,45,1,0,0,1,0,0
2881,L50060,L,27.55,36.35,300.7,309.5,1541,37.2,48,0,0,0,0,0,0
2882,M17741,M,27.45,36.45,300.6,309.6,1588,37.0,50,0,0,0,0,0,0
2883,L50062,L,27.45,36.45,300.6,309.6,1684,32.8,53,0,0,0,0,0,0
2884,L50063,L,27.45,36.35,300.6,309.5,1437,40.0,55,0,0,0,0,0,0
2885,L50064,L,27.45,36.45,300.6,309.6,1409,42.4,57,0,0,0,0,0,0
2886,M17745,M,27.35,36.35,300.5,309.5,1320,49.9,59,0,0,0,0,0,0
2887,H32300,H,27.35,36.35,300.5,309.5,1635,34.2,62,0,0,0,0,0,0
2888,M17747,M,27.35,36.35,300.5,309.5,1691,27.6,67,0,0,0,0,0,0
2889,M17748,M,27.45,36.45,300.6,309.6,1365,50.0,70,0,0,0,0,0,0
2890,M17749,M,27.55,36.55,300.7,309.7,1523,38.2,73,0,0,0,0,0,0
2891,L50070,L,27.45,36.55,300.6,309.7,1593,32.4,76,0,0,0,0,0,0
2892,L50071,L,27.45,36.45,300.6,309.6,1682,30.7,78,0,0,0,0,0,0
2893,L50072,L,27.55,36.45,300.7,309.6,1329,54.3,80,0,0,0,0,0,0
2894,M17753,M,27.55,36.45,300.7,309.6,1568,35.2,82,0,0,0,0,0,0
2895,L50074,L,27.55,36.45,300.7,309.6,1733,24.8,85,0,0,0,0,0,0
2896,M17755,M,27.55,36.45,300.7,309.6,1473,48.1,87,0,0,0,0,0,0
2897,M17756,M,27.55,36.35,300.7,309.5,1633,31.3,90,0,0,0,0,0,0
2898,M17757,M,27.45,36.35,300.6,309.5,1530,40.2,93,0,0,0,0,0,0
2899,M17758,M,27.45,36.35,300.6,309.5,1550,40.2,96,0,0,0,0,0,0
2900,L50079,L,27.45,36.25,300.6,309.4,1410,40.6,99,0,0,0,0,0,0
2901,L50080,L,27.35,36.15,300.5,309.3,1574,33.5,101,0,0,0,0,0,0
2902,L50081,L,27.45,36.25,300.6,309.4,1425,40.3,103,0,0,0,0,0,0
2903,M17762,M,27.45,36.25,300.6,309.4,1541,35.2,105,0,0,0,0,0,0
2904,M17763,M,27.55,36.35,300.7,309.5,1733,26.7,108,0,0,0,0,0,0
2905,L50084,L,27.45,36.25,300.6,309.4,2496,13.5,111,0,0,0,0,0,0
2906,L50085,L,27.45,36.25,300.6,309.4,1552,36.4,113,0,0,0,0,0,0
2907,L50086,L,27.45,36.15,300.6,309.3,1409,38.7,115,0,0,0,0,0,0
2908,M17767,M,27.45,36.25,300.6,309.4,1581,35.7,117,0,0,0,0,0,0
2909,L50088,L,27.55,36.35,300.7,309.5,1251,59.9,120,0,0,0,0,0,0
2910,L50089,L,27.55,36.45,300.7,309.6,1500,44.1,122,0,0,0,0,0,0
2911,L50090,L,27.45,36.35,300.6,309.5,1576,38.8,124,0,0,0,0,0,0
2912,M17771,M,27.55,36.35,300.7,309.5,1352,44.0,126,0,0,0,0,0,0
2913,L50092,L,27.55,36.45,300.7,309.6,1661,30.3,129,0,0,0,0,0,0
2914,L50093,L,27.55,36.45,300.7,309.6,1541,34.6,131,0,0,0,0,0,0
2915,H32328,H,27.45,36.45,300.6,309.6,1888,20.5,133,0,0,0,0,0,0
2916,L50095,L,27.35,36.35,300.5,309.5,1255,62.1,138,0,0,0,0,0,0
2917,L50096,L,27.45,36.45,300.6,309.6,1411,41.6,140,0,0,0,0,0,0
2918,L50097,L,27.45,36.35,300.6,309.5,1516,39.0,142,0,0,0,0,0,0
2919,M17778,M,27.45,36.35,300.6,309.5,1492,34.0,144,0,0,0,0,0,0
2920,L50099,L,27.45,36.45,300.6,309.6,1726,30.0,147,0,0,0,0,0,0
2921,L50100,L,27.55,36.55,300.7,309.7,1598,33.7,149,0,0,0,0,0,0
2922,L50101,L,27.65,36.65,300.8,309.8,1657,31.1,151,0,0,0,0,0,0
2923,L50102,L,27.65,36.55,300.8,309.7,1481,38.1,153,0,0,0,0,0,0
2924,M17783,M,27.55,36.55,300.7,309.7,1397,51.3,155,0,0,0,0,0,0
2925,L50104,L,27.65,36.55,300.8,309.7,1461,44.3,158,0,0,0,0,0,0
2926,M17785,M,27.55,36.45,300.7,309.6,1388,51.1,160,0,0,0,0,0,0
2927,L50106,L,27.55,36.55,300.7,309.7,1507,52.4,163,0,0,0,0,0,0
2928,M17787,M,27.55,36.45,300.7,309.6,1421,49.8,165,0,0,0,0,0,0
2929,M17788,M,27.65,36.55,300.8,309.7,1258,54.9,168,0,0,0,0,0,0
2930,M17789,M,27.65,36.55,300.8,309.7,1482,39.0,171,0,0,0,0,0,0
2931,H32344,H,27.55,36.45,300.7,309.6,1403,51.3,174,0,0,0,0,0,0
2932,L50111,L,27.65,36.55,300.8,309.7,1373,45.4,179,0,0,0,0,0,0
2933,L50112,L,27.75,36.55,300.9,309.7,1460,42.1,181,0,0,0,0,0,0
2934,M17793,M,27.65,36.55,300.8,309.7,1751,27.9,183,0,0,0,0,0,0
2935,M17794,M,27.65,36.45,300.8,309.6,1546,42.3,186,0,0,0,0,0,0
2936,M17795,M,27.65,36.55,300.8,309.7,1680,28.2,189,0,0,0,0,0,0
2937,M17796,M,27.75,36.55,300.9,309.7,1394,48.8,192,0,0,0,0,0,0
2938,L50117,L,27.55,36.45,300.7,309.6,1810,26.0,195,0,0,0,0,0,0
2939,L50118,L,27.55,36.35,300.7,309.5,1479,34.5,197,0,0,0,0,0,0
2940,L50119,L,27.75,36.55,300.9,309.7,1431,41.4,199,0,0,0,0,0,0
2941,L50120,L,27.75,36.55,300.9,309.7,2355,14.4,201,0,0,0,0,0,0
2942,M17801,M,27.55,36.45,300.7,309.6,1996,19.8,203,1,1,0,0,0,0
2943,L50122,L,27.55,36.35,300.7,309.5,1461,49.9,0,0,0,0,0,0,0
2944,H32357,H,27.55,36.35,300.7,309.5,2007,19.7,2,0,0,0,0,0,0
2945,L50124,L,27.55,36.45,300.7,309.6,1505,34.9,7,0,0,0,0,0,0
2946,H32359,H,27.55,36.45,300.7,309.6,1925,20.5,9,0,0,0,0,0,0
2947,M17806,M,27.55,36.35,300.7,309.5,1622,30.5,14,0,0,0,0,0,0
2948,L50127,L,27.55,36.35,300.7,309.5,1592,29.0,17,0,0,0,0,0,0
2949,L50128,L,27.55,36.35,300.7,309.5,1850,24.5,19,0,0,0,0,0,0
2950,M17809,M,27.55,36.35,300.7,309.5,1470,48.7,21,0,0,0,0,0,0
2951,M17810,M,27.55,36.35,300.7,309.5,1445,46.4,24,0,0,0,0,0,0
2952,L50131,L,27.55,36.35,300.7,309.5,1685,31.1,27,0,0,0,0,0,0
2953,H32366,H,27.55,36.35,300.7,309.5,1667,30.5,29,0,0,0,0,0,0
2954,L50133,L,27.55,36.35,300.7,309.5,1578,35.4,34,0,0,0,0,0,0
2955,H32368,H,27.45,36.25,300.6,309.4,1691,28.0,36,0,0,0,0,0,0
2956,M17815,M,27.55,36.35,300.7,309.5,1439,43.8,41,0,0,0,0,0,0
2957,M17816,M,27.65,36.45,300.8,309.6,1404,38.7,44,0,0,0,0,0,0
2958,L50137,L,27.65,36.45,300.8,309.6,1498,45.8,47,0,0,0,0,0,0
2959,M17818,M,27.65,36.35,300.8,309.5,1481,44.5,49,0,0,0,0,0,0
2960,M17819,M,27.55,36.25,300.7,309.4,1589,35.0,52,0,0,0,0,0,0
2961,L50140,L,27.55,36.35,300.7,309.5,1467,44.3,55,0,0,0,0,0,0
2962,L50141,L,27.45,36.25,300.6,309.4,1654,32.8,57,0,0,0,0,0,0
2963,L50142,L,27.55,36.35,300.7,309.5,1508,39.9,59,0,0,0,0,0,0
2964,M17823,M,27.55,36.45,300.7,309.6,1439,43.0,61,0,0,0,0,0,0
2965,L50144,L,27.55,36.35,300.7,309.5,1692,30.3,64,0,0,0,0,0,0
2966,M17825,M,27.55,36.35,300.7,309.5,1838,24.9,66,0,0,0,0,0,0
2967,L50146,L,27.45,36.15,300.6,309.3,1601,40.2,69,0,0,0,0,0,0
2968,L50147,L,27.45,36.25,300.6,309.4,1369,51.6,71,0,0,0,0,0,0
2969,M17828,M,27.45,36.25,300.6,309.4,1312,45.2,73,0,0,0,0,0,0
2970,L50149,L,27.45,36.25,300.6,309.4,1468,44.1,76,0,0,0,0,0,0
2971,M17830,M,27.45,36.25,300.6,309.4,1452,39.4,78,0,0,0,0,0,0
2972,M17831,M,27.55,36.35,300.7,309.5,1393,43.9,81,0,0,0,0,0,0
2973,M17832,M,27.45,36.25,300.6,309.4,1432,44.2,84,0,0,0,0,0,0
2974,M17833,M,27.45,36.15,300.6,309.3,1510,46.0,87,0,0,0,0,0,0
2975,M17834,M,27.45,36.25,300.6,309.4,1521,37.2,90,0,0,0,0,0,0
2976,H32389,H,27.35,36.25,300.5,309.4,1360,46.2,93,0,0,0,0,0,0
2977,M17836,M,27.35,36.15,300.5,309.3,1881,25.5,98,0,0,0,0,0,0
2978,L50157,L,27.25,36.15,300.4,309.3,1413,50.3,101,0,0,0,0,0,0
2979,H32392,H,27.35,36.25,300.5,309.4,1642,36.2,103,0,0,0,0,0,0
2980,L50159,L,27.35,36.35,300.5,309.5,1542,38.5,108,0,0,0,0,0,0
2981,L50160,L,27.25,36.35,300.4,309.5,1447,39.3,110,0,0,0,0,0,0
2982,H32395,H,27.25,36.25,300.4,309.4,1530,40.4,112,0,0,0,0,0,0
2983,L50162,L,27.35,36.35,300.5,309.5,1795,27.7,117,0,0,0,0,0,0
2984,L50163,L,27.45,36.45,300.6,309.6,1290,57.4,119,0,0,0,0,0,0
2985,L50164,L,27.45,36.55,300.6,309.7,1639,30.4,121,0,0,0,0,0,0
2986,L50165,L,27.55,36.65,300.7,309.8,1596,31.5,123,0,0,0,0,0,0
2987,L50166,L,27.45,36.65,300.6,309.8,1455,48.0,125,0,0,0,0,0,0
2988,M17847,M,27.45,36.65,300.6,309.8,1659,28.9,127,0,0,0,0,0,0
2989,M17848,M,27.45,36.65,300.6,309.8,1532,42.5,130,0,0,0,0,0,0
2990,L50169,L,27.45,36.65,300.6,309.8,1502,42.4,133,0,0,0,0,0,0
2991,L50170,L,27.45,36.65,300.6,309.8,1688,28.6,135,0,0,0,0,0,0
2992,M17851,M,27.35,36.55,300.5,309.7,1341,50.9,137,0,0,0,0,0,0
2993,M17852,M,27.35,36.55,300.5,309.7,1685,29.4,140,0,0,0,0,0,0
2994,M17853,M,27.35,36.65,300.5,309.8,1370,55.9,143,0,0,0,0,0,0
2995,L50174,L,27.35,36.65,300.5,309.8,1461,52.5,146,0,0,0,0,0,0
2996,L50175,L,27.35,36.65,300.5,309.8,1550,37.4,148,0,0,0,0,0,0
2997,M17856,M,27.35,36.65,300.5,309.8,1508,37.8,150,0,0,0,0,0,0
2998,L50177,L,27.35,36.65,300.5,309.8,1345,62.7,153,0,0,0,0,0,0
2999,L50178,L,27.35,36.55,300.5,309.7,1616,34.5,155,0,0,0,0,0,0
3000,L50179,L,27.35,36.55,300.5,309.7,1395,61.0,157,0,0,0,0,0,0
3001,H32414,H,27.35,36.65,300.5,309.8,1324,72.8,159,1,0,0,1,0,0
3002,L50181,L,27.35,36.65,300.5,309.8,1445,43.9,164,0,0,0,0,0,0
3003,M17862,M,27.35,36.65,300.5,309.8,1555,38.9,166,0,0,0,0,0,0
3004,M17863,M,27.45,36.75,300.6,309.9,1449,42.4,169,0,0,0,0,0,0
3005,M17864,M,27.35,36.75,300.5,309.9,1466,53.2,172,0,0,0,0,0,0
3006,L50185,L,27.35,36.75,300.5,309.9,1503,37.4,175,0,0,0,0,0,0
3007,L50186,L,27.25,36.55,300.4,309.7,1488,35.7,177,0,0,0,0,0,0
3008,L50187,L,27.25,36.55,300.4,309.7,1314,50.2,179,0,0,0,0,0,0
3009,M17868,M,27.25,36.55,300.4,309.7,1547,38.0,181,0,0,0,0,0,0
3010,M17869,M,27.25,36.55,300.4,309.7,1466,39.8,184,0,0,0,0,0,0
3011,L50190,L,27.15,36.45,300.3,309.6,1537,37.1,187,0,0,0,0,0,0
3012,M17871,M,27.05,36.35,300.2,309.5,1434,51.5,189,0,0,0,0,0,0
3013,L50192,L,27.25,36.45,300.4,309.6,1432,44.7,192,0,0,0,0,0,0
3014,L50193,L,27.35,36.45,300.5,309.6,1390,48.4,194,0,0,0,0,0,0
3015,L50194,L,27.35,36.55,300.5,309.7,1580,42.8,196,0,0,0,0,0,0
3016,L50195,L,27.35,36.55,300.5,309.7,1589,30.5,198,0,0,0,0,0,0
3017,L50196,L,27.35,36.65,300.5,309.8,1441,48.8,200,0,0,0,0,0,0
3018,L50197,L,27.35,36.65,300.5,309.8,1305,51.7,202,0,0,0,0,0,0
3019,M17878,M,27.35,36.65,300.5,309.8,1566,35.9,204,0,0,0,0,0,0
3020,L50199,L,27.35,36.65,300.5,309.8,1379,54.2,207,1,0,0,0,1,0
3021,L50200,L,27.25,36.45,300.4,309.6,1543,38.1,209,0,0,0,0,0,0
3022,L50201,L,27.35,36.65,300.5,309.8,1421,49.6,211,0,0,0,0,0,0
3023,L50202,L,27.35,36.45,300.5,309.6,1760,30.6,213,0,0,0,0,0,0
3024,L50203,L,27.25,36.35,300.4,309.5,1711,29.2,215,0,0,0,0,0,0
3025,L50204,L,27.35,36.45,300.5,309.6,1465,41.6,217,0,0,0,0,0,0
3026,L50205,L,27.35,36.45,300.5,309.6,1366,50.2,219,0,0,0,0,0,0
3027,M17886,M,27.25,36.35,300.4,309.5,1888,21.9,221,0,0,0,0,0,0
3028,L50207,L,27.35,36.35,300.5,309.5,1777,23.6,0,0,0,0,0,0,0
3029,L50208,L,27.35,36.35,300.5,309.5,1379,55.6,2,0,0,0,0,0,0
3030,L50209,L,27.25,36.35,300.4,309.5,1525,51.3,4,0,0,0,0,0,0
3031,M17890,M,27.25,36.45,300.4,309.6,1563,34.0,6,0,0,0,0,0,0
3032,M17891,M,27.35,36.55,300.5,309.7,1389,43.3,9,0,0,0,0,0,0
3033,M17892,M,27.45,36.65,300.6,309.8,1447,42.9,12,0,0,0,0,0,0
3034,M17893,M,27.45,36.55,300.6,309.7,1934,22.8,15,0,0,0,0,0,0
3035,H32448,H,27.45,36.55,300.6,309.7,1470,43.8,18,0,0,0,0,0,0
3036,M17895,M,27.45,36.55,300.6,309.7,1428,42.6,23,0,0,0,0,0,0
3037,L50216,L,27.25,36.45,300.4,309.6,1319,48.1,26,0,0,0,0,0,0
3038,L50217,L,27.35,36.55,300.5,309.7,1887,24.3,28,0,0,0,0,0,0
3039,L50218,L,27.25,36.35,300.4,309.5,1349,50.4,30,0,0,0,0,0,0
3040,M17899,M,27.15,36.35,300.3,309.5,1665,31.4,32,0,0,0,0,0,0
3041,L50220,L,27.15,36.35,300.3,309.5,1474,38.7,35,0,0,0,0,0,0
3042,L50221,L,27.25,36.35,300.4,309.5,1543,38.9,37,0,0,0,0,0,0
3043,M17902,M,27.05,36.25,300.2,309.4,1459,43.9,39,0,0,0,0,0,0
3044,L50223,L,27.15,36.35,300.3,309.5,1551,37.9,42,0,0,0,0,0,0
3045,L50224,L,27.05,36.25,300.2,309.4,1981,21.4,44,0,0,0,0,0,0
3046,L50225,L,27.05,36.25,300.2,309.4,1526,35.3,46,0,0,0,0,0,0
3047,M17906,M,27.05,36.25,300.2,309.4,1501,40.0,48,0,0,0,0,0,0
3048,L50227,L,27.05,36.25,300.2,309.4,1558,38.3,51,0,0,0,0,0,0
3049,L50228,L,27.05,36.15,300.2,309.3,1532,43.2,53,0,0,0,0,0,0
3050,L50229,L,26.95,36.05,300.1,309.2,1326,55.9,55,0,0,0,0,0,0
3051,L50230,L,27.05,36.05,300.2,309.2,1431,51.3,57,0,0,0,0,0,0
3052,L50231,L,27.05,36.15,300.2,309.3,1366,49.3,59,0,0,0,0,0,0
3053,L50232,L,26.95,36.05,300.1,309.2,1421,42.5,61,0,0,0,0,0,0
3054,H32467,H,27.05,36.15,300.2,309.3,1506,35.6,63,0,0,0,0,0,0
3055,H32468,H,27.05,36.15,300.2,309.3,1342,48.7,68,0,0,0,0,0,0
3056,L50235,L,26.95,36.05,300.1,309.2,1427,37.6,73,0,0,0,0,0,0
3057,L50236,L,27.05,36.05,300.2,309.2,1667,29.9,75,0,0,0,0,0,0
3058,L50237,L,26.95,35.95,300.1,309.1,1400,46.7,77,0,0,0,0,0,0
3059,L50238,L,26.85,35.85,300.0,309.0,1709,32.1,79,0,0,0,0,0,0
3060,M17919,M,26.85,35.85,300.0,309.0,1368,45.8,81,0,0,0,0,0,0
3061,L50240,L,26.85,35.95,300.0,309.1,1882,23.8,84,0,0,0,0,0,0
3062,L50241,L,26.95,35.95,300.1,309.1,1353,58.7,86,0,0,0,0,0,0
3063,L50242,L,26.75,35.85,299.9,309.0,1553,40.0,88,0,0,0,0,0,0
3064,L50243,L,26.85,35.95,300.0,309.1,1431,45.4,90,0,0,0,0,0,0
3065,M17924,M,26.95,35.95,300.1,309.1,1731,30.4,92,0,0,0,0,0,0
3066,M17925,M,26.95,36.05,300.1,309.2,1687,27.7,95,0,0,0,0,0,1
3067,M17926,M,26.95,36.05,300.1,309.2,1457,44.3,98,0,0,0,0,0,0
3068,L50247,L,26.95,36.05,300.1,309.2,1533,37.0,101,0,0,0,0,0,0
3069,H32482,H,26.85,35.85,300.0,309.0,1622,31.8,103,0,0,0,0,0,0
3070,L50249,L,26.85,35.95,300.0,309.1,1791,28.2,108,0,0,0,0,0,0
3071,L50250,L,26.85,35.95,300.0,309.1,1631,28.3,110,0,0,0,0,0,0
3072,L50251,L,26.85,35.85,300.0,309.0,2174,16.9,112,0,0,0,0,0,0
3073,L50252,L,26.95,35.85,300.1,309.0,1314,58.2,114,0,0,0,0,0,0
3074,L50253,L,26.95,35.95,300.1,309.1,1478,46.9,116,0,0,0,0,0,0
3075,L50254,L,26.95,36.05,300.1,309.2,1783,27.3,118,0,0,0,0,0,0
3076,M17935,M,26.95,36.05,300.1,309.2,1385,46.1,120,0,0,0,0,0,0
3077,L50256,L,26.85,36.05,300.0,309.2,1444,43.6,123,0,0,0,0,0,0
3078,L50257,L,26.95,36.15,300.1,309.3,1841,23.0,125,0,0,0,0,0,0
3079,M17938,M,26.95,36.25,300.1,309.4,1349,56.2,127,0,0,0,0,0,0
3080,L50259,L,26.95,36.15,300.1,309.3,1340,56.0,130,0,0,0,0,0,0
3081,M17940,M,26.75,36.05,299.9,309.2,1539,43.2,132,0,0,0,0,0,0
3082,M17941,M,26.85,36.15,300.0,309.3,1932,21.8,135,0,0,0,0,0,0
3083,M17942,M,26.85,36.15,300.0,309.3,1407,43.9,138,0,0,0,0,0,0
3084,L50263,L,26.95,36.15,300.1,309.3,1712,28.5,141,0,0,0,0,0,0
3085,H32498,H,26.95,36.25,300.1,309.4,1329,55.2,143,0,0,0,0,0,0
3086,L50265,L,26.95,36.05,300.1,309.2,1441,42.9,148,0,0,0,0,0,0
3087,L50266,L,26.85,36.05,300.0,309.2,1610,32.1,150,0,0,0,0,0,0
3088,M17947,M,26.85,35.95,300.0,309.1,1474,45.2,152,0,0,0,0,0,0
3089,M17948,M,26.85,35.95,300.0,309.1,1624,30.8,155,0,0,0,0,0,0
3090,H32503,H,26.95,36.15,300.1,309.3,1520,38.2,158,0,0,0,0,0,0
3091,H32504,H,26.95,36.15,300.1,309.3,1448,45.8,163,0,0,0,0,0,0
3092,L50271,L,26.85,36.15,300.0,309.3,1558,29.7,168,0,0,0,0,0,0
3093,M17952,M,26.85,36.15,300.0,309.3,2293,16.3,170,0,0,0,0,0,0
3094,L50273,L,26.85,36.15,300.0,309.3,1397,51.2,173,0,0,0,0,0,0
3095,L50274,L,26.85,36.15,300.0,309.3,1972,22.0,175,0,0,0,0,0,0
3096,M17955,M,26.75,36.05,299.9,309.2,1574,36.5,177,0,0,0,0,0,0
3097,L50276,L,26.75,36.05,299.9,309.2,1560,38.9,180,0,0,0,0,0,0
3098,M17957,M,26.75,36.05,299.9,309.2,1353,49.8,182,0,0,0,0,0,0
3099,M17958,M,26.75,36.05,299.9,309.2,1389,51.2,185,0,0,0,0,0,0
3100,M17959,M,26.75,35.95,299.9,309.1,1513,43.8,188,0,0,0,0,0,0
3101,L50280,L,26.65,35.95,299.8,309.1,1578,42.1,191,0,0,0,0,0,0
3102,H32515,H,26.65,35.85,299.8,309.0,1467,37.3,193,0,0,0,0,0,0
3103,L50282,L,26.75,35.95,299.9,309.1,1412,48.3,198,0,0,0,0,0,0
3104,L50283,L,26.65,35.95,299.8,309.1,1668,30.3,200,0,0,0,0,0,0
3105,M17964,M,26.65,36.05,299.8,309.2,1678,29.8,202,0,0,0,0,0,0
3106,L50285,L,26.65,35.95,299.8,309.1,1612,35.4,205,0,0,0,0,0,0
3107,L50286,L,26.65,35.95,299.8,309.1,1485,39.9,207,0,0,0,0,0,0
3108,M17967,M,26.65,35.95,299.8,309.1,1456,39.4,209,0,0,0,0,0,0
3109,L50288,L,26.65,36.05,299.8,309.2,1504,38.7,212,0,0,0,0,0,0
3110,L50289,L,26.75,36.05,299.9,309.2,1491,44.3,214,0,0,0,0,0,0
3111,H32524,H,26.75,36.05,299.9,309.2,1525,33.2,0,0,0,0,0,0,0
3112,L50291,L,26.85,36.05,300.0,309.2,1759,27.9,5,0,0,0,0,0,0
3113,M17972,M,26.65,35.95,299.8,309.1,1355,56.7,7,0,0,0,0,0,0
3114,M17973,M,26.75,35.95,299.9,309.1,1345,56.8,10,0,0,0,0,0,0
3115,M17974,M,26.75,36.05,299.9,309.2,1683,30.5,13,0,0,0,0,0,0
3116,L50295,L,26.75,36.05,299.9,309.2,1658,34.8,16,0,0,0,0,0,0
3117,L50296,L,26.85,36.05,300.0,309.2,1566,34.4,18,0,0,0,0,0,0
3118,M17977,M,26.95,36.15,300.1,309.3,1469,43.9,20,0,0,0,0,0,0
3119,M17978,M,27.05,36.35,300.2,309.5,1458,46.9,23,0,0,0,0,0,0
3120,L50299,L,26.95,36.25,300.1,309.4,1858,23.6,26,0,0,0,0,0,0
3121,H32534,H,26.95,36.25,300.1,309.4,1563,40.8,28,0,0,0,0,0,0
3122,L50301,L,26.95,36.25,300.1,309.4,2141,17.9,33,0,0,0,0,0,0
3123,L50302,L,26.85,36.15,300.0,309.3,1473,46.0,35,0,0,0,0,0,0
3124,H32537,H,26.85,36.25,300.0,309.4,1498,38.5,37,0,0,0,0,0,0
3125,L50304,L,26.95,36.25,300.1,309.4,1568,39.7,42,0,0,0,0,0,0
3126,L50305,L,26.95,36.25,300.1,309.4,1694,27.4,44,0,0,0,0,0,0
3127,L50306,L,26.85,36.25,300.0,309.4,1499,35.7,46,0,0,0,0,0,0
3128,L50307,L,26.85,36.35,300.0,309.5,1717,28.3,48,0,0,0,0,0,0
3129,M17988,M,26.95,36.35,300.1,309.5,1462,42.8,50,0,0,0,0,0,0
3130,L50309,L,26.95,36.45,300.1,309.6,1642,34.5,53,0,0,0,0,0,0
3131,L50310,L,26.95,36.45,300.1,309.6,1760,25.4,55,0,0,0,0,0,0
3132,L50311,L,26.95,36.35,300.1,309.5,1660,32.7,57,0,0,0,0,0,0
3133,L50312,L,26.95,36.35,300.1,309.5,1557,40.6,59,0,0,0,0,0,0
3134,H32547,H,27.05,36.45,300.2,309.6,1442,49.2,61,0,0,0,0,0,0
3135,L50314,L,27.05,36.45,300.2,309.6,1359,51.5,66,0,0,0,0,0,0
3136,L50315,L,27.25,36.65,300.4,309.8,1342,52.5,68,0,0,0,0,0,0
3137,L50316,L,27.25,36.75,300.4,309.9,1435,54.8,70,0,0,0,0,0,0
3138,L50317,L,27.25,36.75,300.4,309.9,1567,36.5,72,0,0,0,0,0,0
3139,L50318,L,27.25,36.75,300.4,309.9,1376,43.5,74,0,0,0,0,0,0
3140,H32553,H,27.25,36.75,300.4,309.9,1513,38.7,76,0,0,0,0,0,0
3141,H32554,H,27.25,36.75,300.4,309.9,2563,12.8,81,1,0,0,1,0,0
3142,L50321,L,27.35,36.85,300.5,310.0,1521,45.1,86,0,0,0,0,0,0
3143,L50322,L,27.45,36.85,300.6,310.0,1658,34.7,88,0,0,0,0,0,0
3144,H32557,H,27.45,36.85,300.6,310.0,1419,42.4,90,0,0,0,0,0,0
3145,M18004,M,27.45,36.85,300.6,310.0,1478,36.3,95,0,0,0,0,0,0
3146,M18005,M,27.35,36.85,300.5,310.0,1415,43.5,98,0,0,0,0,0,0
3147,M18006,M,27.35,36.75,300.5,309.9,1780,26.5,101,0,0,0,0,0,0
3148,M18007,M,27.25,36.55,300.4,309.7,1440,42.8,104,0,0,0,0,0,0
3149,H32562,H,27.25,36.65,300.4,309.8,1448,39.7,107,0,0,0,0,0,0
3150,H32563,H,27.25,36.55,300.4,309.7,1500,35.2,112,0,0,0,0,0,0
3151,L50330,L,27.25,36.65,300.4,309.8,1513,32.9,117,0,0,0,0,0,0
3152,L50331,L,27.35,36.65,300.5,309.8,1428,43.8,119,0,0,0,0,0,0
3153,M18012,M,27.35,36.65,300.5,309.8,1473,42.3,121,0,0,0,0,0,0
3154,M18013,M,27.35,36.75,300.5,309.9,1483,49.3,124,0,0,0,0,0,0
3155,L50334,L,27.25,36.55,300.4,309.7,1534,42.5,127,0,0,0,0,0,0
3156,L50335,L,27.35,36.65,300.5,309.8,1367,54.0,129,0,0,0,0,0,0
3157,L50336,L,27.25,36.55,300.4,309.7,1467,36.9,131,0,0,0,0,0,0
3158,M18017,M,27.25,36.55,300.4,309.7,1488,42.2,133,0,0,0,0,0,0
3159,L50338,L,27.25,36.55,300.4,309.7,1679,30.1,136,0,0,0,0,0,0
3160,H32573,H,27.25,36.65,300.4,309.8,1409,47.5,138,0,0,0,0,0,0
3161,M18020,M,27.25,36.55,300.4,309.7,1367,51.2,143,0,0,0,0,0,0
3162,L50341,L,27.25,36.65,300.4,309.8,1314,63.1,146,0,0,0,0,0,0
3163,L50342,L,27.35,36.75,300.5,309.9,1480,40.0,148,0,0,0,0,0,0
3164,L50343,L,27.25,36.65,300.4,309.8,1549,38.9,150,0,0,0,0,0,0
3165,L50344,L,27.25,36.55,300.4,309.7,1685,31.3,152,0,0,0,0,0,0
3166,L50345,L,27.25,36.45,300.4,309.6,1536,34.5,154,0,0,0,0,0,0
3167,M18026,M,27.25,36.55,300.4,309.7,1539,37.7,156,0,0,0,0,0,0
3168,L50347,L,27.25,36.55,300.4,309.7,1384,45.1,159,0,0,0,0,0,0
3169,M18028,M,27.25,36.45,300.4,309.6,1614,30.3,161,0,0,0,0,0,0
3170,M18029,M,27.25,36.45,300.4,309.6,1675,35.5,164,0,0,0,0,0,0
3171,M18030,M,27.25,36.55,300.4,309.7,1685,32.3,167,0,0,0,0,0,0
3172,L50351,L,27.25,36.45,300.4,309.6,1386,56.9,170,0,0,0,0,0,0
3173,M18032,M,27.15,36.45,300.3,309.6,1488,41.3,172,0,0,0,0,0,0
3174,L50353,L,27.15,36.45,300.3,309.6,1624,32.6,175,0,0,0,0,0,0
3175,L50354,L,27.15,36.45,300.3,309.6,1600,34.6,177,0,0,0,0,0,0
3176,L50355,L,27.15,36.45,300.3,309.6,1468,44.7,179,0,0,0,0,0,0
3177,L50356,L,27.15,36.45,300.3,309.6,1435,45.4,181,0,0,0,0,0,0
3178,M18037,M,27.05,36.35,300.2,309.5,1564,33.4,183,0,0,0,0,0,0
3179,M18038,M,27.05,36.25,300.2,309.4,1329,53.6,186,0,0,0,0,0,0
3180,L50359,L,26.95,36.15,300.1,309.3,1570,36.8,189,0,0,0,0,0,0
3181,M18040,M,27.05,36.25,300.2,309.4,1433,48.8,191,0,0,0,0,0,0
3182,L50361,L,27.05,36.25,300.2,309.4,1527,37.0,194,0,0,0,0,0,0
3183,M18042,M,26.95,36.15,300.1,309.3,1443,50.3,196,0,0,0,0,0,0
3184,L50363,L,26.95,36.15,300.1,309.3,1616,32.0,199,0,0,0,0,0,0
3185,L50364,L,26.95,36.15,300.1,309.3,1654,31.0,201,0,0,0,0,0,0
3186,L50365,L,26.95,36.15,300.1,309.3,1685,27.1,203,0,0,0,0,0,0
3187,M18046,M,27.05,36.25,300.2,309.4,1456,48.8,205,0,0,0,0,0,0
3188,M18047,M,27.05,36.25,300.2,309.4,1752,27.8,208,0,0,0,0,0,0
3189,M18048,M,26.95,36.05,300.1,309.2,1438,51.0,211,0,0,0,0,0,0
3190,L50369,L,26.95,35.95,300.1,309.1,1551,33.7,214,0,0,0,0,0,0
3191,L50370,L,26.95,36.05,300.1,309.2,1599,30.1,216,0,0,0,0,0,0
3192,M18051,M,26.95,36.05,300.1,309.2,1732,33.7,218,0,0,0,0,0,0
3193,M18052,M,26.95,36.05,300.1,309.2,1418,39.8,221,0,0,0,0,0,0
3194,L50373,L,26.85,35.95,300.0,309.1,1401,44.5,0,0,0,0,0,0,0
3195,L50374,L,26.85,35.85,300.0,309.0,1454,51.7,2,0,0,0,0,0,0
3196,M18055,M,26.85,36.05,300.0,309.2,1635,32.4,4,0,0,0,0,0,0
3197,L50376,L,26.85,35.95,300.0,309.1,1489,40.3,7,0,0,0,0,0,0
3198,L50377,L,26.85,35.95,300.0,309.1,1465,40.6,9,0,0,0,0,0,0
3199,M18058,M,26.85,35.95,300.0,309.1,1463,45.7,11,0,0,0,0,0,0
3200,H32613,H,26.95,35.95,300.1,309.1,1560,35.4,14,0,0,0,0,0,0
3201,M18060,M,26.95,36.05,300.1,309.2,1454,44.4,19,0,0,0,0,0,0
3202,L50381,L,27.05,35.95,300.2,309.1,1479,47.0,22,0,0,0,0,0,0
3203,L50382,L,27.05,36.05,300.2,309.2,1430,43.4,24,0,0,0,0,0,0
3204,M18063,M,26.95,35.95,300.1,309.1,1533,38.0,26,0,0,0,0,0,0
3205,L50384,L,26.95,35.85,300.1,309.0,1404,54.8,29,0,0,0,0,0,0
3206,M18065,M,26.95,35.75,300.1,308.9,1548,38.4,31,0,0,0,0,0,0
3207,M18066,M,26.95,35.85,300.1,309.0,1612,33.0,34,0,0,0,0,0,0
3208,M18067,M,27.05,35.85,300.2,309.0,1642,31.2,37,0,0,0,0,0,0
3209,M18068,M,27.05,35.95,300.2,309.1,1406,42.2,40,0,0,0,0,0,0
3210,L50389,L,27.15,36.05,300.3,309.2,1587,31.4,43,0,0,0,0,0,0
3211,M18070,M,27.15,36.05,300.3,309.2,1364,47.6,45,0,0,0,0,0,0
3212,L50391,L,27.15,36.05,300.3,309.2,1462,51.4,48,0,0,0,0,0,0
3213,L50392,L,27.15,36.05,300.3,309.2,1649,32.4,50,0,0,0,0,0,0
3214,L50393,L,27.25,36.05,300.4,309.2,1752,29.0,52,0,0,0,0,0,0
3215,H32628,H,27.25,36.15,300.4,309.3,1396,51.2,54,0,0,0,0,0,0
3216,M18075,M,27.35,36.25,300.5,309.4,2179,16.3,59,0,0,0,0,0,0
3217,L50396,L,27.35,36.35,300.5,309.5,1653,27.6,62,0,0,0,0,0,0
3218,L50397,L,27.45,36.35,300.6,309.5,2025,21.4,64,0,0,0,0,0,0
3219,L50398,L,27.45,36.45,300.6,309.6,1426,53.6,66,0,0,0,0,0,0
3220,M18079,M,27.45,36.45,300.6,309.6,1503,38.4,68,0,0,0,0,0,0
3221,M18080,M,27.55,36.45,300.7,309.6,1525,36.5,71,0,0,0,0,0,0
3222,L50401,L,27.45,36.45,300.6,309.6,1423,49.1,74,0,0,0,0,0,0
3223,M18082,M,27.55,36.55,300.7,309.7,1435,44.7,76,0,0,0,0,0,0
3224,H32637,H,27.45,36.35,300.6,309.5,1495,36.5,79,0,0,0,0,0,0
3225,M18084,M,27.45,36.35,300.6,309.5,1557,33.8,84,0,0,0,0,0,0
3226,L50405,L,27.45,36.25,300.6,309.4,1474,40.7,87,0,0,0,0,0,0
3227,L50406,L,27.35,36.15,300.5,309.3,1465,46.0,89,0,0,0,0,0,0
3228,M18087,M,27.35,36.15,300.5,309.3,1589,34.9,91,0,0,0,0,0,0
3229,L50408,L,27.35,36.15,300.5,309.3,1475,46.8,94,0,0,0,0,0,0
3230,L50409,L,27.45,36.25,300.6,309.4,1442,43.2,96,0,0,0,0,0,0
3231,L50410,L,27.45,36.25,300.6,309.4,1556,36.0,98,0,0,0,0,0,0
3232,L50411,L,27.55,36.15,300.7,309.3,1425,45.3,100,0,0,0,0,0,0
3233,L50412,L,27.55,36.15,300.7,309.3,1580,38.3,102,0,0,0,0,0,0
3234,H32647,H,27.65,36.25,300.8,309.4,1474,40.7,104,0,0,0,0,0,0
3235,L50414,L,27.65,36.25,300.8,309.4,1489,38.4,109,0,0,0,0,0,0
3236,L50415,L,27.65,36.25,300.8,309.4,1946,20.5,111,0,0,0,0,0,0
3237,M18096,M,27.65,36.25,300.8,309.4,1342,62.4,113,1,0,1,0,0,0
3238,M18097,M,27.75,36.35,300.9,309.5,1758,26.8,116,0,0,0,0,0,0
3239,M18098,M,27.75,36.25,300.9,309.4,1724,25.6,119,0,0,0,0,0,0
3240,L50419,L,27.85,36.35,301.0,309.5,1430,48.5,122,0,0,0,0,0,0
3241,L50420,L,27.75,36.35,300.9,309.5,1612,35.2,124,0,0,0,0,0,0
3242,H32655,H,27.75,36.35,300.9,309.5,1469,43.4,126,0,0,0,0,0,0
3243,L50422,L,27.75,36.45,300.9,309.6,1384,42.4,131,0,0,0,0,0,0
3244,L50423,L,27.85,36.45,301.0,309.6,1724,28.1,133,0,0,0,0,0,0
3245,M18104,M,27.85,36.45,301.0,309.6,1397,48.0,135,0,0,0,0,0,0
3246,M18105,M,27.85,36.45,301.0,309.6,1588,32.7,138,0,0,0,0,0,0
3247,L50426,L,27.85,36.55,301.0,309.7,1468,42.0,141,0,0,0,0,0,0
3248,M18107,M,27.85,36.65,301.0,309.8,1594,31.1,143,0,0,0,0,0,0
3249,M18108,M,27.85,36.55,301.0,309.7,1511,39.3,146,0,0,0,0,0,0
3250,L50429,L,27.95,36.65,301.1,309.8,1493,38.9,149,0,0,0,0,0,0
3251,H32664,H,28.05,36.65,301.2,309.8,1709,27.0,151,0,0,0,0,0,0
3252,L50431,L,27.95,36.45,301.1,309.6,1501,36.1,156,0,0,0,0,0,0
3253,L50432,L,27.95,36.55,301.1,309.7,1668,30.8,158,0,0,0,0,0,0
3254,L50433,L,27.95,36.45,301.1,309.6,1502,48.9,160,0,0,0,0,0,0
3255,M18114,M,27.85,36.55,301.0,309.7,1288,58.4,162,0,0,0,0,0,0
3256,L50435,L,27.85,36.55,301.0,309.7,1491,42.9,165,0,0,0,0,0,0
3257,L50436,L,27.95,36.65,301.1,309.8,1519,39.6,167,0,0,0,0,0,0
3258,L50437,L,28.05,36.75,301.2,309.9,1984,19.7,169,0,0,0,0,0,0
3259,L50438,L,28.05,36.75,301.2,309.9,1643,32.9,171,0,0,0,0,0,0
3260,M18119,M,28.05,36.85,301.2,310.0,1625,31.6,173,0,0,0,0,0,0
3261,M18120,M,28.15,36.85,301.3,310.0,2068,17.8,176,0,0,0,0,0,0
3262,H32675,H,28.15,36.95,301.3,310.1,1469,39.7,179,0,0,0,0,0,0
3263,L50442,L,28.15,36.95,301.3,310.1,1558,36.3,184,0,0,0,0,0,0
3264,L50443,L,28.15,36.85,301.3,310.0,1344,54.8,186,0,0,0,0,0,0
3265,H32678,H,28.15,36.95,301.3,310.1,1455,44.1,188,0,0,0,0,0,0
3266,L50445,L,28.15,36.95,301.3,310.1,1355,53.6,193,0,0,0,0,0,0
3267,L50446,L,28.15,36.95,301.3,310.1,1269,56.8,195,1,0,0,0,1,0
3268,L50447,L,28.15,36.85,301.3,310.0,1550,41.5,197,0,0,0,0,0,0
3269,M18128,M,28.15,36.95,301.3,310.1,1525,37.8,199,0,0,0,0,0,0
3270,M18129,M,28.15,36.85,301.3,310.0,1696,32.4,202,0,0,0,0,0,0
3271,L50450,L,28.25,36.95,301.4,310.1,1937,21.8,205,0,0,0,0,0,0
3272,M18131,M,28.25,36.85,301.4,310.0,1689,32.1,207,0,0,0,0,0,0
3273,M18132,M,28.15,36.85,301.3,310.0,1593,30.8,210,0,0,0,0,0,0
3274,M18133,M,28.15,36.75,301.3,309.9,1565,36.0,213,0,0,0,0,0,0
3275,L50454,L,28.15,36.85,301.3,310.0,1665,31.4,0,0,0,0,0,0,0
3276,H32689,H,28.15,36.85,301.3,310.0,1532,36.3,2,0,0,0,0,0,0
3277,L50456,L,28.15,36.85,301.3,310.0,1438,40.9,7,0,0,0,0,0,0
3278,L50457,L,28.15,36.95,301.3,310.1,1531,41.6,9,0,0,0,0,0,0
3279,L50458,L,28.15,36.85,301.3,310.0,1506,40.8,11,0,0,0,0,0,0
3280,L50459,L,28.05,36.75,301.2,309.9,1382,52.4,13,0,0,0,0,0,0
3281,M18140,M,28.05,36.75,301.2,309.9,1456,50.8,15,0,0,0,0,0,0
3282,M18141,M,28.05,36.85,301.2,310.0,1445,45.6,18,0,0,0,0,0,0
3283,L50462,L,28.05,36.75,301.2,309.9,1515,40.9,21,0,0,0,0,0,0
3284,L50463,L,28.05,36.75,301.2,309.9,1449,45.5,23,0,0,0,0,0,0
3285,H32698,H,28.05,36.75,301.2,309.9,1362,50.7,25,0,0,0,0,0,0
3286,L50465,L,28.05,36.75,301.2,309.9,1687,29.7,30,0,0,0,0,0,0
3287,L50466,L,28.05,36.85,301.2,310.0,1618,37.6,32,0,0,0,0,0,0
3288,M18147,M,28.05,36.95,301.2,310.1,1558,32.6,34,0,0,0,0,0,0
3289,L50468,L,28.15,36.95,301.3,310.1,1662,31.0,37,0,0,0,0,0,0
3290,M18149,M,28.05,36.95,301.2,310.1,1295,56.6,39,0,0,0,0,0,0
3291,L50470,L,28.05,37.05,301.2,310.2,1385,42.3,42,0,0,0,0,0,0
3292,M18151,M,28.05,36.95,301.2,310.1,1479,45.5,44,0,0,0,0,0,0
3293,L50472,L,28.15,37.15,301.3,310.3,1400,44.3,47,0,0,0,0,0,0
3294,M18153,M,28.05,37.15,301.2,310.3,1357,54.5,49,0,0,0,0,0,0
3295,L50474,L,27.95,37.05,301.1,310.2,1657,34.1,52,0,0,0,0,0,0
3296,L50475,L,27.95,37.05,301.1,310.2,1496,43.4,54,0,0,0,0,0,0
3297,M18156,M,28.05,37.15,301.2,310.3,1379,43.2,56,0,0,0,0,0,0
3298,L50477,L,28.05,37.15,301.2,310.3,1548,38.6,59,0,0,0,0,0,0
3299,L50478,L,28.05,37.15,301.2,310.3,1499,38.1,61,0,0,0,0,0,0
3300,L50479,L,28.15,37.35,301.3,310.5,1390,45.8,63,0,0,0,0,0,0
3301,H32714,H,28.15,37.25,301.3,310.4,1538,38.4,65,0,0,0,0,0,0
3302,L50481,L,28.15,37.35,301.3,310.5,1365,47.7,70,0,0,0,0,0,0
3303,L50482,L,28.15,37.35,301.3,310.5,1503,48.6,72,0,0,0,0,0,0
3304,L50483,L,28.05,37.25,301.2,310.4,1390,49.9,74,0,0,0,0,0,0
3305,L50484,L,28.05,37.15,301.2,310.3,1497,45.7,76,0,0,0,0,0,0
3306,M18165,M,28.15,37.25,301.3,310.4,1577,48.3,78,0,0,0,0,0,0
3307,L50486,L,28.25,37.35,301.4,310.5,1432,54.3,81,0,0,0,0,0,0
3308,M18167,M,28.25,37.35,301.4,310.5,1563,39.9,83,0,0,0,0,0,0
3309,L50488,L,28.25,37.25,301.4,310.4,1433,43.4,86,0,0,0,0,0,0
3310,L50489,L,28.15,37.25,301.3,310.4,1384,50.1,88,0,0,0,0,0,0
3311,L50490,L,28.15,37.25,301.3,310.4,1346,46.7,90,0,0,0,0,0,0
3312,L50491,L,28.15,37.25,301.3,310.4,1459,44.7,92,0,0,0,0,0,0
3313,L50492,L,28.25,37.25,301.4,310.4,1639,28.9,94,0,0,0,0,0,0
3314,L50493,L,28.25,37.25,301.4,310.4,1737,31.9,96,0,0,0,0,0,0
3315,L50494,L,28.25,37.35,301.4,310.5,1489,43.5,98,0,0,0,0,0,0
3316,M18175,M,28.35,37.45,301.5,310.6,1492,43.0,100,0,0,0,0,0,0
3317,M18176,M,28.25,37.35,301.4,310.5,1217,60.6,103,0,0,0,0,0,0
3318,L50497,L,28.35,37.35,301.5,310.5,1636,28.7,106,0,0,0,0,0,0
3319,L50498,L,28.25,37.25,301.4,310.4,1436,49.7,108,0,0,0,0,0,0
3320,L50499,L,28.25,37.25,301.4,310.4,1689,30.6,110,0,0,0,0,0,0
3321,L50500,L,28.35,37.35,301.5,310.5,2289,16.4,112,0,0,0,0,0,0
3322,L50501,L,28.35,37.45,301.5,310.6,1522,41.0,114,0,0,0,0,0,0
3323,L50502,L,28.35,37.35,301.5,310.5,1351,52.9,116,0,0,0,0,0,0
3324,L50503,L,28.35,37.35,301.5,310.5,1589,36.7,118,0,0,0,0,0,0
3325,L50504,L,28.35,37.45,301.5,310.6,1578,34.1,120,0,0,0,0,0,0
3326,L50505,L,28.35,37.45,301.5,310.6,1587,33.7,122,0,0,0,0,0,0
3327,L50506,L,28.35,37.45,301.5,310.6,1962,20.2,124,0,0,0,0,0,0
3328,M18187,M,28.35,37.45,301.5,310.6,2432,14.2,126,0,0,0,0,0,0
3329,L50508,L,28.45,37.45,301.6,310.6,1418,43.9,129,0,0,0,0,0,0
3330,L50509,L,28.45,37.55,301.6,310.7,1683,29.7,131,0,0,0,0,0,0
3331,L50510,L,28.55,37.65,301.7,310.8,1385,50.7,133,0,0,0,0,0,0
3332,L50511,L,28.55,37.65,301.7,310.8,1559,44.5,135,0,0,0,0,0,0
3333,M18192,M,28.55,37.65,301.7,310.8,1671,31.6,137,0,0,0,0,0,0
3334,M18193,M,28.45,37.65,301.6,310.8,1343,49.5,140,0,0,0,0,0,0
3335,M18194,M,28.45,37.65,301.6,310.8,1548,34.2,143,0,0,0,0,0,0
3336,L50515,L,28.55,37.75,301.7,310.9,1705,31.2,146,0,0,0,0,0,0
3337,L50516,L,28.45,37.65,301.6,310.8,1535,35.4,148,0,0,0,0,0,0
3338,L50517,L,28.45,37.65,301.6,310.8,1564,34.1,150,0,0,0,0,0,0
3339,M18198,M,28.45,37.75,301.6,310.9,1510,40.9,152,0,0,0,0,0,0
3340,L50519,L,28.45,37.75,301.6,310.9,1492,45.2,155,0,0,0,0,0,0
3341,M18200,M,28.35,37.65,301.5,310.8,1452,44.1,157,0,0,0,0,0,0
3342,H32755,H,28.25,37.55,301.4,310.7,1329,52.0,160,0,0,0,0,0,0
3343,L50522,L,28.35,37.65,301.5,310.8,1382,52.4,165,0,0,0,0,0,0
3344,M18203,M,28.35,37.65,301.5,310.8,1628,36.4,167,0,0,0,0,0,0
3345,L50524,L,28.25,37.55,301.4,310.7,1706,27.9,170,0,0,0,0,0,0
3346,L50525,L,28.15,37.55,301.3,310.7,1594,34.1,172,0,0,0,0,0,0
3347,L50526,L,28.15,37.55,301.3,310.7,1761,24.3,174,0,0,0,0,0,0
3348,L50527,L,28.15,37.45,301.3,310.6,1529,41.8,176,0,0,0,0,0,0
3349,M18208,M,28.15,37.55,301.3,310.7,1532,40.7,178,0,0,0,0,0,0
3350,L50529,L,28.25,37.55,301.4,310.7,1673,27.8,181,0,0,0,0,0,0
3351,L50530,L,28.25,37.65,301.4,310.8,1285,62.6,183,1,0,0,0,1,0
3352,L50531,L,28.25,37.65,301.4,310.8,1680,31.4,185,0,0,0,0,0,0
3353,L50532,L,28.25,37.65,301.4,310.8,1610,34.6,187,0,0,0,0,0,0
3354,L50533,L,28.45,37.75,301.6,310.9,1632,31.6,189,0,0,0,0,0,0
3355,L50534,L,28.45,37.75,301.6,310.9,1559,40.2,191,0,0,0,0,0,0
3356,L50535,L,28.35,37.65,301.5,310.8,1367,49.0,193,0,0,0,0,0,0
3357,L50536,L,28.45,37.65,301.6,310.8,1355,57.8,195,1,0,0,0,1,0
3358,H32771,H,28.45,37.55,301.6,310.7,1414,51.7,197,0,0,0,0,0,0
3359,L50538,L,28.35,37.45,301.5,310.6,1522,36.6,202,0,0,0,0,0,0
3360,L50539,L,28.35,37.45,301.5,310.6,1525,41.9,204,0,0,0,0,0,0
3361,L50540,L,28.35,37.45,301.5,310.6,1394,46.5,206,0,0,0,0,0,0
3362,L50541,L,28.35,37.45,301.5,310.6,1519,40.7,208,0,0,0,0,0,0
3363,L50542,L,28.25,37.45,301.4,310.6,1445,43.9,210,0,0,0,0,0,0
3364,L50543,L,28.25,37.45,301.4,310.6,1555,43.3,212,0,0,0,0,0,0
3365,L50544,L,28.25,37.35,301.4,310.5,1633,39.5,0,0,0,0,0,0,0
3366,M18225,M,28.25,37.45,301.4,310.6,1630,30.3,2,0,0,0,0,0,0
3367,M18226,M,28.25,37.55,301.4,310.7,1692,32.3,5,0,0,0,0,0,0
3368,H32781,H,28.35,37.55,301.5,310.7,1790,26.2,8,0,0,0,0,0,0
3369,L50548,L,28.35,37.65,301.5,310.8,1350,58.5,13,0,0,0,0,0,0
3370,L50549,L,28.35,37.75,301.5,310.9,2760,8.0,15,1,0,0,1,0,0
3371,L50550,L,28.25,37.55,301.4,310.7,1584,32.2,17,0,0,0,0,0,0
3372,L50551,L,28.25,37.55,301.4,310.7,1989,21.8,19,0,0,0,0,0,0
3373,L50552,L,28.25,37.65,301.4,310.8,1431,44.3,21,0,0,0,0,0,0
3374,L50553,L,28.25,37.55,301.4,310.7,1568,35.2,23,0,0,0,0,0,0
3375,L50554,L,28.25,37.55,301.4,310.7,1376,50.6,25,0,0,0,0,0,0
3376,M18235,M,28.25,37.45,301.4,310.6,1459,46.9,27,0,0,0,0,0,0
3377,M18236,M,28.35,37.65,301.5,310.8,1385,47.5,30,0,0,0,0,0,0
3378,H32791,H,28.35,37.65,301.5,310.8,1591,29.6,33,0,0,0,0,0,0
3379,L50558,L,28.35,37.55,301.5,310.7,1568,33.1,38,0,0,0,0,0,0
3380,M18239,M,28.25,37.55,301.4,310.7,1459,37.7,40,0,0,0,0,0,0
3381,L50560,L,28.25,37.55,301.4,310.7,1590,36.3,43,0,0,0,0,0,0
3382,L50561,L,28.15,37.45,301.3,310.6,1376,47.6,45,0,0,0,0,0,0
3383,L50562,L,28.15,37.45,301.3,310.6,1510,38.5,47,0,0,0,0,0,0
3384,H32797,H,28.25,37.45,301.4,310.6,1674,33.6,49,0,0,0,0,0,0
3385,L50564,L,28.15,37.45,301.3,310.6,1426,40.7,54,0,0,0,0,0,0
3386,L50565,L,28.35,37.55,301.5,310.7,1466,43.6,56,0,0,0,0,0,0
3387,H32800,H,28.35,37.65,301.5,310.8,1474,38.7,58,0,0,0,0,0,0
3388,M18247,M,28.45,37.65,301.6,310.8,1290,65.3,63,0,0,0,0,0,0
3389,M18248,M,28.55,37.75,301.7,310.9,1435,48.0,66,0,0,0,0,0,0
3390,M18249,M,28.35,37.55,301.5,310.7,1416,53.2,69,0,0,0,0,0,0
3391,H32804,H,28.35,37.55,301.5,310.7,1599,40.4,72,0,0,0,0,0,0
3392,L50571,L,28.35,37.55,301.5,310.7,1466,47.3,77,0,0,0,0,0,0
3393,L50572,L,28.35,37.55,301.5,310.7,1408,47.3,79,0,0,0,0,0,0
3394,L50573,L,28.35,37.45,301.5,310.6,1490,48.1,81,0,0,0,0,0,0
3395,L50574,L,28.35,37.45,301.5,310.6,1405,42.3,83,0,0,0,0,0,0
3396,L50575,L,28.25,37.35,301.4,310.5,1647,33.3,85,0,0,0,0,0,0
3397,M18256,M,28.25,37.45,301.4,310.6,1459,35.0,87,0,0,0,0,0,0
3398,L50577,L,28.25,37.45,301.4,310.6,1648,30.7,90,0,0,0,0,0,0
3399,L50578,L,28.25,37.55,301.4,310.7,1675,30.7,92,0,0,0,0,0,0
3400,L50579,L,28.25,37.55,301.4,310.7,1605,34.2,94,0,0,0,0,0,0
3401,H32814,H,28.25,37.55,301.4,310.7,1536,44.4,96,0,0,0,0,0,0
3402,M18261,M,28.25,37.55,301.4,310.7,1617,34.3,101,0,0,0,0,0,0
3403,L50582,L,28.25,37.45,301.4,310.6,1347,53.3,104,0,0,0,0,0,0
3404,L50583,L,28.15,37.35,301.3,310.5,1337,52.7,106,0,0,0,0,0,0
3405,L50584,L,28.15,37.25,301.3,310.4,1695,30.9,108,0,0,0,0,0,0
3406,M18265,M,28.15,37.25,301.3,310.4,1635,32.5,110,0,0,0,0,0,0
3407,L50586,L,28.05,37.25,301.2,310.4,1470,44.0,113,0,0,0,0,0,0
3408,L50587,L,28.05,37.25,301.2,310.4,1381,49.8,115,0,0,0,0,0,0
3409,M18268,M,28.05,37.25,301.2,310.4,1382,41.6,117,0,0,0,0,0,0
3410,M18269,M,28.05,37.25,301.2,310.4,1697,30.0,120,0,0,0,0,0,0
3411,L50590,L,28.05,37.15,301.2,310.3,1451,39.7,123,0,0,0,0,0,0
3412,L50591,L,28.15,37.15,301.3,310.3,1419,55.7,125,0,0,0,0,0,0
3413,L50592,L,28.15,37.15,301.3,310.3,1313,55.6,127,0,0,0,0,0,0
3414,L50593,L,28.15,37.15,301.3,310.3,1560,36.3,129,0,0,0,0,0,0
3415,L50594,L,28.15,37.15,301.3,310.3,1555,41.2,131,0,0,0,0,0,0
3416,L50595,L,28.25,37.25,301.4,310.4,1579,36.9,133,0,0,0,0,0,0
3417,L50596,L,28.35,37.35,301.5,310.5,1435,44.6,135,0,0,0,0,0,0
3418,L50597,L,28.45,37.45,301.6,310.6,1621,33.7,137,0,0,0,0,0,0
3419,H32832,H,28.45,37.45,301.6,310.6,1555,40.4,139,0,0,0,0,0,0
3420,L50599,L,28.35,37.35,301.5,310.5,1611,33.8,144,0,0,0,0,0,0
3421,L50600,L,28.45,37.45,301.6,310.6,1834,23.5,146,0,0,0,0,0,0
3422,M18281,M,28.35,37.35,301.5,310.5,1612,29.8,148,0,0,0,0,0,0
3423,L50602,L,28.35,37.25,301.5,310.4,1629,34.1,151,0,0,0,0,0,0
3424,L50603,L,28.25,37.25,301.4,310.4,1496,35.2,153,0,0,0,0,0,0
3425,L50604,L,28.35,37.35,301.5,310.5,1593,32.9,155,0,0,0,0,0,0
3426,M18285,M,28.35,37.35,301.5,310.5,1623,33.5,157,0,0,0,0,0,0
3427,L50606,L,28.35,37.35,301.5,310.5,1380,48.7,160,0,0,0,0,0,0
3428,L50607,L,28.45,37.45,301.6,310.6,1562,34.4,162,0,0,0,0,0,0
3429,L50608,L,28.45,37.45,301.6,310.6,1391,49.4,164,0,0,0,0,0,0
3430,H32843,H,28.35,37.35,301.5,310.5,1551,34.3,166,0,0,0,0,0,0
3431,H32844,H,28.45,37.45,301.6,310.6,1821,26.2,171,0,0,0,0,0,0
3432,L50611,L,28.45,37.55,301.6,310.7,1429,43.6,176,0,0,0,0,0,0
3433,M18292,M,28.45,37.55,301.6,310.7,2012,20.7,178,0,0,0,0,0,0
3434,M18293,M,28.45,37.45,301.6,310.6,1924,23.6,181,0,0,0,0,0,0
3435,M18294,M,28.35,37.35,301.5,310.5,1412,44.1,184,0,0,0,0,0,0
3436,L50615,L,28.35,37.35,301.5,310.5,1389,54.9,187,0,0,0,0,0,0
3437,L50616,L,28.35,37.35,301.5,310.5,1466,48.1,189,0,0,0,0,0,0
3438,L50617,L,28.35,37.35,301.5,310.5,2297,15.8,191,0,0,0,0,0,0
3439,L50618,L,28.25,37.25,301.4,310.4,1471,37.5,193,0,0,0,0,0,0
3440,L50619,L,28.25,37.15,301.4,310.3,1492,41.4,195,0,0,0,0,0,0
3441,L50620,L,28.15,37.15,301.3,310.3,1460,41.5,197,0,0,0,0,0,0
3442,L50621,L,28.25,37.25,301.4,310.4,1559,39.4,199,0,0,0,0,0,0
3443,M18302,M,28.25,37.35,301.4,310.5,1495,52.5,201,0,0,0,0,0,0
3444,L50623,L,28.35,37.35,301.5,310.5,1535,39.0,204,0,0,0,0,0,0
3445,L50624,L,28.35,37.45,301.5,310.6,1381,50.7,206,0,0,0,0,0,0
3446,M18305,M,28.45,37.45,301.6,310.6,1599,36.1,208,0,0,0,0,0,0
3447,H32860,H,28.45,37.45,301.6,310.6,1400,49.5,211,0,0,0,0,0,0
3448,L50627,L,28.55,37.45,301.7,310.6,1624,34.5,216,0,0,0,0,0,0
3449,L50628,L,28.45,37.45,301.6,310.6,1478,36.6,218,0,0,0,0,0,0
3450,L50629,L,28.55,37.55,301.7,310.7,1605,33.3,220,0,0,0,0,0,0
3451,L50630,L,28.45,37.45,301.6,310.6,1506,43.4,222,0,0,0,0,0,0
3452,L50631,L,28.45,37.45,301.6,310.6,1455,43.9,0,0,0,0,0,0,0
3453,H32866,H,28.45,37.35,301.6,310.5,1602,32.3,2,0,0,0,0,0,1
3454,L50633,L,28.35,37.25,301.5,310.4,1425,54.4,7,0,0,0,0,0,0
3455,L50634,L,28.35,37.25,301.5,310.4,1918,21.8,9,0,0,0,0,0,0
3456,H32869,H,28.25,37.15,301.4,310.3,1611,41.5,11,0,0,0,0,0,0
3457,H32870,H,28.25,37.25,301.4,310.4,1610,38.6,16,0,0,0,0,0,0
3458,M18317,M,28.35,37.25,301.5,310.4,2639,12.0,21,1,0,0,1,0,0
3459,L50638,L,28.35,37.25,301.5,310.4,1329,46.6,24,0,0,0,0,0,0
3460,L50639,L,28.35,37.25,301.5,310.4,1270,54.2,26,0,0,0,0,0,0
3461,L50640,L,28.35,37.15,301.5,310.3,1415,41.6,28,0,0,0,0,0,0
3462,H32875,H,28.45,37.25,301.6,310.4,1330,49.5,30,0,0,0,0,0,0
3463,H32876,H,28.45,37.35,301.6,310.5,1786,27.1,35,0,0,0,0,0,0
3464,L50643,L,28.45,37.35,301.6,310.5,1809,25.5,40,0,0,0,0,0,0
3465,L50644,L,28.55,37.45,301.7,310.6,1303,59.7,42,0,0,0,0,0,0
3466,M18325,M,28.65,37.55,301.8,310.7,1383,45.7,44,0,0,0,0,0,0
3467,L50646,L,28.55,37.45,301.7,310.6,1447,56.9,47,0,0,0,0,0,0
3468,L50647,L,28.65,37.55,301.8,310.7,1461,44.2,49,0,0,0,0,0,0
3469,L50648,L,28.65,37.55,301.8,310.7,2092,18.6,51,0,0,0,0,0,0
3470,M18329,M,28.65,37.55,301.8,310.7,1429,47.9,53,0,0,0,0,0,0
3471,L50650,L,28.65,37.65,301.8,310.8,1736,26.5,56,0,0,0,0,0,0
3472,L50651,L,28.65,37.55,301.8,310.7,1441,49.3,58,0,0,0,0,0,0
3473,L50652,L,28.65,37.55,301.8,310.7,1523,43.3,60,0,0,0,0,0,0
3474,M18333,M,28.65,37.65,301.8,310.8,1691,33.4,62,0,0,0,0,0,0
3475,M18334,M,28.75,37.65,301.9,310.8,1557,35.3,65,0,0,0,0,0,0
3476,L50655,L,28.65,37.55,301.8,310.7,1644,33.4,68,0,0,0,0,0,0
3477,L50656,L,28.65,37.45,301.8,310.6,1522,43.8,70,0,0,0,0,0,0
3478,L50657,L,28.65,37.55,301.8,310.7,1547,41.7,72,0,0,0,0,0,0
3479,L50658,L,28.65,37.55,301.8,310.7,1597,30.8,74,0,0,0,0,0,0
3480,M18339,M,28.65,37.65,301.8,310.8,1619,31.0,76,0,0,0,0,0,0
3481,L50660,L,28.75,37.65,301.9,310.8,1400,58.2,79,0,0,0,0,0,0
3482,L50661,L,28.85,37.75,302.0,310.9,1663,31.5,81,0,0,0,0,0,0
3483,L50662,L,28.75,37.65,301.9,310.8,1540,37.6,83,0,0,0,0,0,0
3484,H32897,H,28.75,37.65,301.9,310.8,1455,42.7,85,0,0,0,0,0,0
3485,L50664,L,28.75,37.65,301.9,310.8,1519,39.0,90,0,0,0,0,0,0
3486,L50665,L,28.75,37.65,301.9,310.8,1427,47.7,92,0,0,0,0,0,0
3487,L50666,L,28.75,37.65,301.9,310.8,1650,29.8,94,0,0,0,0,0,0
3488,M18347,M,28.65,37.65,301.8,310.8,1508,38.8,96,0,0,0,0,0,0
3489,L50668,L,28.75,37.75,301.9,310.9,1379,54.8,99,0,0,0,0,0,0
3490,L50669,L,28.75,37.75,301.9,310.9,1542,36.7,101,0,0,0,0,0,0
3491,M18350,M,28.75,37.75,301.9,310.9,1763,28.4,103,0,0,0,0,0,0
3492,H32905,H,28.75,37.75,301.9,310.9,1590,34.3,106,0,0,0,0,0,0
3493,H32906,H,28.75,37.85,301.9,311.0,1336,63.6,111,0,0,0,0,0,0
3494,M18353,M,28.75,37.85,301.9,311.0,1638,35.4,116,0,0,0,0,0,0
3495,L50674,L,28.75,37.85,301.9,311.0,1356,45.7,119,0,0,0,0,0,0
3496,M18355,M,28.75,37.85,301.9,311.0,1384,47.4,121,0,0,0,0,0,0
3497,L50676,L,28.75,37.75,301.9,310.9,1309,48.0,124,0,0,0,0,0,0
3498,L50677,L,28.75,37.85,301.9,311.0,1642,33.1,126,0,0,0,0,0,0
3499,L50678,L,28.75,37.85,301.9,311.0,1289,54.9,128,0,0,0,0,0,0
3500,L50679,L,28.75,37.85,301.9,311.0,1353,43.8,130,0,0,0,0,0,0
3501,H32914,H,28.75,37.85,301.9,311.0,1871,26.0,132,0,0,0,0,0,0
3502,H32915,H,28.75,37.85,301.9,311.0,1291,63.6,137,0,0,0,0,0,0
3503,M18362,M,28.65,37.75,301.8,310.9,1346,44.6,142,0,0,0,0,0,0
3504,L50683,L,28.55,37.65,301.7,310.8,1493,47.6,145,0,0,0,0,0,0
3505,M18364,M,28.55,37.65,301.7,310.8,1524,41.3,147,0,0,0,0,0,0
3506,L50685,L,28.45,37.65,301.6,310.8,1726,26.7,150,0,0,0,0,0,0
3507,H32920,H,28.45,37.65,301.6,310.8,1435,47.2,152,0,0,0,0,0,0
3508,M18367,M,28.55,37.65,301.7,310.8,1502,34.4,157,0,0,0,0,0,0
3509,L50688,L,28.55,37.75,301.7,310.9,1608,33.0,160,0,0,0,0,0,0
3510,L50689,L,28.65,37.85,301.8,311.0,1771,27.2,162,0,0,0,0,0,0
3511,L50690,L,28.55,37.85,301.7,311.0,1474,42.6,164,0,0,0,0,0,0
3512,L50691,L,28.65,37.85,301.8,311.0,1322,53.0,166,0,0,0,0,0,0
3513,M18372,M,28.65,37.85,301.8,311.0,1393,49.5,168,0,0,0,0,0,0
3514,M18373,M,28.75,37.95,301.9,311.1,1417,52.5,171,0,0,0,0,0,0
3515,H32928,H,28.75,37.85,301.9,311.0,1430,49.8,174,0,0,0,0,0,0
3516,M18375,M,28.75,37.95,301.9,311.1,1605,40.0,179,0,0,0,0,0,0
3517,L50696,L,28.85,37.95,302.0,311.1,1402,47.8,182,0,0,0,0,0,0
3518,L50697,L,28.85,37.85,302.0,311.0,1550,35.2,184,0,0,0,0,0,0
3519,L50698,L,28.75,37.85,301.9,311.0,1376,44.9,186,0,0,0,0,0,0
3520,M18379,M,28.75,37.75,301.9,310.9,1569,32.5,188,0,0,0,0,0,0
3521,L50700,L,28.75,37.85,301.9,311.0,1669,32.2,191,0,0,0,0,0,0
3522,L50701,L,28.75,37.85,301.9,311.0,1541,38.9,193,0,0,0,0,0,0
3523,L50702,L,28.65,37.85,301.8,311.0,1651,32.5,195,0,0,0,0,0,0
3524,L50703,L,28.65,37.75,301.8,310.9,1521,39.3,197,0,0,0,0,0,0
3525,M18384,M,28.65,37.65,301.8,310.8,1365,48.2,199,0,0,0,0,0,0
3526,L50705,L,28.65,37.75,301.8,310.9,1609,31.7,202,0,0,0,0,0,0
3527,H32940,H,28.65,37.65,301.8,310.8,1470,37.6,204,0,0,0,0,0,0
3528,M18387,M,28.75,37.75,301.9,310.9,1573,38.9,209,0,0,0,0,0,0
3529,L50708,L,28.85,37.75,302.0,310.9,1378,53.1,212,1,0,0,0,1,0
3530,L50709,L,28.75,37.75,301.9,310.9,1567,39.0,214,1,1,0,0,0,0
3531,M18390,M,28.75,37.75,301.9,310.9,1441,43.7,0,0,0,0,0,0,0
3532,M18391,M,28.75,37.75,301.9,310.9,1641,33.2,3,0,0,0,0,0,0
3533,L50712,L,28.75,37.75,301.9,310.9,1486,40.3,6,0,0,0,0,0,0
3534,L50713,L,28.85,37.85,302.0,311.0,1563,36.2,8,0,0,0,0,0,0
3535,M18394,M,28.85,37.95,302.0,311.1,1769,26.0,10,0,0,0,0,0,0
3536,H32949,H,28.75,37.85,301.9,311.0,1672,29.9,13,0,0,0,0,0,0
3537,L50716,L,28.85,37.85,302.0,311.0,1632,34.2,18,0,0,0,0,0,0
3538,M18397,M,28.85,37.85,302.0,311.0,1980,21.5,20,0,0,0,0,0,0
3539,L50718,L,28.85,37.95,302.0,311.1,1635,36.0,23,0,0,0,0,0,0
3540,L50719,L,28.85,37.85,302.0,311.0,1686,32.5,25,0,0,0,0,0,0
3541,L50720,L,28.75,37.75,301.9,310.9,1574,31.4,27,0,0,0,0,0,0
3542,L50721,L,28.65,37.65,301.8,310.8,1546,43.4,29,0,0,0,0,0,0
3543,L50722,L,28.65,37.75,301.8,310.9,1899,24.7,31,0,0,0,0,0,0
3544,L50723,L,28.65,37.75,301.8,310.9,1449,36.5,33,0,0,0,0,0,0
3545,M18404,M,28.75,37.75,301.9,310.9,1483,37.0,35,0,0,0,0,0,0
3546,L50725,L,28.65,37.65,301.8,310.8,1576,38.6,38,0,0,0,0,0,0
3547,M18406,M,28.75,37.75,301.9,310.9,1317,51.9,40,0,0,0,0,0,0
3548,M18407,M,28.75,37.85,301.9,311.0,1467,48.1,43,0,0,0,0,0,0
3549,L50728,L,28.75,37.75,301.9,310.9,1616,34.5,46,0,0,0,0,0,0
3550,M18409,M,28.65,37.75,301.8,310.9,1299,60.4,48,0,0,0,0,0,0
3551,M18410,M,28.75,37.85,301.9,311.0,1432,41.5,51,0,0,0,0,0,0
3552,L50731,L,28.75,37.75,301.9,310.9,1799,24.2,54,0,0,0,0,0,0
3553,M18412,M,28.65,37.75,301.8,310.9,1358,52.3,56,0,0,0,0,0,0
3554,M18413,M,28.65,37.65,301.8,310.8,1618,37.8,59,0,0,0,0,0,0
3555,L50734,L,28.75,37.65,301.9,310.8,1525,43.2,62,0,0,0,0,0,0
3556,L50735,L,28.65,37.55,301.8,310.7,1551,37.7,64,0,0,0,0,0,0
3557,L50736,L,28.75,37.65,301.9,310.8,1735,31.5,66,0,0,0,0,0,0
3558,M18417,M,28.65,37.55,301.8,310.7,1309,43.3,68,0,0,0,0,0,0
3559,L50738,L,28.55,37.45,301.7,310.6,1743,26.2,71,0,0,0,0,0,0
3560,M18419,M,28.55,37.55,301.7,310.7,1659,29.9,73,0,0,0,0,0,0
3561,L50740,L,28.65,37.55,301.8,310.7,1680,32.4,76,0,0,0,0,0,0
3562,L50741,L,28.55,37.45,301.7,310.6,1486,38.5,78,0,0,0,0,0,0
3563,L50742,L,28.55,37.45,301.7,310.6,1471,43.8,80,0,0,0,0,0,0
3564,M18423,M,28.65,37.55,301.8,310.7,1465,35.8,82,0,0,0,0,0,0
3565,M18424,M,28.55,37.45,301.7,310.6,1492,42.2,85,0,0,0,0,0,0
3566,M18425,M,28.65,37.55,301.8,310.7,1420,52.0,88,0,0,0,0,0,0
3567,L50746,L,28.65,37.45,301.8,310.6,1295,62.3,91,0,0,0,0,0,0
3568,L50747,L,28.65,37.35,301.8,310.5,1548,34.1,93,0,0,0,0,0,0
3569,L50748,L,28.65,37.45,301.8,310.6,1372,54.7,95,0,0,0,0,0,0
3570,M18429,M,28.65,37.45,301.8,310.6,1552,35.9,97,0,0,0,0,0,0
3571,H32984,H,28.65,37.45,301.8,310.6,1441,46.3,100,0,0,0,0,0,0
3572,M18431,M,28.55,37.45,301.7,310.6,1691,27.7,105,0,0,0,0,0,0
3573,L50752,L,28.65,37.45,301.8,310.6,1451,50.7,108,0,0,0,0,0,0
3574,L50753,L,28.65,37.45,301.8,310.6,1452,48.4,110,0,0,0,0,0,0
3575,L50754,L,28.55,37.45,301.7,310.6,1406,46.0,112,0,0,0,0,0,0
3576,L50755,L,28.55,37.35,301.7,310.5,1567,39.1,114,0,0,0,0,0,0
3577,L50756,L,28.45,37.25,301.6,310.4,1599,41.7,116,0,0,0,0,0,0
3578,M18437,M,28.45,37.25,301.6,310.4,1455,39.0,118,0,0,0,0,0,0
3579,M18438,M,28.55,37.35,301.7,310.5,1625,35.9,121,0,0,0,0,0,0
3580,L50759,L,28.65,37.45,301.8,310.6,2672,11.8,124,1,0,0,1,0,0
3581,L50760,L,28.65,37.45,301.8,310.6,1650,31.9,126,0,0,0,0,0,0
3582,M18441,M,28.65,37.45,301.8,310.6,1459,40.2,128,0,0,0,0,0,0
3583,L50762,L,28.65,37.45,301.8,310.6,1395,50.5,131,0,0,0,0,0,0
3584,L50763,L,28.65,37.55,301.8,310.7,1751,29.3,133,0,0,0,0,0,0
3585,L50764,L,28.65,37.45,301.8,310.6,1192,68.9,135,0,0,0,0,0,0
3586,L50765,L,28.75,37.55,301.9,310.7,1947,25.0,137,0,0,0,0,0,0
3587,L50766,L,28.65,37.35,301.8,310.5,1593,34.9,139,0,0,0,0,0,0
3588,H33001,H,28.65,37.35,301.8,310.5,1478,38.6,141,0,0,0,0,0,0
3589,M18448,M,28.55,37.45,301.7,310.6,1505,44.5,146,0,0,0,0,0,0
3590,L50769,L,28.55,37.35,301.7,310.5,2465,13.7,149,0,0,0,0,0,0
3591,L50770,L,28.65,37.45,301.8,310.6,1403,46.8,151,0,0,0,0,0,0
3592,M18451,M,28.55,37.35,301.7,310.5,1458,41.4,153,0,0,0,0,0,0
3593,H33006,H,28.45,37.25,301.6,310.4,1369,45.4,156,0,0,0,0,0,0
3594,M18453,M,28.45,37.25,301.6,310.4,1377,44.9,161,0,0,0,0,0,0
3595,M18454,M,28.45,37.25,301.6,310.4,1452,45.7,164,0,0,0,0,0,0
3596,L50775,L,28.45,37.25,301.6,310.4,1517,41.1,167,0,0,0,0,0,0
3597,L50776,L,28.55,37.35,301.7,310.5,1354,50.0,169,0,0,0,0,0,0
3598,M18457,M,28.55,37.35,301.7,310.5,1724,33.0,171,0,0,0,0,0,0
3599,L50778,L,28.55,37.35,301.7,310.5,1399,53.2,174,0,0,0,0,0,0
3600,H33013,H,28.55,37.35,301.7,310.5,1388,50.5,176,0,0,0,0,0,0
3601,L50780,L,28.55,37.35,301.7,310.5,1523,34.7,181,0,0,0,0,0,0
3602,L50781,L,28.55,37.35,301.7,310.5,1377,43.1,183,0,0,0,0,0,0
3603,M18462,M,28.55,37.45,301.7,310.6,1417,45.2,185,0,0,0,0,0,0
3604,L50783,L,28.55,37.55,301.7,310.7,1542,40.0,188,0,0,0,0,0,0
3605,L50784,L,28.65,37.65,301.8,310.8,1557,33.3,190,0,0,0,0,0,0
3606,L50785,L,28.55,37.55,301.7,310.7,1641,31.9,192,0,0,0,0,0,0
3607,L50786,L,28.55,37.55,301.7,310.7,1318,55.0,194,0,0,0,0,0,0
3608,L50787,L,28.45,37.55,301.6,310.7,1638,33.8,196,0,0,0,0,0,0
3609,M18468,M,28.55,37.65,301.7,310.8,1954,21.6,198,0,0,0,0,0,0
3610,M18469,M,28.55,37.75,301.7,310.9,1644,32.5,201,0,0,0,0,0,0
3611,M18470,M,28.55,37.65,301.7,310.8,1594,32.4,204,0,0,0,0,0,0
3612,L50791,L,28.55,37.75,301.7,310.9,1405,46.4,207,1,1,0,0,0,1
3613,L50792,L,28.55,37.65,301.7,310.8,1622,37.8,0,0,0,0,0,0,0
3614,L50793,L,28.55,37.75,301.7,310.9,1557,39.4,2,0,0,0,0,0,0
3615,L50794,L,28.65,37.85,301.8,311.0,1606,33.3,4,0,0,0,0,0,0
3616,M18475,M,28.65,37.95,301.8,311.1,1647,31.6,6,0,0,0,0,0,0
3617,M18476,M,28.65,37.95,301.8,311.1,1413,42.2,9,0,0,0,0,0,0
3618,L50797,L,28.65,37.85,301.8,311.0,1529,41.6,12,0,0,0,0,0,0
3619,L50798,L,28.75,37.95,301.9,311.1,1448,46.3,14,0,0,0,0,0,0
3620,L50799,L,28.75,38.05,301.9,311.2,1435,44.2,16,0,0,0,0,0,0
3621,H33034,H,28.75,38.05,301.9,311.2,1474,41.8,18,0,0,0,0,0,0
3622,L50801,L,28.75,38.05,301.9,311.2,1657,29.1,23,0,0,0,0,0,0
3623,L50802,L,28.85,38.15,302.0,311.3,1509,39.9,25,0,0,0,0,0,0
3624,M18483,M,28.85,38.15,302.0,311.3,1530,36.4,27,0,0,0,0,0,0
3625,M18484,M,28.85,38.25,302.0,311.4,1587,35.9,30,0,0,0,0,0,0
3626,M18485,M,28.95,38.25,302.1,311.4,1467,43.4,33,0,0,0,0,0,0
3627,M18486,M,29.05,38.35,302.2,311.5,1360,53.0,36,0,0,0,0,0,0
3628,L50807,L,29.05,38.35,302.2,311.5,1588,30.6,39,0,0,0,0,0,0
3629,L50808,L,29.05,38.25,302.2,311.4,1609,32.1,41,0,0,0,0,0,0
3630,L50809,L,28.95,38.15,302.1,311.3,1415,44.1,43,0,0,0,0,0,0
3631,L50810,L,28.85,38.05,302.0,311.2,1845,27.3,45,0,0,0,0,0,0
3632,M18491,M,28.95,38.25,302.1,311.4,1419,36.2,47,0,0,0,0,0,0
3633,L50812,L,28.95,38.15,302.1,311.3,1634,30.6,50,0,0,0,0,0,0
3634,M18493,M,29.05,38.15,302.2,311.3,1521,40.6,52,0,0,0,0,0,0
3635,L50814,L,29.05,38.25,302.2,311.4,1499,37.7,55,0,0,0,0,0,0
3636,M18495,M,28.95,38.05,302.1,311.2,1616,35.1,57,0,0,0,0,0,0
3637,L50816,L,29.05,38.25,302.2,311.4,1449,46.5,60,0,0,0,0,0,0
3638,M18497,M,29.05,38.25,302.2,311.4,1626,31.6,62,0,0,0,0,0,0
3639,M18498,M,29.15,38.35,302.3,311.5,1445,44.8,65,0,0,0,0,0,0
3640,L50819,L,29.25,38.45,302.4,311.6,1622,35.0,68,0,0,0,0,0,0
3641,H33054,H,29.25,38.45,302.4,311.6,1544,39.1,70,0,0,0,0,0,0
3642,L50821,L,29.15,38.45,302.3,311.6,1488,41.8,75,0,0,0,0,0,0
3643,L50822,L,29.15,38.45,302.3,311.6,1309,57.6,77,0,0,0,0,0,0
3644,L50823,L,29.15,38.45,302.3,311.6,1784,26.4,79,0,0,0,0,0,0
3645,L50824,L,29.05,38.35,302.2,311.5,1548,32.4,81,0,0,0,0,0,0
3646,L50825,L,29.05,38.35,302.2,311.5,1413,43.5,83,0,0,0,0,0,0
3647,M18506,M,29.05,38.35,302.2,311.5,1863,25.7,85,0,0,0,0,0,0
3648,L50827,L,29.05,38.35,302.2,311.5,1427,43.8,88,0,0,0,0,0,0
3649,M18508,M,29.05,38.35,302.2,311.5,1443,47.0,90,0,0,0,0,0,0
3650,L50829,L,29.05,38.35,302.2,311.5,1481,40.4,93,0,0,0,0,0,0
3651,L50830,L,28.95,38.25,302.1,311.4,1446,39.7,95,0,0,0,0,0,0
3652,L50831,L,28.95,38.35,302.1,311.5,1444,44.9,97,0,0,0,0,0,0
3653,M18512,M,28.95,38.35,302.1,311.5,1341,50.8,99,0,0,0,0,0,0
3654,L50833,L,28.95,38.25,302.1,311.4,1518,37.4,102,0,0,0,0,0,0
3655,L50834,L,28.95,38.25,302.1,311.4,1603,35.9,104,0,0,0,0,0,0
3656,L50835,L,28.95,38.25,302.1,311.4,1686,30.9,106,0,0,0,0,0,0
3657,M18516,M,28.95,38.35,302.1,311.5,1383,53.6,108,0,0,0,0,0,0
3658,L50837,L,28.95,38.35,302.1,311.5,1477,45.4,111,0,0,0,0,0,0
3659,M18518,M,29.05,38.35,302.2,311.5,1449,44.5,113,0,0,0,0,0,0
3660,M18519,M,29.05,38.35,302.2,311.5,1734,25.0,116,0,0,0,0,0,0
3661,L50840,L,29.15,38.45,302.3,311.6,1398,49.1,119,0,0,0,0,0,0
3662,M18521,M,29.15,38.55,302.3,311.7,1639,36.6,121,0,0,0,0,0,0
3663,M18522,M,29.15,38.55,302.3,311.7,1517,37.6,124,0,0,0,0,0,0
3664,M18523,M,29.15,38.55,302.3,311.7,1442,41.7,127,0,0,0,0,0,0
3665,M18524,M,29.15,38.55,302.3,311.7,1685,30.8,130,0,0,0,0,0,0
3666,M18525,M,29.25,38.65,302.4,311.8,1358,50.6,133,0,0,0,0,0,0
3667,M18526,M,29.15,38.45,302.3,311.6,1608,39.9,136,0,0,0,0,0,0
3668,L50847,L,29.15,38.45,302.3,311.6,1665,34.3,139,0,0,0,0,0,0
3669,L50848,L,29.15,38.55,302.3,311.7,1510,38.7,141,0,0,0,0,0,0
3670,L50849,L,29.25,38.65,302.4,311.8,1465,40.2,143,0,0,0,0,0,0
3671,L50850,L,29.15,38.55,302.3,311.7,1701,27.5,145,0,0,0,0,0,0
3672,M18531,M,29.15,38.55,302.3,311.7,1486,39.6,147,0,0,0,0,0,0
3673,L50852,L,29.15,38.45,302.3,311.6,1658,32.3,150,0,0,0,0,0,0
3674,H33087,H,29.15,38.55,302.3,311.7,1449,44.5,152,0,0,0,0,0,0
3675,L50854,L,29.05,38.35,302.2,311.5,1346,52.4,157,0,0,0,0,0,0
3676,M18535,M,28.95,38.35,302.1,311.5,1866,23.1,159,0,0,0,0,0,0
3677,M18536,M,29.05,38.35,302.2,311.5,1562,38.0,162,0,0,0,0,0,0
3678,M18537,M,29.15,38.55,302.3,311.7,1368,53.6,165,0,0,0,0,0,0
3679,L50858,L,29.05,38.35,302.2,311.5,1567,33.1,168,0,0,0,0,0,0
3680,L50859,L,29.05,38.35,302.2,311.5,1725,34.0,170,0,0,0,0,0,0
3681,L50860,L,29.05,38.35,302.2,311.5,1744,31.2,172,0,0,0,0,0,0
3682,M18541,M,28.95,38.15,302.1,311.3,1453,45.1,174,0,0,0,0,0,0
3683,L50862,L,28.95,38.05,302.1,311.2,1550,34.8,177,0,0,0,0,0,0
3684,M18543,M,28.85,38.05,302.0,311.2,1558,39.1,179,0,0,0,0,0,0
3685,L50864,L,28.85,38.05,302.0,311.2,1270,65.3,182,1,0,0,0,1,0
3686,M18545,M,28.75,37.95,301.9,311.1,1380,51.6,184,0,0,0,0,0,0
3687,L50866,L,28.85,37.95,302.0,311.1,1406,50.5,187,0,0,0,0,0,0
3688,M18547,M,28.85,38.05,302.0,311.2,1625,30.7,189,0,0,0,0,0,0
3689,L50868,L,28.85,38.05,302.0,311.2,1420,45.8,192,0,0,0,0,0,0
3690,L50869,L,28.95,38.25,302.1,311.4,1889,22.7,194,0,0,0,0,0,0
3691,L50870,L,28.95,38.15,302.1,311.3,1477,43.6,196,0,0,0,0,0,0
3692,L50871,L,28.95,38.05,302.1,311.2,1460,46.9,198,0,0,0,0,0,0
3693,L50872,L,28.95,38.15,302.1,311.3,1758,24.4,200,0,0,0,0,0,0
3694,L50873,L,28.95,38.15,302.1,311.3,1521,31.5,202,0,0,0,0,0,0
3695,M18554,M,28.95,38.15,302.1,311.3,1511,45.0,204,0,0,0,0,0,0
3696,L50875,L,29.05,38.15,302.2,311.3,1530,37.3,207,1,1,0,0,0,0
3697,L50876,L,28.95,38.05,302.1,311.2,1454,46.8,0,0,0,0,0,0,0
3698,L50877,L,29.05,38.05,302.2,311.2,1928,23.1,2,0,0,0,0,0,0
3699,H33112,H,29.05,38.15,302.2,311.3,1758,26.4,4,0,0,0,0,0,0
3700,L50879,L,29.05,38.05,302.2,311.2,1649,33.2,9,0,0,0,0,0,0
3701,L50880,L,28.95,38.05,302.1,311.2,1447,50.3,11,0,0,0,0,0,0
3702,L50881,L,28.95,38.05,302.1,311.2,1417,48.0,13,0,0,0,0,0,0
3703,L50882,L,28.85,38.05,302.0,311.2,1434,44.9,15,0,0,0,0,0,0
3704,M18563,M,28.85,38.05,302.0,311.2,1418,49.5,17,0,0,0,0,0,0
3705,M18564,M,28.85,38.05,302.0,311.2,1400,49.5,20,0,0,0,0,0,0
3706,M18565,M,28.85,38.15,302.0,311.3,1725,27.7,23,0,0,0,0,0,0
3707,L50886,L,28.85,38.15,302.0,311.3,1567,41.1,26,0,0,0,0,0,0
3708,M18567,M,28.95,38.15,302.1,311.3,1497,38.4,28,0,0,0,0,0,0
3709,L50888,L,28.95,38.25,302.1,311.4,1549,44.6,31,0,0,0,0,0,0
3710,L50889,L,29.05,38.25,302.2,311.4,1754,26.9,33,0,0,0,0,0,0
3711,L50890,L,29.05,38.35,302.2,311.5,1489,38.3,35,0,0,0,0,0,0
3712,L50891,L,29.05,38.35,302.2,311.5,1543,38.5,37,0,0,0,0,0,0
3713,L50892,L,29.15,38.35,302.3,311.5,1543,33.1,39,0,0,0,0,0,0
3714,L50893,L,29.15,38.35,302.3,311.5,1565,35.6,41,0,0,0,0,0,0
3715,M18574,M,29.15,38.25,302.3,311.4,1855,23.9,43,0,0,0,0,0,0
3716,M18575,M,29.25,38.25,302.4,311.4,1475,45.2,46,0,0,0,0,0,0
3717,L50896,L,29.15,38.25,302.3,311.4,1609,32.3,49,0,0,0,0,0,0
3718,H33131,H,29.15,38.25,302.3,311.4,1443,44.1,51,0,0,0,0,0,0
3719,L50898,L,29.25,38.25,302.4,311.4,1450,44.1,56,0,0,0,0,0,0
3720,L50899,L,29.25,38.35,302.4,311.5,1590,39.9,58,0,0,0,0,0,0
3721,M18580,M,29.25,38.25,302.4,311.4,1508,41.2,60,0,0,0,0,0,0
3722,M18581,M,29.05,38.05,302.2,311.2,1544,43.6,63,0,0,0,0,0,0
3723,L50902,L,29.05,38.05,302.2,311.2,1451,41.8,66,0,0,0,0,0,0
3724,L50903,L,29.15,38.05,302.3,311.2,1758,24.4,68,0,0,0,0,0,0
3725,M18584,M,29.15,38.05,302.3,311.2,1507,47.7,70,0,0,0,0,0,0
3726,H33139,H,29.15,37.95,302.3,311.1,1543,37.5,73,0,0,0,0,0,0
3727,M18586,M,29.15,38.05,302.3,311.2,1505,36.7,78,0,0,0,0,0,0
3728,L50907,L,29.15,38.05,302.3,311.2,1786,24.3,81,0,0,0,0,0,0
3729,L50908,L,29.15,38.15,302.3,311.3,1457,44.5,83,0,0,0,0,0,0
3730,M18589,M,29.25,38.15,302.4,311.3,1312,61.5,85,0,0,0,0,0,0
3731,M18590,M,29.15,38.05,302.3,311.2,1405,47.7,88,0,0,0,0,0,0
3732,M18591,M,29.05,38.05,302.2,311.2,1377,43.0,91,0,0,0,0,0,0
3733,M18592,M,29.05,38.05,302.2,311.2,1347,49.8,94,0,0,0,0,0,0
3734,L50913,L,29.05,37.95,302.2,311.1,1470,39.6,97,0,0,0,0,0,0
3735,M18594,M,29.05,38.05,302.2,311.2,1873,24.0,99,0,0,0,0,0,0
3736,M18595,M,29.05,37.95,302.2,311.1,1434,58.6,102,0,0,0,0,0,0
3737,H33150,H,29.05,37.95,302.2,311.1,1628,30.6,105,0,0,0,0,0,0
3738,L50917,L,29.05,37.95,302.2,311.1,1351,48.6,110,0,0,0,0,0,0
3739,M18598,M,29.15,38.05,302.3,311.2,1454,43.8,112,0,0,0,0,0,0
3740,M18599,M,29.05,38.05,302.2,311.2,1663,29.6,115,0,0,0,0,0,0
3741,L50920,L,29.15,38.05,302.3,311.2,1401,49.7,118,0,0,0,0,0,0
3742,L50921,L,29.25,38.15,302.4,311.3,1503,38.2,120,0,0,0,0,0,0
3743,L50922,L,29.25,38.25,302.4,311.4,1564,35.0,122,0,0,0,0,0,0
3744,L50923,L,29.35,38.25,302.5,311.4,1759,24.6,124,0,0,0,0,0,0
3745,L50924,L,29.35,38.25,302.5,311.4,1409,53.1,126,0,0,0,0,0,0
3746,L50925,L,29.45,38.25,302.6,311.4,1738,25.8,128,0,0,0,0,0,0
3747,H33160,H,29.35,38.15,302.5,311.3,1393,47.5,130,0,0,0,0,0,0
3748,L50927,L,29.35,37.95,302.5,311.1,1499,38.8,135,0,0,0,0,0,0
3749,L50928,L,29.35,37.95,302.5,311.1,1493,39.0,137,0,0,0,0,0,0
3750,L50929,L,29.25,37.95,302.4,311.1,1652,33.9,139,0,0,0,0,0,0
3751,L50930,L,29.15,37.95,302.3,311.1,1589,29.9,141,0,0,0,0,0,0
3752,L50931,L,29.25,37.95,302.4,311.1,1520,42.2,143,0,0,0,0,0,0
3753,H33166,H,29.15,37.95,302.3,311.1,1455,40.3,145,0,0,0,0,0,0
3754,L50933,L,29.05,37.85,302.2,311.0,1463,46.8,150,0,0,0,0,0,0
3755,L50934,L,29.15,37.85,302.3,311.0,1442,43.7,152,0,0,0,0,0,0
3756,L50935,L,29.15,37.85,302.3,311.0,1329,51.5,154,0,0,0,0,0,0
3757,L50936,L,29.15,37.95,302.3,311.1,1546,33.1,156,0,0,0,0,0,0
3758,M18617,M,29.05,37.95,302.2,311.1,1516,33.7,158,0,0,0,0,0,0
3759,M18618,M,29.05,37.85,302.2,311.0,1476,47.4,161,0,0,0,0,0,0
3760,L50939,L,29.15,37.85,302.3,311.0,1412,47.0,164,0,0,0,0,0,0
3761,L50940,L,29.15,37.75,302.3,310.9,1377,46.8,166,1,0,1,0,0,0
3762,M18621,M,29.25,37.85,302.4,311.0,1490,37.1,168,0,0,0,0,0,0
3763,M18622,M,29.15,37.85,302.3,311.0,1526,37.7,171,0,0,0,0,0,0
3764,L50943,L,29.15,37.85,302.3,311.0,1428,47.9,174,0,0,0,0,0,0
3765,L50944,L,29.25,37.85,302.4,311.0,1329,54.6,176,0,0,0,0,0,0
3766,M18625,M,29.25,37.95,302.4,311.1,1443,51.8,178,0,0,0,0,0,0
3767,L50946,L,29.15,37.95,302.3,311.1,1373,53.0,181,0,0,0,0,0,0
3768,L50947,L,29.15,37.95,302.3,311.1,1630,35.6,183,0,0,0,0,0,0
3769,L50948,L,29.05,37.85,302.2,311.0,1555,34.2,185,0,0,0,0,0,0
3770,M18629,M,29.05,37.85,302.2,311.0,1436,47.0,187,0,0,0,0,0,0
3771,L50950,L,29.15,37.85,302.3,311.0,1609,31.0,190,0,0,0,0,0,0
3772,M18631,M,29.15,37.85,302.3,311.0,1384,49.7,192,0,0,0,0,0,0
3773,L50952,L,29.25,37.95,302.4,311.1,1448,44.8,195,0,0,0,0,0,0
3774,M18633,M,29.25,37.95,302.4,311.1,1887,22.4,197,0,0,0,0,0,0
3775,M18634,M,29.25,37.95,302.4,311.1,1480,45.7,200,0,0,0,0,0,0
3776,H33189,H,29.35,37.95,302.5,311.1,1850,23.3,203,0,0,0,0,0,0
3777,L50956,L,29.35,37.95,302.5,311.1,1538,36.8,208,0,0,0,0,0,0
3778,M18637,M,29.25,37.95,302.4,311.1,1721,30.1,210,0,0,0,0,0,0
3779,M18638,M,29.25,37.95,302.4,311.1,1366,54.4,0,0,0,0,0,0,0
3780,L50959,L,29.15,37.85,302.3,311.0,1657,31.1,3,0,0,0,0,0,0
3781,L50960,L,29.25,37.95,302.4,311.1,1446,42.9,5,0,0,0,0,0,0
3782,L50961,L,29.15,37.65,302.3,310.8,1465,43.8,7,0,0,0,0,0,0
3783,L50962,L,29.05,37.65,302.2,310.8,1827,23.8,9,0,0,0,0,0,0
3784,H33197,H,29.05,37.65,302.2,310.8,1397,47.6,11,0,0,0,0,0,0
3785,L50964,L,29.05,37.65,302.2,310.8,1744,29.7,16,0,0,0,0,0,0
3786,L50965,L,29.15,37.75,302.3,310.9,1545,36.7,18,0,0,0,0,0,0
3787,L50966,L,29.15,37.75,302.3,310.9,1587,36.6,20,0,0,0,0,0,0
3788,L50967,L,29.15,37.65,302.3,310.8,1377,47.3,22,1,0,1,0,0,0
3789,L50968,L,29.15,37.65,302.3,310.8,1511,48.1,24,0,0,0,0,0,0
3790,L50969,L,29.15,37.65,302.3,310.8,1650,32.4,26,0,0,0,0,0,0
3791,L50970,L,29.15,37.75,302.3,310.9,1412,48.9,28,0,0,0,0,0,0
3792,L50971,L,29.15,37.85,302.3,311.0,1528,43.1,30,0,0,0,0,0,0
3793,L50972,L,29.15,37.75,302.3,310.9,1459,35.0,32,0,0,0,0,0,0
3794,L50973,L,29.15,37.75,302.3,310.9,1379,49.3,34,1,0,1,0,0,0
3795,M18654,M,29.05,37.65,302.2,310.8,1356,48.3,36,0,0,0,0,0,0
3796,M18655,M,28.95,37.65,302.1,310.8,1409,41.3,39,0,0,0,0,0,0
3797,M18656,M,28.95,37.65,302.1,310.8,1504,37.5,42,0,0,0,0,0,0
3798,L50977,L,28.95,37.65,302.1,310.8,1622,36.8,45,0,0,0,0,0,0
3799,L50978,L,28.95,37.65,302.1,310.8,1786,25.7,47,0,0,0,0,0,0
3800,L50979,L,29.05,37.75,302.2,310.9,1506,34.0,49,0,0,0,0,0,0
3801,M18660,M,28.95,37.75,302.1,310.9,1916,23.1,51,0,0,0,0,0,0
3802,M18661,M,29.05,37.75,302.2,310.9,1771,27.6,54,0,0,0,0,0,0
3803,M18662,M,29.05,37.75,302.2,310.9,1488,44.2,57,0,0,0,0,0,0
3804,L50983,L,29.05,37.75,302.2,310.9,1531,37.5,60,0,0,0,0,0,0
3805,L50984,L,29.15,37.75,302.3,310.9,1529,33.4,62,0,0,0,0,0,0
3806,M18665,M,29.25,37.85,302.4,311.0,1580,36.5,64,0,0,0,0,0,0
3807,M18666,M,29.15,37.75,302.3,310.9,1360,44.0,67,1,0,1,0,0,0
3808,M18667,M,29.15,37.85,302.3,311.0,1546,35.5,70,0,0,0,0,0,0
3809,M18668,M,29.15,37.75,302.3,310.9,1762,24.5,73,0,0,0,0,0,0
3810,L50989,L,29.05,37.65,302.2,310.8,1350,56.6,76,0,0,0,0,0,0
3811,M18670,M,29.05,37.65,302.2,310.8,1562,38.1,78,0,0,0,0,0,0
3812,M18671,M,28.95,37.55,302.1,310.7,1608,30.3,81,0,0,0,0,0,0
3813,L50992,L,28.85,37.45,302.0,310.6,1392,50.0,84,0,0,0,0,0,0
3814,L50993,L,28.85,37.45,302.0,310.6,1467,44.9,86,0,0,0,0,0,0
3815,M18674,M,28.95,37.45,302.1,310.6,1326,59.1,88,1,0,1,0,0,0
3816,L50995,L,29.05,37.55,302.2,310.7,1769,24.9,91,0,0,0,0,0,0
3817,L50996,L,28.95,37.45,302.1,310.6,1459,47.6,93,0,0,0,0,0,0
3818,M18677,M,28.95,37.45,302.1,310.6,1421,52.0,95,0,0,0,0,0,0
3819,L50998,L,28.95,37.55,302.1,310.7,1491,42.8,98,0,0,0,0,0,0
3820,L50999,L,29.05,37.55,302.2,310.7,1567,36.4,100,0,0,0,0,0,0
3821,L51000,L,29.15,37.65,302.3,310.8,1421,41.4,102,0,0,0,0,0,0
3822,L51001,L,29.15,37.75,302.3,310.9,1596,33.5,104,0,0,0,0,0,0
3823,M18682,M,29.25,37.85,302.4,311.0,1464,44.2,106,0,0,0,0,0,0
3824,M18683,M,29.15,37.75,302.3,310.9,1581,36.1,109,0,0,0,0,0,0
3825,L51004,L,29.15,37.75,302.3,310.9,1620,30.3,112,0,0,0,0,0,0
3826,H33239,H,29.05,37.55,302.2,310.7,1413,48.9,114,0,0,0,0,0,0
3827,H33240,H,29.15,37.65,302.3,310.8,1438,43.8,119,0,0,0,0,0,0
3828,M18687,M,29.25,37.75,302.4,310.9,1469,41.6,124,0,0,0,0,0,0
3829,M18688,M,29.15,37.65,302.3,310.8,1762,27.8,127,0,0,0,0,0,0
3830,H33243,H,29.15,37.75,302.3,310.9,1366,48.4,130,1,0,1,0,0,0
3831,L51010,L,29.15,37.75,302.3,310.9,1891,22.7,135,0,0,0,0,0,0
3832,M18691,M,29.15,37.75,302.3,310.9,1742,29.7,137,0,0,0,0,0,0
3833,M18692,M,29.05,37.75,302.2,310.9,1465,43.5,140,0,0,0,0,0,0
3834,M18693,M,29.15,37.85,302.3,311.0,1541,36.6,143,0,0,0,0,0,0
3835,M18694,M,29.15,37.95,302.3,311.1,1295,57.1,146,0,0,0,0,0,0
3836,M18695,M,29.15,37.95,302.3,311.1,1435,43.1,149,0,0,0,0,0,0
3837,L51016,L,29.25,38.05,302.4,311.2,1466,43.9,152,0,0,0,0,0,0
3838,L51017,L,29.25,38.05,302.4,311.2,1450,47.9,154,0,0,0,0,0,0
3839,L51018,L,29.25,37.95,302.4,311.1,1880,24.5,156,0,0,0,0,0,0
3840,M18699,M,29.15,37.85,302.3,311.0,1578,33.5,158,0,0,0,0,0,0
3841,L51020,L,29.25,37.85,302.4,311.0,1610,33.1,161,0,0,0,0,0,0
3842,L51021,L,29.25,37.95,302.4,311.1,1565,42.8,163,0,0,0,0,0,0
3843,L51022,L,29.35,38.05,302.5,311.2,1545,40.1,165,0,0,0,0,0,0
3844,L51023,L,29.35,38.05,302.5,311.2,1227,60.1,167,0,0,0,0,0,0
3845,L51024,L,29.25,37.95,302.4,311.1,1484,45.9,169,0,0,0,0,0,0
3846,L51025,L,29.15,37.85,302.3,311.0,1591,32.7,171,0,0,0,0,0,0
3847,L51026,L,29.15,37.75,302.3,310.9,1403,47.2,173,0,0,0,0,0,0
3848,M18707,M,29.15,37.85,302.3,311.0,1450,45.7,175,0,0,0,0,0,0
3849,L51028,L,29.15,37.75,302.3,310.9,1720,28.1,178,0,0,0,0,0,0
3850,L51029,L,29.15,37.85,302.3,311.0,1561,37.2,180,0,0,0,0,0,0
3851,M18710,M,29.15,37.85,302.3,311.0,1421,41.3,182,0,0,0,0,0,0
3852,H33265,H,29.05,37.75,302.2,310.9,1415,48.4,185,0,0,0,0,0,0
3853,L51032,L,29.15,37.75,302.3,310.9,2034,19.7,190,0,0,0,0,0,0
3854,L51033,L,29.25,37.85,302.4,311.0,1486,40.4,192,0,0,0,0,0,0
3855,L51034,L,29.25,37.85,302.4,311.0,1338,67.6,194,1,0,0,1,1,0
3856,H33269,H,29.25,37.95,302.4,311.1,1578,32.3,196,0,0,0,0,0,0
3857,M18716,M,29.25,38.05,302.4,311.2,1330,58.6,201,0,0,0,0,0,0
3858,H33271,H,29.25,38.05,302.4,311.2,1506,40.8,204,0,0,0,0,0,0
3859,L51038,L,29.35,38.25,302.5,311.4,1559,37.6,209,0,0,0,0,0,0
3860,L51039,L,29.45,38.35,302.6,311.5,1599,37.0,211,0,0,0,0,0,0
3861,L51040,L,29.45,38.35,302.6,311.5,1427,38.9,213,0,0,0,0,0,0
3862,M18721,M,29.35,38.35,302.5,311.5,1481,41.1,215,0,0,0,0,0,0
3863,H33276,H,29.35,38.35,302.5,311.5,1496,43.8,218,0,0,0,0,0,0
3864,L51043,L,29.35,38.25,302.5,311.4,1674,27.0,223,0,0,0,0,0,0
3865,M18724,M,29.35,38.25,302.5,311.4,1629,31.7,225,0,0,0,0,0,0
3866,H33279,H,29.45,38.35,302.6,311.5,1629,34.4,228,1,1,0,0,0,0
3867,L51046,L,29.45,38.45,302.6,311.6,1311,53.2,0,0,0,0,0,0,0
3868,M18727,M,29.55,38.45,302.7,311.6,2709,9.7,2,1,0,0,1,0,0
3869,M18728,M,29.55,38.55,302.7,311.7,1759,29.9,5,0,0,0,0,0,0
3870,L51049,L,29.55,38.55,302.7,311.7,1480,45.2,8,0,0,0,0,0,0
3871,L51050,L,29.55,38.65,302.7,311.8,1461,46.1,10,0,0,0,0,0,0
3872,M18731,M,29.55,38.65,302.7,311.8,1728,30.0,12,0,0,0,0,0,0
3873,L51052,L,29.55,38.75,302.7,311.9,1389,46.5,15,0,0,0,0,0,0
3874,L51053,L,29.45,38.65,302.6,311.8,1638,35.1,17,0,0,0,0,0,0
3875,L51054,L,29.45,38.55,302.6,311.7,1254,54.1,19,0,0,0,0,0,0
3876,L51055,L,29.45,38.65,302.6,311.8,1427,50.1,21,0,0,0,0,0,0
3877,L51056,L,29.45,38.65,302.6,311.8,1627,31.8,23,0,0,0,0,0,0
3878,H33291,H,29.45,38.55,302.6,311.7,1471,48.3,25,0,0,0,0,0,0
3879,L51058,L,29.45,38.55,302.6,311.7,1773,27.1,30,0,0,0,0,0,0
3880,M18739,M,29.45,38.55,302.6,311.7,1430,51.7,32,0,0,0,0,0,0
3881,L51060,L,29.35,38.45,302.5,311.6,1595,29.5,35,0,0,0,0,0,0
3882,L51061,L,29.35,38.35,302.5,311.5,1521,44.1,37,0,0,0,0,0,0
3883,L51062,L,29.35,38.45,302.5,311.6,1419,43.7,39,0,0,0,0,0,0
3884,M18743,M,29.25,38.25,302.4,311.4,1534,40.1,41,0,0,0,0,0,0
3885,H33298,H,29.35,38.35,302.5,311.5,1626,36.0,44,0,0,0,0,0,0
3886,L51065,L,29.35,38.35,302.5,311.5,1677,29.2,49,0,0,0,0,0,0
3887,L51066,L,29.25,38.15,302.4,311.3,1392,50.5,51,0,0,0,0,0,0
3888,L51067,L,29.25,38.05,302.4,311.2,1448,50.5,53,0,0,0,0,0,0
3889,L51068,L,29.15,38.05,302.3,311.2,1903,22.9,55,0,0,0,0,0,0
3890,L51069,L,29.25,38.05,302.4,311.2,1404,52.0,57,0,0,0,0,0,0
3891,L51070,L,29.15,38.05,302.3,311.2,1386,53.5,59,0,0,0,0,0,0
3892,L51071,L,29.05,37.95,302.2,311.1,1418,47.0,61,0,0,0,0,0,0
3893,M18752,M,29.15,37.95,302.3,311.1,1338,53.3,63,0,0,0,0,0,0
3894,L51073,L,29.15,38.05,302.3,311.2,1549,40.6,66,0,0,0,0,0,0
3895,M18754,M,29.15,38.05,302.3,311.2,1432,42.7,68,0,0,0,0,0,0
3896,M18755,M,29.15,38.05,302.3,311.2,1546,40.0,71,0,0,0,0,0,0
3897,M18756,M,29.05,38.05,302.2,311.2,1627,33.2,74,0,0,0,0,0,0
3898,M18757,M,29.05,37.95,302.2,311.1,1640,32.8,77,0,0,0,0,0,0
3899,M18758,M,28.95,37.95,302.1,311.1,1423,36.8,80,0,0,0,0,0,0
3900,M18759,M,28.95,37.85,302.1,311.0,1711,28.7,83,0,0,0,0,0,0
3901,M18760,M,28.95,37.95,302.1,311.1,1450,51.6,86,0,0,0,0,0,0
3902,H33315,H,29.05,37.95,302.2,311.1,1553,34.1,89,0,0,0,0,0,0
3903,L51082,L,29.05,37.95,302.2,311.1,1630,34.6,94,0,0,0,0,0,0
3904,H33317,H,29.05,37.95,302.2,311.1,1476,39.6,96,0,0,0,0,0,0
3905,H33318,H,29.05,37.95,302.2,311.1,1426,50.6,101,0,0,0,0,0,0
3906,M18765,M,29.05,38.05,302.2,311.2,1561,34.9,106,0,0,0,0,0,0
3907,L51086,L,29.15,38.05,302.3,311.2,1297,62.5,109,0,0,0,0,0,0
3908,M18767,M,29.15,38.05,302.3,311.2,1842,23.9,111,0,0,0,0,0,0
3909,L51088,L,29.15,38.05,302.3,311.2,1633,36.4,114,0,0,0,0,0,0
3910,H33323,H,29.15,38.15,302.3,311.3,1744,30.3,116,0,0,0,0,0,0
3911,L51090,L,29.25,38.25,302.4,311.4,1831,26.9,121,0,0,0,0,0,0
3912,M18771,M,29.15,38.15,302.3,311.3,1339,50.8,123,0,0,0,0,0,0
3913,L51092,L,29.25,38.25,302.4,311.4,1475,40.4,126,0,0,0,0,0,0
3914,M18773,M,29.25,38.25,302.4,311.4,1675,29.6,128,0,0,0,0,0,0
3915,L51094,L,29.35,38.35,302.5,311.5,1493,35.1,131,0,0,0,0,0,0
3916,L51095,L,29.35,38.35,302.5,311.5,1700,29.5,133,0,0,0,0,0,0
3917,L51096,L,29.45,38.45,302.6,311.6,1453,37.0,135,0,0,0,0,0,0
3918,L51097,L,29.45,38.55,302.6,311.7,1542,34.1,137,0,0,0,0,0,0
3919,M18778,M,29.35,38.35,302.5,311.5,1358,52.7,139,0,0,0,0,0,0
3920,H33333,H,29.35,38.35,302.5,311.5,1655,32.3,142,0,0,0,0,0,0
3921,L51100,L,29.45,38.35,302.6,311.5,1885,27.5,147,0,0,0,0,0,0
3922,L51101,L,29.55,38.35,302.7,311.5,1494,41.4,149,0,0,0,0,0,0
3923,M18782,M,29.45,38.25,302.6,311.4,1757,29.5,151,0,0,0,0,0,0
3924,M18783,M,29.45,38.25,302.6,311.4,1718,31.2,154,0,0,0,0,0,0
3925,M18784,M,29.35,38.25,302.5,311.4,1636,35.0,157,0,0,0,0,0,0
3926,L51105,L,29.45,38.45,302.6,311.6,1638,29.6,160,0,0,0,0,0,0
3927,L51106,L,29.45,38.35,302.6,311.5,1609,36.0,162,0,0,0,0,0,0
3928,H33341,H,29.55,38.35,302.7,311.5,1556,35.0,164,0,0,0,0,0,0
3929,L51108,L,29.45,38.35,302.6,311.5,1442,59.8,169,1,0,0,1,0,0
3930,M18789,M,29.55,38.45,302.7,311.6,1501,38.8,171,0,0,0,0,0,0
3931,M18790,M,29.45,38.45,302.6,311.6,2041,19.2,174,0,0,0,0,0,0
3932,M18791,M,29.55,38.55,302.7,311.7,1784,25.1,177,0,0,0,0,0,0
3933,L51112,L,29.45,38.45,302.6,311.6,1953,22.4,180,0,0,0,0,0,0
3934,L51113,L,29.45,38.45,302.6,311.6,1576,34.7,182,0,0,0,0,0,0
3935,M18794,M,29.45,38.45,302.6,311.6,1518,39.0,184,0,0,0,0,0,0
3936,M18795,M,29.45,38.45,302.6,311.6,1227,68.2,187,1,0,0,0,1,0
3937,L51116,L,29.35,38.35,302.5,311.5,1985,18.8,190,0,0,0,0,0,0
3938,L51117,L,29.35,38.35,302.5,311.5,1802,26.4,192,0,0,0,0,0,0
3939,L51118,L,29.35,38.35,302.5,311.5,1603,32.4,194,0,0,0,0,0,0
3940,L51119,L,29.35,38.45,302.5,311.6,1400,54.0,196,0,0,0,0,0,0
3941,L51120,L,29.15,38.35,302.3,311.5,1395,54.2,198,0,0,0,0,0,0
3942,L51121,L,29.05,38.25,302.2,311.4,1987,19.9,200,0,0,0,0,0,0
3943,M18802,M,29.05,38.25,302.2,311.4,1398,47.2,202,0,0,0,0,0,0
3944,L51123,L,29.15,38.25,302.3,311.4,1333,66.7,205,1,0,0,1,1,0
3945,L51124,L,29.05,38.05,302.2,311.2,1381,49.4,207,0,0,0,0,0,0
3946,L51125,L,29.05,38.15,302.2,311.3,1570,36.1,0,0,0,0,0,0,0
3947,M18806,M,29.05,38.15,302.2,311.3,1658,31.0,2,0,0,0,0,0,0
3948,H33361,H,29.05,38.15,302.2,311.3,1749,29.2,5,0,0,0,0,0,0
3949,M18808,M,29.05,38.15,302.2,311.3,1510,37.1,10,0,0,0,0,0,0
3950,L51129,L,29.15,38.35,302.3,311.5,1384,50.8,13,0,0,0,0,0,0
3951,L51130,L,29.15,38.25,302.3,311.4,1570,37.2,15,0,0,0,0,0,0
3952,M18811,M,29.15,38.25,302.3,311.4,1571,32.7,17,0,0,0,0,0,0
3953,L51132,L,29.15,38.25,302.3,311.4,1476,37.3,20,0,0,0,0,0,0
3954,M18813,M,29.15,38.25,302.3,311.4,1484,39.5,22,0,0,0,0,0,0
3955,M18814,M,29.15,38.25,302.3,311.4,1909,23.2,25,0,0,0,0,0,0
3956,L51135,L,29.15,38.35,302.3,311.5,1448,49.6,28,0,0,0,0,0,0
3957,M18816,M,29.15,38.25,302.3,311.4,1500,40.2,30,0,0,0,0,0,0
3958,L51137,L,29.05,38.25,302.2,311.4,1510,44.9,33,0,0,0,0,0,0
3959,L51138,L,29.05,38.15,302.2,311.3,1378,55.5,35,0,0,0,0,0,0
3960,M18819,M,29.05,38.25,302.2,311.4,1538,37.4,37,0,0,0,0,0,0
3961,L51140,L,29.05,38.25,302.2,311.4,1390,48.1,40,0,0,0,0,0,0
3962,M18821,M,29.05,38.25,302.2,311.4,1642,32.1,42,0,0,0,0,0,0
3963,L51142,L,29.25,38.35,302.4,311.5,1785,24.8,45,0,0,0,0,0,0
3964,H33377,H,29.15,38.35,302.3,311.5,1526,38.2,47,0,0,0,0,0,0
3965,M18824,M,29.15,38.45,302.3,311.6,1668,33.2,52,0,0,0,0,0,0
3966,L51145,L,29.15,38.35,302.3,311.5,1507,37.5,55,0,0,0,0,0,0
3967,L51146,L,29.15,38.35,302.3,311.5,1530,37.8,57,0,0,0,0,0,0
3968,M18827,M,29.15,38.25,302.3,311.4,1479,45.6,59,0,0,0,0,0,0
3969,M18828,M,29.15,38.25,302.3,311.4,1418,41.3,62,0,0,0,0,0,0
3970,L51149,L,29.15,38.25,302.3,311.4,1504,38.7,65,0,0,0,0,0,0
3971,M18830,M,29.15,38.25,302.3,311.4,1345,47.6,67,0,0,0,0,0,0
3972,H33385,H,29.05,38.25,302.2,311.4,1625,35.4,70,0,0,0,0,0,0
3973,L51152,L,29.15,38.25,302.3,311.4,1511,34.7,75,0,0,0,0,0,0
3974,L51153,L,29.15,38.25,302.3,311.4,1535,41.8,77,0,0,0,0,0,0
3975,L51154,L,29.25,38.35,302.4,311.5,1505,37.9,79,0,0,0,0,0,0
3976,H33389,H,29.25,38.35,302.4,311.5,1540,43.7,81,0,0,0,0,0,0
3977,H33390,H,29.15,38.25,302.3,311.4,1372,46.0,86,0,0,0,0,0,0
3978,M18837,M,29.05,38.15,302.2,311.3,1510,36.6,91,0,0,0,0,0,0
3979,L51158,L,29.05,38.15,302.2,311.3,1382,46.4,94,0,0,0,0,0,0
3980,L51159,L,29.15,38.15,302.3,311.3,1439,41.8,96,0,0,0,0,0,0
3981,M18840,M,29.05,38.15,302.2,311.3,1375,47.0,98,0,0,0,0,0,0
3982,M18841,M,29.05,38.15,302.2,311.3,1931,21.9,101,0,0,0,0,0,0
3983,L51162,L,29.05,38.15,302.2,311.3,1475,48.6,104,0,0,0,0,0,0
3984,L51163,L,29.05,38.15,302.2,311.3,1389,46.9,106,0,0,0,0,0,0
3985,L51164,L,29.15,38.15,302.3,311.3,1652,32.8,108,0,0,0,0,0,0
3986,L51165,L,29.15,38.05,302.3,311.2,1386,50.3,110,0,0,0,0,0,0
3987,M18846,M,29.05,38.15,302.2,311.3,1577,29.8,112,0,0,0,0,0,0
3988,M18847,M,29.15,38.15,302.3,311.3,1444,43.1,115,0,0,0,0,0,0
3989,L51168,L,29.05,38.15,302.2,311.3,1554,40.2,118,0,0,0,0,0,0
3990,L51169,L,29.05,38.15,302.2,311.3,1602,32.8,120,0,0,0,0,0,0
3991,H33404,H,29.05,38.05,302.2,311.2,1692,28.2,122,0,0,0,0,0,0
3992,L51171,L,29.15,38.15,302.3,311.3,1682,34.4,127,0,0,0,0,0,0
3993,L51172,L,29.15,38.15,302.3,311.3,1614,34.1,129,0,0,0,0,0,0
3994,L51173,L,29.15,38.15,302.3,311.3,1324,47.8,131,0,0,0,0,0,0
3995,L51174,L,29.15,38.25,302.3,311.4,1434,40.3,133,0,0,0,0,0,0
3996,L51175,L,29.15,38.15,302.3,311.3,1621,31.6,135,0,0,0,0,0,0
3997,M18856,M,29.15,38.15,302.3,311.3,1625,33.1,137,0,0,0,0,0,0
3998,L51177,L,29.05,37.95,302.2,311.1,1394,53.7,140,0,0,0,0,0,0
3999,L51178,L,28.95,37.85,302.1,311.0,1586,35.1,142,0,0,0,0,0,0
4000,L51179,L,28.85,37.85,302.0,311.0,1420,45.9,144,0,0,0,0,0,0
4001,L51180,L,28.95,38.05,302.1,311.2,1422,50.3,146,0,0,0,0,0,0
4002,H33415,H,28.95,38.05,302.1,311.2,1598,37.9,148,0,0,0,0,0,0
4003,L51182,L,28.95,38.05,302.1,311.2,1454,59.2,153,1,0,0,1,0,0
4004,L51183,L,28.95,38.05,302.1,311.2,1519,39.3,155,0,0,0,0,0,0
4005,L51184,L,28.85,37.95,302.0,311.1,1373,55.7,157,0,0,0,0,0,0
4006,M18865,M,28.85,37.95,302.0,311.1,1406,48.8,159,0,0,0,0,0,0
4007,L51186,L,28.95,38.05,302.1,311.2,1492,45.0,162,0,0,0,0,0,0
4008,L51187,L,28.95,38.05,302.1,311.2,1369,50.8,164,0,0,0,0,0,0
4009,M18868,M,29.05,38.05,302.2,311.2,1471,41.9,166,0,0,0,0,0,0
4010,L51189,L,29.05,38.05,302.2,311.2,1630,36.0,169,0,0,0,0,0,0
4011,M18870,M,28.95,37.95,302.1,311.1,1605,37.6,171,0,0,0,0,0,0
4012,L51191,L,29.05,37.95,302.2,311.1,1447,52.1,174,0,0,0,0,0,0
4013,M18872,M,29.05,38.05,302.2,311.2,1360,52.8,176,0,0,0,0,0,0
4014,M18873,M,29.05,37.95,302.2,311.1,1728,34.0,179,0,0,0,0,0,0
4015,L51194,L,28.95,37.85,302.1,311.0,1740,30.8,182,0,0,0,0,0,0
4016,L51195,L,28.95,37.75,302.1,310.9,1477,41.4,184,0,0,0,0,0,0
4017,L51196,L,28.95,37.75,302.1,310.9,1658,30.3,186,0,0,0,0,0,0
4018,L51197,L,28.85,37.65,302.0,310.8,1902,23.4,188,0,0,0,0,0,0
4019,M18878,M,28.85,37.65,302.0,310.8,1783,23.1,190,0,0,0,0,0,0
4020,M18879,M,28.85,37.75,302.0,310.9,1558,45.3,193,0,0,0,0,0,0
4021,L51200,L,28.95,37.85,302.1,311.0,1351,49.5,196,0,0,0,0,0,0
4022,H33435,H,28.95,37.75,302.1,310.9,1452,42.5,198,0,0,0,0,0,0
4023,L51202,L,28.95,37.75,302.1,310.9,1666,30.7,203,0,0,0,0,0,0
4024,L51203,L,28.95,37.85,302.1,311.0,1364,50.0,205,0,0,0,0,0,0
4025,M18884,M,28.95,37.85,302.1,311.0,1351,60.3,207,1,0,0,0,1,0
4026,H33439,H,28.95,37.85,302.1,311.0,1729,26.1,210,0,0,0,0,0,0
4027,M18886,M,28.95,37.85,302.1,311.0,1574,34.1,215,0,0,0,0,0,0
4028,L51207,L,28.85,37.85,302.0,311.0,1566,37.8,218,0,0,0,0,0,0
4029,L51208,L,28.85,37.75,302.0,310.9,1455,43.2,220,0,0,0,0,0,0
4030,H33443,H,28.85,37.75,302.0,310.9,1679,29.0,222,0,0,0,0,0,0
4031,L51210,L,28.85,37.65,302.0,310.8,2143,17.3,227,0,0,0,0,0,0
4032,L51211,L,28.85,37.65,302.0,310.8,1447,42.7,229,0,0,0,0,0,0
4033,L51212,L,28.85,37.65,302.0,310.8,1383,50.3,231,1,0,0,0,1,0
4034,L51213,L,28.95,37.65,302.1,310.8,1772,27.1,233,0,0,0,0,0,0
4035,L51214,L,28.85,37.65,302.0,310.8,1615,29.0,235,1,1,0,0,0,0
4036,L51215,L,28.85,37.65,302.0,310.8,1454,36.6,0,0,0,0,0,0,0
4037,L51216,L,28.85,37.65,302.0,310.8,1445,49.1,2,0,0,0,0,0,0
4038,M18897,M,28.85,37.65,302.0,310.8,1609,35.2,4,0,0,0,0,0,0
4039,L51218,L,28.85,37.75,302.0,310.9,1546,34.4,7,0,0,0,0,0,0
4040,L51219,L,28.75,37.65,301.9,310.8,1567,39.3,9,0,0,0,0,0,0
4041,L51220,L,28.85,37.65,302.0,310.8,1767,27.4,11,0,0,0,0,0,0
4042,L51221,L,28.85,37.75,302.0,310.9,1539,34.2,13,0,0,0,0,0,0
4043,L51222,L,28.85,37.75,302.0,310.9,1564,39.0,15,0,0,0,0,0,0
4044,M18903,M,28.85,37.65,302.0,310.8,1445,46.3,17,0,0,0,0,0,0
4045,M18904,M,28.75,37.75,301.9,310.9,1419,47.7,20,1,0,0,0,0,0
4046,M18905,M,28.65,37.75,301.8,310.9,1881,20.9,23,0,0,0,0,0,0
4047,M18906,M,28.75,37.75,301.9,310.9,1421,46.2,26,0,0,0,0,0,0
4048,L51227,L,28.75,37.85,301.9,311.0,1455,46.0,29,0,0,0,0,0,0
4049,L51228,L,28.75,37.85,301.9,311.0,2691,12.1,31,1,0,0,1,0,0
4050,L51229,L,28.65,37.65,301.8,310.8,1505,41.2,33,0,0,0,0,0,0
4051,L51230,L,28.65,37.65,301.8,310.8,1456,46.6,35,0,0,0,0,0,0
4052,L51231,L,28.65,37.65,301.8,310.8,1383,46.4,37,0,0,0,0,0,0
4053,M18912,M,28.75,37.65,301.9,310.8,1563,39.2,39,0,0,0,0,0,0
4054,M18913,M,28.75,37.75,301.9,310.9,2305,16.1,42,0,0,0,0,0,0
4055,M18914,M,28.75,37.75,301.9,310.9,1456,43.6,45,0,0,0,0,0,0
4056,L51235,L,28.85,37.85,302.0,311.0,1865,22.7,48,0,0,0,0,0,0
4057,L51236,L,28.75,37.75,301.9,310.9,1597,36.9,50,0,0,0,0,0,0
4058,L51237,L,28.85,37.75,302.0,310.9,1495,38.6,52,0,0,0,0,0,0
4059,M18918,M,28.85,37.75,302.0,310.9,1456,47.2,54,0,0,0,0,0,0
4060,L51239,L,28.75,37.65,301.9,310.8,1465,44.3,57,0,0,0,0,0,0
4061,M18920,M,28.85,37.75,302.0,310.9,1352,55.5,59,0,0,0,0,0,0
4062,L51241,L,28.75,37.65,301.9,310.8,1906,21.7,62,0,0,0,0,0,0
4063,L51242,L,28.85,37.75,302.0,310.9,1446,44.0,64,0,0,0,0,0,0
4064,L51243,L,28.85,37.65,302.0,310.8,1948,19.7,66,0,0,0,0,0,0
4065,L51244,L,28.75,37.55,301.9,310.7,1480,47.1,68,0,0,0,0,0,0
4066,M18925,M,28.75,37.55,301.9,310.7,1511,37.6,70,0,0,0,0,0,0
4067,M18926,M,28.75,37.55,301.9,310.7,1472,47.0,73,0,0,0,0,0,0
4068,L51247,L,28.75,37.55,301.9,310.7,1429,51.0,76,0,0,0,0,0,0
4069,L51248,L,28.75,37.55,301.9,310.7,1405,48.8,78,0,0,0,0,0,0
4070,M18929,M,28.75,37.55,301.9,310.7,1405,47.9,80,0,0,0,0,0,0
4071,L51250,L,28.85,37.55,302.0,310.7,1348,58.1,83,0,0,0,0,0,0
4072,L51251,L,28.75,37.45,301.9,310.6,1331,68.6,85,1,0,0,1,0,0
4073,L51252,L,28.75,37.45,301.9,310.6,1610,33.4,87,0,0,0,0,0,0
4074,M18933,M,28.75,37.45,301.9,310.6,1412,46.5,89,0,0,0,0,0,0
4075,L51254,L,28.85,37.55,302.0,310.7,1453,42.7,92,0,0,0,0,0,0
4076,L51255,L,28.85,37.45,302.0,310.6,1583,38.9,94,0,0,0,0,0,0
4077,M18936,M,28.85,37.45,302.0,310.6,1539,37.4,96,0,0,0,0,0,0
4078,L51257,L,28.85,37.35,302.0,310.5,1635,39.8,99,0,0,0,0,0,0
4079,H33492,H,28.95,37.55,302.1,310.7,1294,62.4,101,1,0,1,0,0,0
4080,L51259,L,28.85,37.35,302.0,310.5,1978,22.0,106,0,0,0,0,0,0
4081,L51260,L,28.85,37.25,302.0,310.4,1357,58.0,108,1,0,1,0,0,0
4082,L51261,L,28.85,37.25,302.0,310.4,1336,58.2,110,1,0,1,0,0,0
4083,L51262,L,28.85,37.25,302.0,310.4,1568,39.2,112,0,0,0,0,0,0
4084,M18943,M,28.85,37.25,302.0,310.4,1567,36.4,114,0,0,0,0,0,0
4085,L51264,L,28.85,37.25,302.0,310.4,1611,35.6,117,0,0,0,0,0,0
4086,H33499,H,28.85,37.35,302.0,310.5,1841,23.6,119,0,0,0,0,0,0
4087,L51266,L,28.85,37.35,302.0,310.5,1567,36.1,124,0,0,0,0,0,0
4088,L51267,L,28.75,37.25,301.9,310.4,1376,54.9,126,1,0,1,0,0,0
4089,L51268,L,28.75,37.35,301.9,310.5,1477,42.4,128,0,0,0,0,0,0
4090,M18949,M,28.75,37.35,301.9,310.5,1590,40.3,130,0,0,0,0,0,0
4091,L51270,L,28.85,37.35,302.0,310.5,2197,15.8,133,0,0,0,0,0,0
4092,M18951,M,28.85,37.25,302.0,310.4,1595,32.9,135,0,0,0,0,0,0
4093,H33506,H,28.85,37.35,302.0,310.5,1812,24.4,138,0,0,0,0,0,0
4094,M18953,M,28.85,37.35,302.0,310.5,1573,32.1,143,0,0,0,0,0,0
4095,L51274,L,28.85,37.35,302.0,310.5,1651,30.9,146,0,0,0,0,0,0
4096,H33509,H,28.85,37.35,302.0,310.5,1459,43.2,148,0,0,0,0,0,0
4097,L51276,L,28.75,37.25,301.9,310.4,1370,51.7,153,1,0,1,0,0,0
4098,L51277,L,28.75,37.25,301.9,310.4,1518,34.1,155,0,0,0,0,0,0
4099,L51278,L,28.85,37.15,302.0,310.3,1648,29.6,157,0,0,0,0,0,0
4100,L51279,L,28.85,37.25,302.0,310.4,1464,47.2,159,0,0,0,0,0,0
4101,L51280,L,28.85,37.25,302.0,310.4,1895,23.2,161,0,0,0,0,0,0
4102,L51281,L,28.75,37.25,301.9,310.4,1884,23.4,163,0,0,0,0,0,0
4103,L51282,L,28.85,37.25,302.0,310.4,1450,46.6,165,0,0,0,0,0,0
4104,L51283,L,28.85,37.25,302.0,310.4,1448,43.4,167,0,0,0,0,0,0
4105,L51284,L,28.95,37.35,302.1,310.5,1389,49.6,169,0,0,0,0,0,0
4106,L51285,L,28.85,37.45,302.0,310.6,1583,35.2,171,0,0,0,0,0,0
4107,L51286,L,28.75,37.35,301.9,310.5,1425,51.1,173,0,0,0,0,0,0
4108,L51287,L,28.85,37.35,302.0,310.5,1809,27.1,175,0,0,0,0,0,0
4109,L51288,L,28.75,37.35,301.9,310.5,1892,21.8,177,0,0,0,0,0,0
4110,M18969,M,28.75,37.45,301.9,310.6,1475,47.8,179,0,0,0,0,0,0
4111,L51290,L,28.85,37.45,302.0,310.6,1361,46.7,182,0,0,0,0,0,0
4112,M18971,M,28.85,37.45,302.0,310.6,1563,41.0,184,0,0,0,0,0,0
4113,H33526,H,28.75,37.35,301.9,310.5,1472,39.7,187,0,0,0,0,0,0
4114,L51293,L,28.85,37.45,302.0,310.6,1325,55.3,192,0,0,0,0,0,0
4115,L51294,L,28.85,37.45,302.0,310.6,1358,53.1,194,0,0,0,0,0,0
4116,H33529,H,28.85,37.45,302.0,310.6,1346,54.7,196,0,0,0,0,0,0
4117,M18976,M,28.85,37.35,302.0,310.5,1381,58.4,201,0,0,0,0,0,0
4118,L51297,L,28.75,37.35,301.9,310.5,1340,55.7,204,1,0,0,0,1,0
4119,L51298,L,28.85,37.45,302.0,310.6,1366,47.7,206,0,0,0,0,0,0
4120,L51299,L,28.95,37.55,302.1,310.7,1325,45.1,208,1,0,1,0,0,0
4121,M18980,M,28.95,37.55,302.1,310.7,1376,46.3,210,1,0,1,0,0,0
4122,M18981,M,28.95,37.55,302.1,310.7,1364,47.8,213,1,0,1,0,0,0
4123,L51302,L,29.05,37.45,302.2,310.6,1462,43.6,0,0,0,0,0,0,0
4124,M18983,M,28.95,37.45,302.1,310.6,1517,38.9,2,0,0,0,0,0,0
4125,L51304,L,28.95,37.45,302.1,310.6,1385,53.6,5,0,0,0,0,0,0
4126,L51305,L,28.95,37.45,302.1,310.6,1439,40.0,7,0,0,0,0,0,0
4127,M18986,M,28.85,37.45,302.0,310.6,1623,34.3,9,0,0,0,0,0,0
4128,H33541,H,28.85,37.45,302.0,310.6,1438,43.2,12,0,0,0,0,0,0
4129,L51308,L,28.75,37.25,301.9,310.4,1708,24.8,17,0,0,0,0,0,0
4130,M18989,M,28.65,37.15,301.8,310.3,1666,32.7,19,0,0,0,0,0,0
4131,L51310,L,28.75,37.25,301.9,310.4,1286,62.8,22,1,0,1,0,0,0
4132,L51311,L,28.75,37.15,301.9,310.3,1485,46.3,24,0,0,0,0,0,0
4133,M18992,M,28.65,37.15,301.8,310.3,1409,52.5,26,0,0,0,0,0,0
4134,L51313,L,28.65,37.15,301.8,310.3,1765,27.3,29,0,0,0,0,0,0
4135,L51314,L,28.65,37.15,301.8,310.3,1688,28.8,31,0,0,0,0,0,0
4136,M18995,M,28.55,37.15,301.7,310.3,1787,26.7,33,0,0,0,0,0,0
4137,L51316,L,28.55,36.95,301.7,310.1,1487,48.0,36,0,0,0,0,0,0
4138,L51317,L,28.55,36.95,301.7,310.1,1384,50.5,38,0,0,0,0,0,0
4139,L51318,L,28.55,37.05,301.7,310.2,1311,57.4,40,1,0,1,0,0,0
4140,H33553,H,28.55,37.05,301.7,310.2,1620,30.8,42,0,0,0,0,0,0
4141,L51320,L,28.55,37.05,301.7,310.2,1331,61.2,47,1,0,1,0,0,0
4142,H33555,H,28.55,36.95,301.7,310.1,1462,38.3,49,0,0,0,0,0,0
4143,L51322,L,28.55,36.95,301.7,310.1,1424,50.2,54,0,0,0,0,0,0
4144,L51323,L,28.55,36.95,301.7,310.1,1500,39.6,56,0,0,0,0,0,0
4145,L51324,L,28.65,36.95,301.8,310.1,1738,28.0,58,0,0,0,0,0,0
4146,M19005,M,28.65,37.15,301.8,310.3,1465,46.5,60,0,0,0,0,0,0
4147,L51326,L,28.65,37.15,301.8,310.3,1482,41.4,63,0,0,0,0,0,0
4148,L51327,L,28.75,37.15,301.9,310.3,1398,44.0,65,0,0,0,0,0,0
4149,L51328,L,28.75,37.15,301.9,310.3,1972,21.3,67,0,0,0,0,0,0
4150,L51329,L,28.75,37.25,301.9,310.4,1603,37.6,69,0,0,0,0,0,0
4151,L51330,L,28.75,37.25,301.9,310.4,1610,34.8,71,0,0,0,0,0,0
4152,M19011,M,28.75,37.25,301.9,310.4,1373,48.0,73,1,0,1,0,0,0
4153,M19012,M,28.85,37.35,302.0,310.5,1425,44.7,76,0,0,0,0,0,0
4154,M19013,M,28.85,37.25,302.0,310.4,1212,55.6,79,1,0,1,0,0,0
4155,M19014,M,28.85,37.25,302.0,310.4,1828,26.3,82,0,0,0,0,0,0
4156,L51335,L,28.85,37.35,302.0,310.5,1370,44.4,85,1,0,1,0,0,0
4157,M19016,M,28.85,37.35,302.0,310.5,1823,25.1,87,0,0,0,0,0,0
4158,L51337,L,28.85,37.35,302.0,310.5,1263,60.6,90,1,0,1,0,0,0
4159,L51338,L,28.75,37.25,301.9,310.4,1889,21.5,92,0,0,0,0,0,0
4160,M19019,M,28.85,37.35,302.0,310.5,1639,32.9,94,0,0,0,0,0,0
4161,M19020,M,28.85,37.25,302.0,310.4,1608,33.1,97,0,0,0,0,0,0
4162,H33575,H,28.75,37.15,301.9,310.3,1653,32.4,100,0,0,0,0,0,0
4163,L51342,L,28.85,37.25,302.0,310.4,1591,29.8,105,0,0,0,0,0,0
4164,L51343,L,28.95,37.35,302.1,310.5,1696,30.9,107,0,0,0,0,0,0
4165,L51344,L,29.05,37.45,302.2,310.6,1346,47.5,109,1,0,1,0,0,0
4166,M19025,M,29.05,37.35,302.2,310.5,1507,40.4,111,0,0,0,0,0,0
4167,H33580,H,29.15,37.45,302.3,310.6,1525,48.7,114,0,0,0,0,0,0
4168,M19027,M,29.15,37.55,302.3,310.7,1559,33.9,119,0,0,0,0,0,0
4169,L51348,L,29.05,37.45,302.2,310.6,1632,30.5,122,0,0,0,0,0,0
4170,L51349,L,28.95,37.35,302.1,310.5,1559,36.0,124,0,0,0,0,0,0
4171,M19030,M,29.05,37.45,302.2,310.6,1355,51.5,126,1,0,1,0,0,0
4172,M19031,M,29.05,37.35,302.2,310.5,1832,23.7,129,0,0,0,0,0,0
4173,L51352,L,29.05,37.45,302.2,310.6,1386,50.0,132,0,0,0,0,0,0
4174,M19033,M,29.05,37.45,302.2,310.6,1346,49.2,134,1,0,1,0,0,0
4175,L51354,L,29.15,37.55,302.3,310.7,1499,37.8,137,0,0,0,0,0,0
4176,L51355,L,29.15,37.55,302.3,310.7,1612,33.4,139,0,0,0,0,0,0
4177,M19036,M,29.15,37.55,302.3,310.7,1544,39.7,141,0,0,0,0,0,0
4178,L51357,L,29.35,37.75,302.5,310.9,1477,39.2,144,0,0,0,0,0,0
4179,L51358,L,29.35,37.75,302.5,310.9,1624,34.4,146,0,0,0,0,0,0
4180,L51359,L,29.25,37.75,302.4,310.9,1349,46.1,148,1,0,1,0,0,0
4181,L51360,L,29.25,37.65,302.4,310.8,1686,28.8,150,0,0,0,0,0,0
4182,M19041,M,29.25,37.55,302.4,310.7,1521,40.4,152,0,0,0,0,0,0
4183,L51362,L,29.25,37.55,302.4,310.7,1362,54.8,155,1,0,1,0,0,0
4184,L51363,L,29.15,37.55,302.3,310.7,1402,50.9,157,0,0,0,0,0,0
4185,L51364,L,29.05,37.45,302.2,310.6,1334,53.2,159,1,0,1,0,0,0
4186,L51365,L,29.05,37.45,302.2,310.6,1348,48.4,161,1,0,1,0,0,0
4187,M19046,M,29.05,37.45,302.2,310.6,1570,34.6,163,0,0,0,0,0,0
4188,M19047,M,29.05,37.55,302.2,310.7,1601,33.0,166,0,0,0,0,0,0
4189,M19048,M,29.15,37.65,302.3,310.8,1611,31.8,169,0,0,0,0,0,0
4190,L51369,L,29.25,37.75,302.4,310.9,1560,31.8,172,0,0,0,0,0,0
4191,H33604,H,29.25,37.75,302.4,310.9,1444,40.7,174,0,0,0,0,0,0
4192,L51371,L,29.25,37.85,302.4,311.0,1317,59.4,179,0,0,0,0,0,0
4193,M19052,M,29.35,37.85,302.5,311.0,1463,43.1,181,0,0,0,0,0,0
4194,L51373,L,29.25,37.95,302.4,311.1,1634,34.2,184,0,0,0,0,0,0
4195,L51374,L,29.25,37.85,302.4,311.0,1423,46.2,186,0,0,0,0,0,0
4196,L51375,L,29.35,37.85,302.5,311.0,1548,38.4,188,0,0,0,0,0,0
4197,M19056,M,29.35,37.85,302.5,311.0,1563,35.6,190,0,0,0,0,0,0
4198,L51377,L,29.25,37.85,302.4,311.0,1573,36.5,193,0,0,0,0,0,0
4199,M19058,M,29.25,37.95,302.4,311.1,1432,44.5,195,0,0,0,0,0,0
4200,M19059,M,29.35,37.95,302.5,311.1,1638,32.0,198,0,0,0,0,0,0
4201,L51380,L,29.35,37.95,302.5,311.1,1571,34.2,201,0,0,0,0,0,0
4202,L51381,L,29.25,37.85,302.4,311.0,2211,15.4,203,0,0,0,0,0,0
4203,L51382,L,29.25,37.85,302.4,311.0,1555,40.6,205,0,0,0,0,0,0
4204,M19063,M,29.15,37.75,302.3,310.9,1558,31.9,207,0,0,0,0,0,0
4205,M19064,M,29.15,37.75,302.3,310.9,1523,43.2,210,0,0,0,0,0,0
4206,L51385,L,29.15,37.65,302.3,310.8,1723,26.3,213,0,0,0,0,0,0
4207,M19066,M,29.15,37.65,302.3,310.8,1721,28.4,215,0,0,0,0,0,0
4208,M19067,M,29.15,37.75,302.3,310.9,1710,30.4,218,1,1,0,0,0,0
4209,M19068,M,29.15,37.75,302.3,310.9,1627,32.3,0,0,0,0,0,0,0
4210,M19069,M,29.05,37.65,302.2,310.8,1422,47.0,3,0,0,0,0,0,0
4211,L51390,L,28.95,37.65,302.1,310.8,1565,35.3,6,0,0,0,0,0,0
4212,L51391,L,28.95,37.55,302.1,310.7,1314,52.8,8,1,0,1,0,0,0
4213,M19072,M,28.85,37.45,302.0,310.6,1392,60.5,10,0,0,0,0,0,0
4214,L51393,L,28.95,37.55,302.1,310.7,1465,40.7,13,0,0,0,0,0,0
4215,L51394,L,28.75,37.45,301.9,310.6,1573,36.6,15,0,0,0,0,0,0
4216,M19075,M,28.85,37.55,302.0,310.7,2157,17.8,17,0,0,0,0,0,0
4217,L51396,L,28.75,37.55,301.9,310.7,1370,50.3,20,0,0,0,0,0,0
4218,L51397,L,28.75,37.45,301.9,310.6,1462,38.8,22,0,0,0,0,0,0
4219,M19078,M,28.85,37.45,302.0,310.6,1479,40.5,24,0,0,0,0,0,0
4220,L51399,L,28.75,37.55,301.9,310.7,1717,26.8,27,0,0,0,0,0,0
4221,M19080,M,28.75,37.45,301.9,310.6,1260,65.9,29,0,0,0,0,0,0
4222,L51401,L,28.75,37.45,301.9,310.6,1467,39.3,32,0,0,0,0,0,0
4223,M19082,M,28.85,37.45,302.0,310.6,1535,38.6,34,0,0,0,0,0,0
4224,L51403,L,28.85,37.55,302.0,310.7,1657,31.9,37,0,0,0,0,0,0
4225,L51404,L,28.85,37.55,302.0,310.7,1698,28.1,39,0,0,0,0,0,0
4226,L51405,L,28.95,37.55,302.1,310.7,1359,49.3,41,1,0,1,0,0,0
4227,L51406,L,28.95,37.65,302.1,310.8,1596,37.1,43,0,0,0,0,0,0
4228,L51407,L,29.05,37.65,302.2,310.8,1383,46.9,45,0,0,0,0,0,0
4229,L51408,L,29.05,37.65,302.2,310.8,2203,16.6,47,0,0,0,0,0,0
4230,M19089,M,29.05,37.65,302.2,310.8,1408,46.8,49,0,0,0,0,0,0
4231,L51410,L,29.05,37.65,302.2,310.8,1673,32.9,52,0,0,0,0,0,0
4232,L51411,L,29.05,37.65,302.2,310.8,1340,47.8,54,0,0,0,0,0,0
4233,L51412,L,29.05,37.75,302.2,310.9,1452,42.3,56,0,0,0,0,0,0
4234,M19093,M,29.05,37.75,302.2,310.9,1302,53.4,58,0,0,0,0,0,0
4235,H33648,H,29.05,37.75,302.2,310.9,1522,35.9,61,0,0,0,0,0,0
4236,L51415,L,29.05,37.65,302.2,310.8,1438,41.4,66,0,0,0,0,0,0
4237,L51416,L,29.05,37.75,302.2,310.9,1604,40.5,68,0,0,0,0,0,0
4238,L51417,L,29.05,37.85,302.2,311.0,1832,23.2,70,0,0,0,0,0,0
4239,M19098,M,29.15,37.85,302.3,311.0,1521,34.8,72,0,0,0,0,0,0
4240,L51419,L,29.15,37.85,302.3,311.0,1446,37.6,75,0,0,0,0,0,0
4241,L51420,L,29.25,37.95,302.4,311.1,1905,20.9,77,0,0,0,0,0,0
4242,L51421,L,29.25,37.85,302.4,311.0,1475,47.9,79,0,0,0,0,0,0
4243,L51422,L,29.25,37.85,302.4,311.0,1462,48.5,81,0,0,0,0,0,0
4244,M19103,M,29.25,37.75,302.4,310.9,1435,42.3,83,0,0,0,0,0,0
4245,L51424,L,29.25,37.75,302.4,310.9,1469,39.6,86,0,0,0,0,0,0
4246,M19105,M,29.45,37.95,302.6,311.1,1520,43.0,88,0,0,0,0,0,0
4247,L51426,L,29.45,37.85,302.6,311.0,1537,35.5,91,0,0,0,0,0,0
4248,L51427,L,29.45,37.85,302.6,311.0,1369,60.0,93,1,0,1,0,0,0
4249,L51428,L,29.45,37.85,302.6,311.0,1506,37.2,95,0,0,0,0,0,0
4250,L51429,L,29.35,37.75,302.5,310.9,1330,56.9,97,1,0,1,0,0,0
4251,L51430,L,29.45,37.85,302.6,311.0,1660,38.0,99,0,0,0,0,0,0
4252,H33665,H,29.35,37.75,302.5,310.9,1356,55.5,101,1,0,1,0,0,0
4253,H33666,H,29.45,37.85,302.6,311.0,1438,51.0,106,0,0,0,0,0,0
4254,M19113,M,29.45,37.85,302.6,311.0,1329,48.6,111,1,0,1,0,0,0
4255,L51434,L,29.45,37.85,302.6,311.0,1284,68.0,114,1,0,1,1,0,0
4256,M19115,M,29.35,37.85,302.5,311.0,1387,52.1,116,0,0,0,0,0,0
4257,M19116,M,29.45,37.85,302.6,311.0,1591,33.9,119,0,0,0,0,0,0
4258,M19117,M,29.45,37.85,302.6,311.0,1589,39.0,122,0,0,0,0,0,0
4259,M19118,M,29.55,37.95,302.7,311.1,1297,60.7,125,1,0,1,0,0,0
4260,L51439,L,29.55,38.05,302.7,311.2,1545,35.1,128,0,0,0,0,0,0
4261,H33674,H,29.55,37.95,302.7,311.1,1418,43.4,130,0,0,0,0,0,0
4262,L51441,L,29.55,37.95,302.7,311.1,1730,28.1,135,0,0,0,0,0,0
4263,L51442,L,29.45,37.85,302.6,311.0,2001,20.7,137,0,0,0,0,0,0
4264,L51443,L,29.45,37.85,302.6,311.0,1620,36.2,139,0,0,0,0,0,0
4265,M19124,M,29.45,37.85,302.6,311.0,1542,39.7,141,0,0,0,0,0,0
4266,L51445,L,29.45,37.85,302.6,311.0,1424,38.0,144,0,0,0,0,0,0
4267,L51446,L,29.55,37.95,302.7,311.1,1440,39.5,146,0,0,0,0,0,0
4268,L51447,L,29.45,37.85,302.6,311.0,1520,42.8,148,0,0,0,0,0,0
4269,L51448,L,29.55,37.85,302.7,311.0,1694,29.8,150,0,0,0,0,0,0
4270,L51449,L,29.45,37.85,302.6,311.0,1610,39.2,152,0,0,0,0,0,0
4271,L51450,L,29.45,37.75,302.6,310.9,1331,52.0,154,1,0,1,0,0,0
4272,L51451,L,29.45,37.65,302.6,310.8,1470,41.2,156,0,0,0,0,0,0
4273,L51452,L,29.35,37.65,302.5,310.8,1577,36.9,158,0,0,0,0,0,0
4274,L51453,L,29.45,37.65,302.6,310.8,1486,36.4,160,0,0,0,0,0,0
4275,L51454,L,29.25,37.45,302.4,310.6,1445,40.3,162,0,0,0,0,0,0
4276,M19135,M,29.25,37.35,302.4,310.5,1500,36.7,164,0,0,0,0,0,0
4277,M19136,M,29.05,37.25,302.2,310.4,1456,47.5,167,0,0,0,0,0,0
4278,L51457,L,29.05,37.25,302.2,310.4,1743,28.1,170,0,0,0,0,0,0
4279,L51458,L,28.85,36.95,302.0,310.1,1409,50.4,172,0,0,0,0,0,0
4280,L51459,L,28.85,36.95,302.0,310.1,1361,45.4,174,1,0,1,0,0,0
4281,L51460,L,28.95,36.95,302.1,310.1,1753,28.9,176,0,0,0,0,0,0
4282,L51461,L,28.85,36.85,302.0,310.0,1832,22.9,178,0,0,0,0,0,0
4283,L51462,L,28.75,36.75,301.9,309.9,1374,48.5,180,1,0,1,0,0,0
4284,M19143,M,28.65,36.75,301.8,309.9,1334,61.0,182,1,0,1,0,0,0
4285,L51464,L,28.65,36.85,301.8,310.0,1493,40.3,185,0,0,0,0,0,0
4286,L51465,L,28.55,36.75,301.7,309.9,1317,49.0,187,1,0,1,0,0,0
4287,M19146,M,28.55,36.75,301.7,309.9,1434,47.9,189,0,0,0,0,0,0
4288,M19147,M,28.55,36.75,301.7,309.9,1457,39.2,192,0,0,0,0,0,0
4289,M19148,M,28.55,36.85,301.7,310.0,1391,50.6,195,0,0,0,0,0,0
4290,M19149,M,28.65,36.85,301.8,310.0,1781,23.9,198,0,0,0,0,0,0
4291,L51470,L,28.65,36.85,301.8,310.0,1642,32.6,201,0,0,0,0,0,0
4292,L51471,L,28.65,36.85,301.8,310.0,2032,19.0,203,0,0,0,0,0,0
4293,M19152,M,28.65,36.95,301.8,310.1,2372,13.9,205,1,0,0,1,0,0
4294,L51473,L,28.65,36.85,301.8,310.0,1393,44.9,208,0,0,0,0,0,0
4295,M19154,M,28.55,36.95,301.7,310.1,1743,27.3,210,0,0,0,0,0,0
4296,L51475,L,28.65,37.05,301.8,310.2,1457,40.4,213,0,0,0,0,0,0
4297,L51476,L,28.65,37.05,301.8,310.2,2825,5.8,215,1,0,0,1,0,0
4298,M19157,M,28.65,37.05,301.8,310.2,1609,34.2,217,0,0,0,0,0,0
4299,M19158,M,28.65,37.05,301.8,310.2,1437,42.3,0,0,0,0,0,0,0
4300,L51479,L,28.55,36.95,301.7,310.1,1402,50.1,3,0,0,0,0,0,0
4301,M19160,M,28.55,36.95,301.7,310.1,1644,34.6,5,0,0,0,0,0,0
4302,L51481,L,28.55,37.05,301.7,310.2,1471,51.1,8,0,0,0,0,0,0
4303,L51482,L,28.55,36.95,301.7,310.1,2695,12.6,10,0,0,0,0,0,0
4304,L51483,L,28.55,37.05,301.7,310.2,1435,48.1,12,0,0,0,0,0,0
4305,L51484,L,28.45,36.95,301.6,310.1,1694,26.3,14,0,0,0,0,0,0
4306,L51485,L,28.45,36.95,301.6,310.1,1687,26.6,16,0,0,0,0,0,0
4307,L51486,L,28.45,36.85,301.6,310.0,1869,22.9,18,0,0,0,0,0,0
4308,L51487,L,28.25,36.75,301.4,309.9,1259,63.9,20,1,0,1,0,0,0
4309,H33722,H,28.25,36.75,301.4,309.9,1460,47.2,22,0,0,0,0,0,0
4310,M19169,M,28.15,36.75,301.3,309.9,1501,39.5,27,0,0,0,0,0,0
4311,L51490,L,28.25,36.85,301.4,310.0,1776,25.6,30,0,0,0,0,0,0
4312,M19171,M,28.35,36.95,301.5,310.1,1468,40.8,32,0,0,0,0,0,0
4313,L51492,L,28.35,36.95,301.5,310.1,1430,46.5,35,0,0,0,0,0,0
4314,L51493,L,28.25,36.95,301.4,310.1,1502,46.6,37,0,0,0,0,0,0
4315,H33728,H,28.25,36.95,301.4,310.1,1623,32.3,39,0,0,0,0,0,0
4316,M19175,M,28.25,36.85,301.4,310.0,1651,29.8,44,0,0,0,0,0,0
4317,L51496,L,28.35,36.95,301.5,310.1,1639,33.4,47,0,0,0,0,0,0
4318,M19177,M,28.35,36.85,301.5,310.0,1417,44.6,49,0,0,0,0,0,0
4319,L51498,L,28.35,36.95,301.5,310.1,1541,42.2,52,0,0,0,0,0,0
4320,M19179,M,28.45,37.05,301.6,310.2,1411,45.1,54,0,0,0,0,0,0
4321,L51500,L,28.55,37.15,301.7,310.3,1397,44.6,57,0,0,0,0,0,0
4322,L51501,L,28.55,37.05,301.7,310.2,1686,28.9,59,0,0,0,0,0,0
4323,M19182,M,28.55,36.95,301.7,310.1,1431,44.0,61,0,0,0,0,0,0
4324,L51503,L,28.65,37.15,301.8,310.3,1341,50.5,64,1,0,1,0,0,0
4325,L51504,L,28.55,37.05,301.7,310.2,1486,43.0,66,0,0,0,0,0,0
4326,L51505,L,28.45,37.05,301.6,310.2,1384,57.1,68,0,0,0,0,0,0
4327,L51506,L,28.45,36.95,301.6,310.1,1362,55.8,70,1,0,1,0,0,0
4328,H33741,H,28.55,36.95,301.7,310.1,1660,29.3,72,0,0,0,0,0,0
4329,L51508,L,28.45,36.95,301.6,310.1,1326,48.2,77,1,0,1,0,0,0
4330,L51509,L,28.45,36.85,301.6,310.0,1566,30.3,79,0,0,0,0,0,0
4331,L51510,L,28.35,36.65,301.5,309.8,1549,38.5,81,0,0,0,0,0,0
4332,M19191,M,28.45,36.75,301.6,309.9,1746,31.1,83,0,0,0,0,0,0
4333,M19192,M,28.55,36.75,301.7,309.9,1452,41.5,86,0,0,0,0,0,0
4334,L51513,L,28.45,36.65,301.6,309.8,1588,33.9,89,0,0,0,0,0,0
4335,L51514,L,28.45,36.65,301.6,309.8,1472,42.5,91,0,0,0,0,0,0
4336,L51515,L,28.55,36.75,301.7,309.9,1607,37.7,93,0,0,0,0,0,0
4337,H33750,H,28.45,36.75,301.6,309.9,1423,53.6,95,0,0,0,0,0,0
4338,L51517,L,28.45,36.75,301.6,309.9,1440,43.4,100,0,0,0,0,0,0
4339,L51518,L,28.45,36.75,301.6,309.9,1397,43.7,102,0,0,0,0,0,0
4340,L51519,L,28.55,36.75,301.7,309.9,1524,46.6,104,0,0,0,0,0,0
4341,M19200,M,28.55,36.75,301.7,309.9,1533,40.9,106,0,0,0,0,0,0
4342,L51521,L,28.55,36.65,301.7,309.8,1398,46.0,109,0,0,0,0,0,0
4343,M19202,M,28.55,36.65,301.7,309.8,1284,68.2,111,1,0,1,1,0,0
4344,L51523,L,28.55,36.65,301.7,309.8,1491,39.3,114,0,0,0,0,0,0
4345,H33758,H,28.65,36.75,301.8,309.9,1418,51.3,116,0,0,0,0,0,0
4346,M19205,M,28.65,36.65,301.8,309.8,1546,39.8,121,0,0,0,0,0,0
4347,L51526,L,28.65,36.55,301.8,309.7,1598,30.4,124,0,0,0,0,0,0
4348,H33761,H,28.75,36.65,301.9,309.8,1724,27.5,126,0,0,0,0,0,0
4349,L51528,L,28.75,36.65,301.9,309.8,1507,44.7,131,0,0,0,0,0,0
4350,L51529,L,28.75,36.55,301.9,309.7,1595,31.4,133,0,0,0,0,0,0
4351,M19210,M,28.75,36.55,301.9,309.7,1568,37.5,135,0,0,0,0,0,0
4352,L51531,L,28.65,36.45,301.8,309.6,1432,43.7,138,0,0,0,0,0,0
4353,L51532,L,28.75,36.55,301.9,309.7,1424,42.8,140,0,0,0,0,0,0
4354,M19213,M,28.85,36.55,302.0,309.7,1386,62.7,142,1,0,0,1,0,0
4355,L51534,L,28.85,36.65,302.0,309.8,1456,58.1,145,0,0,0,0,0,0
4356,H33769,H,28.85,36.65,302.0,309.8,1280,57.3,147,1,0,1,0,0,0
4357,L51536,L,28.85,36.65,302.0,309.8,1649,31.0,152,0,0,0,0,0,0
4358,L51537,L,28.85,36.75,302.0,309.9,1407,52.8,154,0,0,0,0,0,0
4359,H33772,H,28.85,36.75,302.0,309.9,1606,34.5,156,0,0,0,0,0,0
4360,M19219,M,28.95,36.85,302.1,310.0,1531,38.0,161,0,0,0,0,0,0
4361,L51540,L,28.95,36.95,302.1,310.1,1543,35.8,164,0,0,0,0,0,0
4362,M19221,M,28.95,36.95,302.1,310.1,1379,48.2,166,1,0,1,0,0,0
4363,L51542,L,28.95,36.95,302.1,310.1,1447,46.6,169,0,0,0,0,0,0
4364,H33777,H,28.95,36.95,302.1,310.1,1844,24.6,171,0,0,0,0,0,0
4365,H33778,H,28.95,36.95,302.1,310.1,1615,29.9,176,0,0,0,0,0,0
4366,L51545,L,28.85,36.85,302.0,310.0,1449,48.8,181,0,0,0,0,0,0
4367,L51546,L,28.85,36.75,302.0,309.9,1388,51.4,183,0,0,0,0,0,0
4368,H33781,H,28.85,36.75,302.0,309.9,1447,42.8,185,0,0,0,0,0,0
4369,L51548,L,28.85,36.85,302.0,310.0,1664,28.6,190,0,0,0,0,0,0
4370,H33783,H,28.85,36.75,302.0,309.9,1735,27.2,192,0,0,0,0,0,0
4371,L51550,L,28.85,36.75,302.0,309.9,1308,57.6,197,1,0,1,0,1,0
4372,L51551,L,28.85,36.65,302.0,309.8,1480,40.0,199,0,0,0,0,0,0
4373,M19232,M,28.75,36.45,301.9,309.6,1439,41.7,201,0,0,0,0,0,0
4374,M19233,M,28.75,36.55,301.9,309.7,1533,35.9,204,0,0,0,0,0,0
4375,L51554,L,28.85,36.55,302.0,309.7,1551,34.8,207,0,0,0,0,0,0
4376,L51555,L,28.85,36.55,302.0,309.7,1414,36.3,209,0,0,0,0,0,0
4377,M19236,M,28.75,36.45,301.9,309.6,1551,34.6,211,0,0,0,0,0,0
4378,M19237,M,28.65,36.45,301.8,309.6,1436,49.0,214,0,0,0,0,0,0
4379,M19238,M,28.75,36.45,301.9,309.6,1385,45.8,217,0,0,0,0,0,0
4380,M19239,M,28.65,36.35,301.8,309.5,1732,30.1,220,0,0,0,0,0,0
4381,L51560,L,28.75,36.45,301.9,309.6,1410,49.0,223,0,0,0,0,0,0
4382,L51561,L,28.75,36.45,301.9,309.6,1446,43.2,225,0,0,0,0,0,0
4383,L51562,L,28.65,36.35,301.8,309.5,1525,39.6,227,0,0,0,0,0,0
4384,L51563,L,28.55,36.35,301.7,309.5,1298,65.5,229,1,0,1,0,1,0
4385,L51564,L,28.65,36.45,301.8,309.6,1443,42.7,231,0,0,0,0,0,0
4386,L51565,L,28.65,36.55,301.8,309.7,1442,45.3,233,1,1,0,0,0,0
4387,L51566,L,28.75,36.55,301.9,309.7,1719,31.9,0,0,0,0,0,0,0
4388,L51567,L,28.85,36.65,302.0,309.8,1532,39.4,2,0,0,0,0,0,0
4389,L51568,L,28.85,36.65,302.0,309.8,1701,27.2,4,0,0,0,0,0,0
4390,M19249,M,28.95,36.85,302.1,310.0,1355,45.1,6,1,0,1,0,0,0
4391,M19250,M,29.05,36.95,302.2,310.1,1421,45.4,9,0,0,0,0,0,0
4392,M19251,M,29.05,36.95,302.2,310.1,1368,51.6,12,1,0,1,0,0,0
4393,L51572,L,29.05,36.95,302.2,310.1,1458,45.1,15,0,0,0,0,0,0
4394,M19253,M,29.05,36.95,302.2,310.1,1572,34.6,17,0,0,0,0,0,0
4395,L51574,L,29.05,36.85,302.2,310.0,1483,48.7,20,0,0,0,0,0,0
4396,L51575,L,29.15,36.95,302.3,310.1,1513,40.4,22,0,0,0,0,0,0
4397,H33810,H,29.15,36.95,302.3,310.1,1383,42.9,24,0,0,0,0,0,0
4398,L51577,L,29.25,37.05,302.4,310.2,1539,37.7,29,0,0,0,0,0,0
4399,M19258,M,29.15,36.95,302.3,310.1,1563,37.8,31,0,0,0,0,0,0
4400,L51579,L,29.15,36.95,302.3,310.1,1653,29.7,34,0,0,0,0,0,0
4401,L51580,L,29.15,36.95,302.3,310.1,1353,50.9,36,1,0,1,0,0,0
4402,H33815,H,29.05,36.85,302.2,310.0,1468,43.6,38,0,0,0,0,0,0
4403,H33816,H,29.15,37.05,302.3,310.2,1506,33.8,43,0,0,0,0,0,0
4404,L51583,L,29.15,36.95,302.3,310.1,1388,49.9,48,0,0,0,0,0,0
4405,M19264,M,29.25,37.05,302.4,310.2,1485,45.9,50,0,0,0,0,0,0
4406,L51585,L,29.25,37.05,302.4,310.2,1331,45.5,53,1,0,1,0,0,0
4407,L51586,L,29.35,37.15,302.5,310.3,1326,58.5,55,1,0,1,0,0,0
4408,L51587,L,29.15,37.05,302.3,310.2,1394,55.4,57,0,0,0,0,0,0
4409,L51588,L,29.25,36.95,302.4,310.1,2009,18.9,59,0,0,0,0,0,0
4410,M19269,M,29.25,36.95,302.4,310.1,1358,54.6,61,1,0,1,0,0,0
4411,L51590,L,29.35,37.05,302.5,310.2,1586,32.2,64,0,0,0,0,0,0
4412,L51591,L,29.35,37.15,302.5,310.3,1688,31.6,66,0,0,0,0,0,0
4413,L51592,L,29.45,37.35,302.6,310.5,1450,43.2,68,0,0,0,0,0,0
4414,M19273,M,29.55,37.35,302.7,310.5,1398,47.3,70,0,0,0,0,0,0
4415,L51594,L,29.55,37.35,302.7,310.5,1520,39.3,73,0,0,0,0,0,0
4416,L51595,L,29.45,37.25,302.6,310.4,1514,42.7,75,0,0,0,0,0,0
4417,M19276,M,29.45,37.25,302.6,310.4,1532,36.1,77,0,0,0,0,0,0
4418,L51597,L,29.45,37.25,302.6,310.4,1365,66.8,80,1,0,1,1,0,0
4419,L51598,L,29.45,37.15,302.6,310.3,1642,33.2,82,0,0,0,0,0,0
4420,M19279,M,29.45,37.05,302.6,310.2,2676,10.8,84,1,0,0,1,0,0
4421,H33834,H,29.45,37.05,302.6,310.2,1873,21.3,87,0,0,0,0,0,0
4422,L51601,L,29.45,37.05,302.6,310.2,1325,62.4,92,1,0,1,0,0,0
4423,M19282,M,29.45,37.05,302.6,310.2,2157,17.2,94,0,0,0,0,0,0
4424,M19283,M,29.45,37.05,302.6,310.2,1563,39.0,97,0,0,0,0,0,0
4425,M19284,M,29.45,37.05,302.6,310.2,1631,31.0,100,0,0,0,0,0,0
4426,L51605,L,29.35,37.05,302.5,310.2,1547,36.9,103,0,0,0,0,0,0
4427,L51606,L,29.45,37.15,302.6,310.3,1479,40.4,105,0,0,0,0,0,0
4428,M19287,M,29.25,36.95,302.4,310.1,1379,48.9,107,1,0,1,0,0,0
4429,L51608,L,29.25,36.95,302.4,310.1,1906,21.2,110,0,0,0,0,0,0
4430,M19289,M,29.15,36.95,302.3,310.1,1731,33.4,112,0,0,0,0,0,0
4431,H33844,H,29.15,36.95,302.3,310.1,1688,30.4,115,0,0,0,0,0,0
4432,H33845,H,29.15,37.05,302.3,310.2,1443,54.6,120,0,0,0,0,0,0
4433,L51612,L,29.25,37.05,302.4,310.2,1445,46.4,125,0,0,0,0,0,0
4434,H33847,H,29.25,37.05,302.4,310.2,1435,44.9,127,0,0,0,0,0,0
4435,L51614,L,29.25,36.95,302.4,310.1,1556,32.9,132,0,0,0,0,0,0
4436,L51615,L,29.15,36.95,302.3,310.1,1321,52.7,134,1,0,1,0,0,0
4437,M19296,M,29.25,36.95,302.4,310.1,1577,35.8,136,0,0,0,0,0,0
4438,L51617,L,29.25,37.05,302.4,310.2,1578,31.2,139,0,0,0,0,0,0
4439,L51618,L,29.25,36.95,302.4,310.1,1418,52.3,141,0,0,0,0,0,0
4440,M19299,M,29.25,37.05,302.4,310.2,1392,55.8,143,0,0,0,0,0,0
4441,L51620,L,29.35,37.15,302.5,310.3,1446,44.0,146,0,0,0,0,0,0
4442,L51621,L,29.35,37.05,302.5,310.2,1329,50.6,148,1,0,1,0,0,0
4443,L51622,L,29.35,37.05,302.5,310.2,1563,34.8,150,0,0,0,0,0,0
4444,L51623,L,29.35,37.15,302.5,310.3,1405,57.4,152,0,0,0,0,0,0
4445,L51624,L,29.25,37.05,302.4,310.2,2224,16.0,154,0,0,0,0,0,0
4446,L51625,L,29.35,37.05,302.5,310.2,1716,29.9,156,0,0,0,0,0,0
4447,L51626,L,29.35,37.15,302.5,310.3,1584,35.5,158,0,0,0,0,0,0
4448,M19307,M,29.35,37.15,302.5,310.3,1488,41.8,160,0,0,0,0,0,0
4449,L51628,L,29.25,37.15,302.4,310.3,1374,51.2,163,1,0,1,0,0,0
4450,M19309,M,29.25,37.15,302.4,310.3,1378,54.3,165,1,0,1,0,0,0
4451,L51630,L,29.35,37.15,302.5,310.3,1551,37.3,168,0,0,0,0,0,0
4452,L51631,L,29.35,37.15,302.5,310.3,1549,40.9,170,0,0,0,0,0,0
4453,M19312,M,29.35,37.15,302.5,310.3,1447,39.2,172,0,0,0,0,0,0
4454,L51633,L,29.25,37.05,302.4,310.2,1400,53.7,175,0,0,0,0,0,0
4455,L51634,L,29.25,36.95,302.4,310.1,1401,48.8,177,0,0,0,0,0,0
4456,H33869,H,29.25,36.95,302.4,310.1,1597,28.9,179,0,0,0,0,0,0
4457,L51636,L,29.15,36.95,302.3,310.1,1487,46.0,184,0,0,0,0,0,0
4458,M19317,M,29.35,37.15,302.5,310.3,1710,27.3,186,0,0,0,0,0,0
4459,L51638,L,29.45,37.25,302.6,310.4,1478,47.7,189,0,0,0,0,0,0
4460,L51639,L,29.45,37.25,302.6,310.4,1743,26.3,191,0,0,0,0,0,0
4461,L51640,L,29.45,37.35,302.6,310.5,1596,32.8,193,0,0,0,0,0,0
4462,L51641,L,29.55,37.35,302.7,310.5,1642,30.8,195,0,0,0,0,0,0
4463,L51642,L,29.55,37.35,302.7,310.5,1263,67.8,197,1,0,1,0,1,0
4464,L51643,L,29.65,37.45,302.8,310.6,2016,19.9,199,0,0,0,0,0,0
4465,L51644,L,29.65,37.45,302.8,310.6,1671,30.5,201,0,0,0,0,0,0
4466,L51645,L,29.65,37.45,302.8,310.6,1404,43.2,203,0,0,0,0,0,0
4467,L51646,L,29.65,37.45,302.8,310.6,1470,41.1,205,0,0,0,0,0,0
4468,L51647,L,29.65,37.45,302.8,310.6,1617,37.9,207,0,0,0,0,0,0
4469,L51648,L,29.55,37.35,302.7,310.5,1725,29.0,209,0,0,0,0,0,0
4470,L51649,L,29.55,37.35,302.7,310.5,1446,40.9,211,1,1,0,0,0,0
4471,L51650,L,29.55,37.45,302.7,310.6,1564,34.3,0,0,0,0,0,0,0
4472,L51651,L,29.65,37.45,302.8,310.6,1670,29.1,2,0,0,0,0,0,0
4473,L51652,L,29.55,37.45,302.7,310.6,1501,48.7,4,0,0,0,0,0,0
4474,L51653,L,29.55,37.35,302.7,310.5,1551,35.9,6,0,0,0,0,0,0
4475,L51654,L,29.55,37.35,302.7,310.5,1563,35.0,8,0,0,0,0,0,0
4476,L51655,L,29.55,37.35,302.7,310.5,1351,41.8,10,1,0,1,0,0,0
4477,L51656,L,29.45,37.25,302.6,310.4,1415,52.1,12,0,0,0,0,0,0
4478,L51657,L,29.45,37.15,302.6,310.3,1647,34.2,14,0,0,0,0,0,0
4479,L51658,L,29.35,37.05,302.5,310.2,1477,41.6,16,0,0,0,0,0,0
4480,L51659,L,29.45,37.05,302.6,310.2,1923,21.5,18,0,0,0,0,0,0
4481,H33894,H,29.55,37.25,302.7,310.4,1305,55.2,20,1,0,1,0,0,0
4482,M19341,M,29.45,37.25,302.6,310.4,1544,35.1,25,0,0,0,0,0,0
4483,H33896,H,29.55,37.35,302.7,310.5,1568,36.9,28,0,0,0,0,0,0
4484,L51663,L,29.55,37.25,302.7,310.4,1489,42.7,33,0,0,0,0,0,0
4485,M19344,M,29.45,37.25,302.6,310.4,1451,43.1,35,0,0,0,0,0,0
4486,L51665,L,29.55,37.25,302.7,310.4,1542,35.7,38,0,0,0,0,0,0
4487,M19346,M,29.45,37.35,302.6,310.5,1965,20.2,40,0,0,0,0,0,0
4488,L51667,L,29.35,37.35,302.5,310.5,1436,36.5,43,0,0,0,0,0,0
4489,M19348,M,29.35,37.25,302.5,310.4,1509,37.6,45,0,0,0,0,0,0
4490,L51669,L,29.35,37.25,302.5,310.4,1487,40.2,48,0,0,0,0,0,0
4491,L51670,L,29.35,37.25,302.5,310.4,1967,20.3,50,0,0,0,0,0,0
4492,H33905,H,29.45,37.25,302.6,310.4,1409,53.3,52,0,0,0,0,0,0
4493,M19352,M,29.45,37.35,302.6,310.5,1420,56.4,57,0,0,0,0,0,0
4494,L51673,L,29.55,37.35,302.7,310.5,1511,37.7,60,0,0,0,0,0,0
4495,H33908,H,29.45,37.25,302.6,310.4,1649,30.1,62,0,0,0,0,0,0
4496,L51675,L,29.45,37.25,302.6,310.4,1359,57.2,67,1,0,1,0,0,0
4497,M19356,M,29.35,37.25,302.5,310.4,1605,36.0,69,0,0,0,0,0,0
4498,L51677,L,29.35,37.15,302.5,310.3,1523,36.0,72,0,0,0,0,0,0
4499,H33912,H,29.45,37.25,302.6,310.4,1614,36.0,74,0,0,0,0,0,0
4500,H33913,H,29.45,37.15,302.6,310.3,1721,27.4,79,0,0,0,0,0,0
4501,L51680,L,29.45,37.25,302.6,310.4,1638,36.2,84,0,0,0,0,0,0
4502,L51681,L,29.35,37.05,302.5,310.2,1307,54.0,86,1,0,1,0,0,0
4503,L51682,L,29.25,37.05,302.4,310.2,1642,28.3,88,0,0,0,0,0,0
4504,M19363,M,29.35,37.05,302.5,310.2,1751,30.5,90,0,0,0,0,0,0
4505,L51684,L,29.25,36.95,302.4,310.1,1645,31.6,93,0,0,0,0,0,0
4506,L51685,L,29.25,36.95,302.4,310.1,1426,46.8,95,0,0,0,0,0,0
4507,M19366,M,29.25,36.95,302.4,310.1,1520,36.6,97,0,0,0,0,0,0
4508,L51687,L,29.25,36.95,302.4,310.1,1709,31.8,100,0,0,0,0,0,0
4509,L51688,L,29.25,36.85,302.4,310.0,1426,46.6,102,0,0,0,0,0,0
4510,L51689,L,29.25,36.95,302.4,310.1,1429,43.7,104,0,0,0,0,0,0
4511,L51690,L,29.25,37.05,302.4,310.2,1346,62.4,106,1,0,1,0,0,0
4512,L51691,L,29.35,37.05,302.5,310.2,1454,43.0,108,0,0,0,0,0,0
4513,M19372,M,29.35,37.15,302.5,310.3,1411,49.5,110,0,0,0,0,0,0
4514,L51693,L,29.25,37.15,302.4,310.3,1900,24.4,113,0,0,0,0,0,0
4515,L51694,L,29.25,37.15,302.4,310.3,1479,36.2,115,0,0,0,0,0,0
4516,L51695,L,29.35,37.25,302.5,310.4,1415,48.2,117,0,0,0,0,0,0
4517,L51696,L,29.35,37.15,302.5,310.3,1539,39.0,119,0,0,0,0,0,0
4518,L51697,L,29.25,37.15,302.4,310.3,1520,31.6,121,0,0,0,0,0,0
4519,L51698,L,29.25,37.15,302.4,310.3,1480,45.8,123,0,0,0,0,0,0
4520,L51699,L,29.25,37.25,302.4,310.4,1666,29.7,125,0,0,0,0,0,0
4521,L51700,L,29.25,37.25,302.4,310.4,1456,47.6,127,0,0,0,0,0,0
4522,L51701,L,29.25,37.25,302.4,310.4,1865,23.9,129,0,0,0,0,0,0
4523,M19382,M,29.35,37.35,302.5,310.5,1918,21.6,131,0,0,0,0,0,0
4524,L51703,L,29.35,37.25,302.5,310.4,1488,48.4,134,0,0,0,0,0,0
4525,M19384,M,29.35,37.35,302.5,310.5,1527,38.8,136,0,0,0,0,0,0
4526,M19385,M,29.25,37.25,302.4,310.4,1463,42.2,139,0,0,0,0,0,0
4527,L51706,L,29.25,37.25,302.4,310.4,1521,38.5,142,0,0,0,0,0,0
4528,M19387,M,29.25,37.35,302.4,310.5,1372,45.7,144,1,0,1,0,0,0
4529,L51708,L,29.35,37.35,302.5,310.5,1507,39.5,147,0,0,0,0,0,0
4530,M19389,M,29.25,37.25,302.4,310.4,1586,34.3,149,0,0,0,0,0,0
4531,L51710,L,29.35,37.25,302.5,310.4,1487,42.0,152,0,0,0,0,0,0
4532,L51711,L,29.35,37.35,302.5,310.5,1520,41.2,154,0,0,0,0,0,0
4533,H33946,H,29.35,37.25,302.5,310.4,1422,41.9,156,0,0,0,0,0,0
4534,M19393,M,29.25,37.15,302.4,310.3,1375,52.5,161,1,0,1,0,0,0
4535,L51714,L,29.25,37.05,302.4,310.2,1633,28.0,164,0,0,0,0,0,0
4536,L51715,L,29.25,37.05,302.4,310.2,1503,36.2,166,0,0,0,0,0,0
4537,L51716,L,29.25,37.05,302.4,310.2,1351,45.1,168,1,0,1,0,0,0
4538,L51717,L,29.15,37.05,302.3,310.2,1548,35.3,170,0,0,0,0,0,0
4539,L51718,L,29.25,37.15,302.4,310.3,1923,23.3,172,0,0,0,0,0,0
4540,L51719,L,29.35,37.15,302.5,310.3,1592,32.6,174,0,0,0,0,0,0
4541,M19400,M,29.35,37.25,302.5,310.4,1580,35.6,176,0,0,0,0,0,0
4542,L51721,L,29.35,37.25,302.5,310.4,1427,46.8,179,0,0,0,0,0,0
4543,M19402,M,29.35,37.25,302.5,310.4,1581,32.7,181,0,0,0,0,0,0
4544,M19403,M,29.45,37.35,302.6,310.5,1542,39.9,184,0,0,0,0,0,0
4545,L51724,L,29.35,37.25,302.5,310.4,1349,55.1,187,1,0,1,0,0,0
4546,L51725,L,29.35,37.35,302.5,310.5,1463,43.0,189,0,0,0,0,0,0
4547,M19406,M,29.35,37.25,302.5,310.4,1429,43.2,191,0,0,0,0,0,0
4548,M19407,M,29.35,37.25,302.5,310.4,1451,53.6,194,0,0,0,0,0,0
4549,L51728,L,29.45,37.35,302.6,310.5,1511,37.2,197,0,0,0,0,0,0
4550,L51729,L,29.45,37.45,302.6,310.6,1549,37.5,199,0,0,0,0,0,0
4551,M19410,M,29.35,37.35,302.5,310.5,1507,40.2,201,0,0,0,0,0,0
4552,M19411,M,29.45,37.35,302.6,310.5,1524,33.7,204,0,0,0,0,0,0
4553,M19412,M,29.55,37.35,302.7,310.5,1880,22.7,207,0,0,0,0,0,0
4554,L51733,L,29.45,37.35,302.6,310.5,1461,45.4,0,0,0,0,0,0,0
4555,L51734,L,29.45,37.35,302.6,310.5,1748,28.2,2,0,0,0,0,0,0
4556,L51735,L,29.55,37.45,302.7,310.6,1690,26.7,4,0,0,0,0,0,0
4557,M19416,M,29.55,37.45,302.7,310.6,1349,51.2,6,1,0,1,0,0,0
4558,L51737,L,29.55,37.45,302.7,310.6,1686,26.3,9,0,0,0,0,0,0
4559,L51738,L,29.55,37.55,302.7,310.7,1369,47.5,11,1,0,1,0,0,0
4560,L51739,L,29.55,37.55,302.7,310.7,1433,43.7,13,0,0,0,0,0,0
4561,L51740,L,29.55,37.55,302.7,310.7,1597,41.9,15,0,0,0,0,0,0
4562,L51741,L,29.75,37.65,302.9,310.8,1610,32.2,17,0,0,0,0,0,0
4563,L51742,L,29.55,37.55,302.7,310.7,1398,57.7,19,0,0,0,0,0,0
4564,L51743,L,29.55,37.55,302.7,310.7,1977,20.0,21,0,0,0,0,0,0
4565,L51744,L,29.65,37.65,302.8,310.8,1516,39.5,23,0,0,0,0,0,0
4566,H33979,H,29.55,37.65,302.7,310.8,1275,55.0,25,1,0,1,0,0,0
4567,L51746,L,29.65,37.65,302.8,310.8,1402,50.5,30,0,0,0,0,0,0
4568,M19427,M,29.65,37.65,302.8,310.8,1451,44.7,32,0,0,0,0,0,0
4569,M19428,M,29.55,37.65,302.7,310.8,1555,36.1,35,0,0,0,0,0,0
4570,L51749,L,29.65,37.75,302.8,310.9,1636,35.0,38,0,0,0,0,0,0
4571,L51750,L,29.65,37.75,302.8,310.9,1312,52.2,40,1,0,1,0,0,0
4572,L51751,L,29.65,37.75,302.8,310.9,1708,29.8,42,0,0,0,0,0,0
4573,M19432,M,29.75,37.85,302.9,311.0,1556,36.5,44,0,0,0,0,0,0
4574,H33987,H,29.65,37.85,302.8,311.0,1436,43.5,47,0,0,0,0,0,0
4575,M19434,M,29.75,37.85,302.9,311.0,1402,40.7,52,0,0,0,0,0,0
4576,M19435,M,29.75,37.85,302.9,311.0,1437,49.9,55,0,0,0,0,0,0
4577,M19436,M,29.75,37.95,302.9,311.1,1926,21.8,58,0,0,0,0,0,0
4578,L51757,L,29.85,38.05,303.0,311.2,1800,23.7,61,0,0,0,0,0,0
4579,L51758,L,29.85,38.05,303.0,311.2,1641,32.6,63,0,0,0,0,0,0
4580,L51759,L,29.85,38.05,303.0,311.2,1374,48.2,65,1,0,1,0,0,0
4581,L51760,L,29.85,38.05,303.0,311.2,1494,37.0,67,0,0,0,0,0,0
4582,L51761,L,29.85,38.05,303.0,311.2,1601,32.9,69,0,0,0,0,0,0
4583,L51762,L,29.75,38.05,302.9,311.2,1634,36.9,71,0,0,0,0,0,0
4584,M19443,M,29.75,38.05,302.9,311.2,1467,37.7,73,0,0,0,0,0,0
4585,L51764,L,29.65,37.95,302.8,311.1,1550,32.3,76,0,0,0,0,0,0
4586,L51765,L,29.65,37.95,302.8,311.1,1563,32.2,78,0,0,0,0,0,0
4587,L51766,L,29.55,37.75,302.7,310.9,1395,48.3,80,0,0,0,0,0,0
4588,M19447,M,29.65,37.85,302.8,311.0,1507,33.4,82,0,0,0,0,0,0
4589,L51768,L,29.65,37.85,302.8,311.0,1564,38.5,85,0,0,0,0,0,0
4590,L51769,L,29.65,37.95,302.8,311.1,1721,30.0,87,0,0,0,0,0,0
4591,L51770,L,29.65,37.95,302.8,311.1,1456,36.1,89,0,0,0,0,0,0
4592,H34005,H,29.75,38.05,302.9,311.2,2102,17.8,91,0,0,0,0,0,0
4593,L51772,L,29.75,37.95,302.9,311.1,1555,33.9,96,0,0,0,0,0,0
4594,L51773,L,29.85,38.05,303.0,311.2,1409,41.9,98,0,0,0,0,0,0
4595,M19454,M,29.85,38.05,303.0,311.2,1387,41.4,100,0,0,0,0,0,0
4596,M19455,M,29.85,38.05,303.0,311.2,1460,43.9,103,0,0,0,0,0,0
4597,L51776,L,29.85,38.05,303.0,311.2,1361,47.6,106,1,0,1,0,0,0
4598,M19457,M,29.85,37.95,303.0,311.1,1490,43.0,108,0,0,0,0,0,0
4599,L51778,L,29.95,38.05,303.1,311.2,1399,49.2,111,0,0,0,0,0,0
4600,L51779,L,29.95,37.95,303.1,311.1,1420,55.8,113,0,0,0,0,0,0
4601,L51780,L,29.85,37.85,303.0,311.0,1359,44.2,115,1,0,1,0,0,0
4602,M19461,M,29.85,37.95,303.0,311.1,1372,54.3,117,1,0,1,0,0,0
4603,M19462,M,29.85,37.85,303.0,311.0,1409,41.7,120,0,0,0,0,0,0
4604,H34017,H,29.75,37.85,302.9,311.0,1452,58.3,123,0,0,0,0,0,0
4605,L51784,L,29.75,37.85,302.9,311.0,1820,24.6,128,0,0,0,0,0,0
4606,H34019,H,29.75,37.85,302.9,311.0,1469,48.7,130,0,0,0,0,0,0
4607,L51786,L,29.75,37.95,302.9,311.1,1556,45.3,135,0,0,0,0,0,0
4608,L51787,L,29.85,37.95,303.0,311.1,1980,20.2,137,0,0,0,0,0,0
4609,M19468,M,29.85,38.05,303.0,311.2,1519,38.0,139,0,0,0,0,0,0
4610,L51789,L,29.85,38.05,303.0,311.2,1456,44.0,142,0,0,0,0,0,0
4611,L51790,L,29.95,38.05,303.1,311.2,1394,45.3,144,0,0,0,0,0,0
4612,L51791,L,29.85,38.15,303.0,311.3,1365,56.2,146,1,0,1,0,0,0
4613,L51792,L,29.85,38.15,303.0,311.3,2194,16.5,148,0,0,0,0,0,0
4614,L51793,L,29.95,38.15,303.1,311.3,1403,55.6,150,0,0,0,0,0,0
4615,H34028,H,29.85,38.05,303.0,311.2,1503,37.0,152,0,0,0,0,0,0
4616,L51795,L,29.85,38.15,303.0,311.3,1793,29.3,157,0,0,0,0,0,0
4617,L51796,L,29.95,38.25,303.1,311.4,1829,24.5,159,0,0,0,0,0,0
4618,M19477,M,29.95,38.25,303.1,311.4,1831,23.3,161,0,0,0,0,0,0
4619,M19478,M,29.85,38.15,303.0,311.3,1335,53.6,164,1,0,1,0,0,0
4620,H34033,H,29.95,38.15,303.1,311.3,2056,19.7,167,0,0,0,0,0,0
4621,L51800,L,29.95,38.15,303.1,311.3,1336,52.6,172,1,0,1,0,0,0
4622,L51801,L,29.85,38.05,303.0,311.2,1341,51.0,174,1,0,1,0,0,0
4623,M19482,M,29.85,37.95,303.0,311.1,1526,37.3,176,0,0,0,0,0,0
4624,L51803,L,29.85,37.95,303.0,311.1,1525,40.7,179,0,0,0,0,0,0
4625,M19484,M,29.85,37.95,303.0,311.1,1428,39.8,181,0,0,0,0,0,0
4626,L51805,L,29.85,38.05,303.0,311.2,1511,45.7,184,0,0,0,0,0,0
4627,L51806,L,29.85,38.05,303.0,311.2,1664,29.8,186,0,0,0,0,0,0
4628,M19487,M,29.85,38.05,303.0,311.2,1592,38.9,188,0,0,0,0,0,0
4629,M19488,M,29.85,37.95,303.0,311.1,1597,36.7,191,0,0,0,0,0,0
4630,L51809,L,29.85,38.05,303.0,311.2,1735,26.1,194,0,0,0,0,0,0
4631,L51810,L,29.75,38.05,302.9,311.2,1751,23.8,196,0,0,0,0,0,0
4632,L51811,L,29.85,38.05,303.0,311.2,1383,44.6,198,0,0,0,0,0,0
4633,M19492,M,29.75,38.05,302.9,311.2,1330,53.7,200,1,0,1,0,0,0
4634,L51813,L,29.85,38.05,303.0,311.2,1382,50.5,203,0,0,0,0,0,0
4635,L51814,L,29.85,38.05,303.0,311.2,1755,30.4,205,0,0,0,0,0,0
4636,M19495,M,29.85,38.05,303.0,311.2,1614,35.7,207,0,0,0,0,0,0
4637,L51816,L,29.85,38.15,303.0,311.3,1466,43.0,210,0,0,0,0,0,0
4638,M19497,M,29.95,38.15,303.1,311.3,1847,24.7,212,0,0,0,0,0,0
4639,L51818,L,29.95,38.15,303.1,311.3,1474,34.8,215,0,0,0,0,0,0
4640,L51819,L,29.95,38.15,303.1,311.3,1657,31.8,217,0,0,0,0,0,0
4641,L51820,L,29.95,38.05,303.1,311.2,1435,40.1,219,0,0,0,0,0,0
4642,H34055,H,29.95,38.15,303.1,311.3,1494,42.7,221,0,0,0,0,0,0
4643,L51822,L,30.05,38.25,303.2,311.4,1238,54.6,226,1,0,1,0,1,0
4644,L51823,L,30.05,38.25,303.2,311.4,1324,54.2,228,1,0,1,0,1,0
4645,L51824,L,30.05,38.25,303.2,311.4,1514,41.2,230,0,0,0,0,0,0
4646,L51825,L,30.15,38.25,303.3,311.4,1732,25.6,232,0,0,0,0,0,0
4647,L51826,L,30.15,38.25,303.3,311.4,1497,46.0,234,1,1,0,0,0,0
4648,L51827,L,30.15,38.25,303.3,311.4,1958,21.5,0,0,0,0,0,0,0
4649,L51828,L,30.15,38.25,303.3,311.4,1630,32.5,2,0,0,0,0,0,0
4650,M19509,M,30.15,38.25,303.3,311.4,1395,59.1,4,0,0,0,0,0,0
4651,L51830,L,30.15,38.25,303.3,311.4,1658,30.5,7,0,0,0,0,0,0
4652,L51831,L,30.05,38.25,303.2,311.4,1349,51.1,9,1,0,1,0,0,0
4653,L51832,L,29.95,38.05,303.1,311.2,1452,52.9,11,0,0,0,0,0,0
4654,M19513,M,29.95,37.95,303.1,311.1,1594,35.5,13,0,0,0,0,0,0
4655,M19514,M,29.95,37.85,303.1,311.0,1510,47.6,16,0,0,0,0,0,0
4656,L51835,L,29.95,37.95,303.1,311.1,1854,22.6,19,0,0,0,0,0,0
4657,L51836,L,29.95,38.05,303.1,311.2,1626,32.3,21,0,0,0,0,0,0
4658,L51837,L,29.95,38.05,303.1,311.2,1628,35.2,23,0,0,0,0,0,0
4659,L51838,L,29.95,38.05,303.1,311.2,1679,34.8,25,0,0,0,0,0,0
4660,M19519,M,29.95,38.05,303.1,311.2,1489,44.5,27,0,0,0,0,0,0
4661,L51840,L,30.05,38.05,303.2,311.2,1439,43.9,30,0,0,0,0,0,0
4662,L51841,L,30.15,38.15,303.3,311.3,1350,48.1,32,1,0,1,0,0,0
4663,H34076,H,30.15,38.05,303.3,311.2,1607,31.7,34,0,0,0,0,0,0
4664,L51843,L,30.15,38.15,303.3,311.3,1389,53.9,39,0,0,0,0,0,0
4665,M19524,M,30.15,38.15,303.3,311.3,1566,46.1,41,0,0,0,0,0,0
4666,M19525,M,30.25,38.25,303.4,311.4,1307,54.0,44,1,0,1,0,0,0
4667,M19526,M,30.15,38.35,303.3,311.5,1569,36.6,47,0,0,0,0,0,0
4668,H34081,H,30.15,38.25,303.3,311.4,1651,30.6,50,0,0,0,0,0,0
4669,H34082,H,30.15,38.25,303.3,311.4,1692,27.9,55,0,0,0,0,0,0
4670,M19529,M,30.15,38.35,303.3,311.5,1373,47.3,60,1,0,1,0,0,0
4671,L51850,L,30.05,38.25,303.2,311.4,1610,35.5,63,0,0,0,0,0,0
4672,L51851,L,30.15,38.25,303.3,311.4,1511,43.4,65,0,0,0,0,0,0
4673,L51852,L,30.15,38.35,303.3,311.5,1412,55.6,67,0,0,0,0,0,0
4674,L51853,L,30.25,38.35,303.4,311.5,1501,36.2,69,0,0,0,0,0,0
4675,L51854,L,30.25,38.35,303.4,311.5,1414,44.8,71,0,0,0,0,0,0
4676,H34089,H,30.35,38.35,303.5,311.5,1629,33.5,73,0,0,0,0,0,0
4677,L51856,L,30.25,38.35,303.4,311.5,1879,21.3,78,0,0,0,0,0,0
4678,H34091,H,30.35,38.45,303.5,311.6,1466,47.0,80,0,0,0,0,0,0
4679,H34092,H,30.45,38.55,303.6,311.7,1476,40.1,85,0,0,0,0,0,0
4680,L51859,L,30.45,38.65,303.6,311.8,1695,30.7,90,0,0,0,0,0,0
4681,L51860,L,30.45,38.55,303.6,311.7,1491,39.8,92,0,0,0,0,0,0
4682,M19541,M,30.45,38.65,303.6,311.8,1659,34.7,94,0,0,0,0,0,0
4683,L51862,L,30.45,38.65,303.6,311.8,1567,31.7,97,0,0,0,0,0,0
4684,L51863,L,30.45,38.65,303.6,311.8,1736,32.9,99,0,0,0,0,0,0
4685,M19544,M,30.45,38.65,303.6,311.8,1421,44.8,101,1,0,0,0,0,0
4686,M19545,M,30.45,38.65,303.6,311.8,1627,30.8,104,0,0,0,0,0,0
4687,M19546,M,30.35,38.45,303.5,311.6,1562,34.2,107,0,0,0,0,0,0
4688,L51867,L,30.35,38.45,303.5,311.6,2183,17.0,110,0,0,0,0,0,0
4689,L51868,L,30.35,38.45,303.5,311.6,1577,38.1,112,0,0,0,0,0,0
4690,M19549,M,30.25,38.35,303.4,311.5,1560,36.4,114,0,0,0,0,0,0
4691,M19550,M,30.25,38.35,303.4,311.5,1483,43.0,117,0,0,0,0,0,0
4692,L51871,L,30.35,38.35,303.5,311.5,1535,33.3,120,0,0,0,0,0,0
4693,M19552,M,30.25,38.25,303.4,311.4,1606,29.6,122,0,0,0,0,0,0
4694,M19553,M,30.25,38.35,303.4,311.5,1817,24.7,125,0,0,0,0,0,0
4695,L51874,L,30.25,38.35,303.4,311.5,1424,50.8,128,0,0,0,0,0,0
4696,L51875,L,30.15,38.45,303.3,311.6,1514,34.7,130,0,0,0,0,0,0
4697,L51876,L,30.25,38.45,303.4,311.6,1449,41.7,132,0,0,0,0,0,0
4698,M19557,M,30.35,38.45,303.5,311.6,1573,34.0,134,0,0,0,0,0,0
4699,L51878,L,30.25,38.45,303.4,311.6,1564,41.9,137,0,0,0,0,0,0
4700,L51879,L,30.35,38.45,303.5,311.6,1428,46.2,139,0,0,0,0,0,0
4701,L51880,L,30.35,38.55,303.5,311.7,1620,31.0,141,0,0,0,0,0,0
4702,H34115,H,30.35,38.55,303.5,311.7,1584,32.7,143,0,0,0,0,0,0
4703,L51882,L,30.45,38.65,303.6,311.8,1222,66.8,148,1,0,1,0,0,0
4704,M19563,M,30.45,38.65,303.6,311.8,1432,42.5,150,0,0,0,0,0,0
4705,L51884,L,30.55,38.75,303.7,311.9,1561,33.3,153,0,0,0,0,0,0
4706,L51885,L,30.45,38.65,303.6,311.8,1614,33.2,155,0,0,0,0,0,0
4707,L51886,L,30.35,38.55,303.5,311.7,1959,22.3,157,0,0,0,0,0,0
4708,L51887,L,30.35,38.65,303.5,311.8,1944,23.5,159,0,0,0,0,0,0
4709,L51888,L,30.25,38.55,303.4,311.7,1793,25.8,161,0,0,0,0,0,0
4710,M19569,M,30.25,38.45,303.4,311.6,1446,50.0,163,0,0,0,0,0,0
4711,L51890,L,30.25,38.55,303.4,311.7,1673,32.2,166,0,0,0,0,0,0
4712,M19571,M,30.25,38.55,303.4,311.7,1515,44.2,168,0,0,0,0,0,0
4713,L51892,L,30.25,38.65,303.4,311.8,1564,35.9,171,0,0,0,0,0,0
4714,L51893,L,30.35,38.65,303.5,311.8,1451,45.2,173,0,0,0,0,0,0
4715,H34128,H,30.25,38.65,303.4,311.8,1693,28.3,175,0,0,0,0,0,0
4716,L51895,L,30.25,38.55,303.4,311.7,1476,42.3,180,0,0,0,0,0,0
4717,L51896,L,30.25,38.45,303.4,311.6,1712,30.1,182,0,0,0,0,0,0
4718,M19577,M,30.25,38.45,303.4,311.6,1425,45.4,184,0,0,0,0,0,0
4719,L51898,L,30.15,38.45,303.3,311.6,1337,56.8,187,1,0,1,0,0,0
4720,M19579,M,30.25,38.55,303.4,311.7,1690,34.9,189,0,0,0,0,0,0
4721,M19580,M,30.25,38.55,303.4,311.7,1353,44.1,192,1,0,1,0,0,0
4722,L51901,L,30.35,38.65,303.5,311.8,1927,21.9,195,0,0,0,0,0,0
4723,M19582,M,30.25,38.65,303.4,311.8,1391,42.7,197,0,0,0,0,0,0
4724,L51903,L,30.25,38.65,303.4,311.8,1366,50.9,200,1,0,1,0,0,0
4725,L51904,L,30.25,38.75,303.4,311.9,1771,31.6,202,0,0,0,0,0,0
4726,M19585,M,30.25,38.65,303.4,311.8,1515,42.6,204,0,0,0,0,0,0
4727,M19586,M,30.25,38.65,303.4,311.8,2133,18.3,207,0,0,0,0,0,0
4728,M19587,M,30.25,38.65,303.4,311.8,1341,47.0,210,1,0,1,0,0,0
4729,L51908,L,30.25,38.55,303.4,311.7,1406,47.1,213,0,0,0,0,0,0
4730,L51909,L,30.25,38.65,303.4,311.8,1306,61.0,215,1,0,1,0,1,0
4731,L51910,L,30.15,38.55,303.3,311.7,1508,35.5,217,0,0,0,0,0,0
4732,L51911,L,30.15,38.45,303.3,311.6,1301,45.1,219,1,0,1,0,0,0
4733,L51912,L,30.15,38.55,303.3,311.7,1539,38.5,221,0,0,0,0,0,0
4734,L51913,L,30.15,38.45,303.3,311.6,1484,44.6,223,0,0,0,0,0,0
4735,L51914,L,30.05,38.35,303.2,311.5,1507,39.2,225,0,0,0,0,0,0
4736,L51915,L,30.05,38.35,303.2,311.5,1544,42.5,227,0,0,0,0,0,0
4737,L51916,L,30.05,38.35,303.2,311.5,1513,37.9,0,0,0,0,0,0,0
4738,M19597,M,30.05,38.35,303.2,311.5,1336,58.2,2,1,0,1,0,0,0
4739,M19598,M,30.05,38.25,303.2,311.4,2102,19.0,5,0,0,0,0,0,0
4740,L51919,L,30.05,38.25,303.2,311.4,1351,53.8,8,1,0,1,0,0,0
4741,L51920,L,30.15,38.35,303.3,311.5,1601,35.2,10,0,0,0,0,0,0
4742,L51921,L,30.05,38.15,303.2,311.3,1393,52.9,12,0,0,0,0,0,0
4743,L51922,L,30.15,38.15,303.3,311.3,1592,33.7,14,0,0,0,0,0,0
4744,L51923,L,30.15,38.15,303.3,311.3,1409,51.8,16,0,0,0,0,0,0
4745,L51924,L,30.15,38.15,303.3,311.3,1393,47.4,18,0,0,0,0,0,0
4746,H34159,H,30.05,38.05,303.2,311.2,1475,43.1,20,0,0,0,0,0,0
4747,L51926,L,30.05,38.05,303.2,311.2,1427,45.6,25,0,0,0,0,0,0
4748,L51927,L,30.15,38.05,303.3,311.2,1763,27.3,27,0,0,0,0,0,0
4749,L51928,L,30.05,38.05,303.2,311.2,1363,46.7,29,1,0,1,0,0,0
4750,L51929,L,30.05,38.05,303.2,311.2,1404,50.9,31,0,0,0,0,0,0
4751,M19610,M,30.05,38.05,303.2,311.2,1688,31.9,33,0,0,0,0,0,0
4752,L51931,L,30.15,38.25,303.3,311.4,1510,37.3,36,0,0,0,0,0,0
4753,H34166,H,30.15,38.15,303.3,311.3,1502,39.5,38,0,0,0,0,0,0
4754,H34167,H,30.05,38.25,303.2,311.4,1607,36.6,43,0,0,0,0,0,0
4755,M19614,M,30.15,38.35,303.3,311.5,1384,54.8,48,0,0,0,0,0,0
4756,L51935,L,30.25,38.55,303.4,311.7,1295,51.3,51,1,0,1,0,0,0
4757,H34170,H,30.25,38.55,303.4,311.7,1991,19.0,53,0,0,0,0,0,0
4758,L51937,L,30.25,38.45,303.4,311.6,1497,42.8,58,0,0,0,0,0,0
4759,L51938,L,30.35,38.45,303.5,311.6,1465,48.7,60,0,0,0,0,0,0
4760,L51939,L,30.35,38.45,303.5,311.6,1361,46.5,62,1,0,1,0,0,0
4761,L51940,L,30.45,38.55,303.6,311.7,1546,38.5,64,0,0,0,0,0,0
4762,H34175,H,30.55,38.75,303.7,311.9,1332,52.7,66,1,0,1,0,0,0
4763,M19622,M,30.55,38.85,303.7,312.0,2663,11.4,71,1,0,0,1,0,0
4764,L51943,L,30.55,38.95,303.7,312.1,1443,45.9,74,0,0,0,0,0,0
4765,M19624,M,30.55,38.85,303.7,312.0,1402,48.6,76,0,0,0,0,0,0
4766,L51945,L,30.55,38.85,303.7,312.0,1892,22.5,79,0,0,0,0,0,0
4767,M19626,M,30.45,38.85,303.6,312.0,1645,35.7,81,0,0,0,0,0,0
4768,L51947,L,30.45,38.75,303.6,311.9,1473,50.1,84,0,0,0,0,0,0
4769,L51948,L,30.45,38.85,303.6,312.0,1309,52.9,86,1,0,1,0,0,0
4770,H34183,H,30.45,38.75,303.6,311.9,1544,37.1,88,0,0,0,0,0,0
4771,L51950,L,30.35,38.75,303.5,311.9,1344,49.3,93,1,0,1,0,0,0
4772,M19631,M,30.45,38.75,303.6,311.9,1617,36.0,95,0,0,0,0,0,0
4773,M19632,M,30.45,38.85,303.6,312.0,1435,37.9,98,0,0,0,0,0,0
4774,L51953,L,30.45,38.85,303.6,312.0,1391,50.3,101,0,0,0,0,0,0
4775,L51954,L,30.45,38.85,303.6,312.0,1827,23.3,103,0,0,0,0,0,0
4776,L51955,L,30.35,38.85,303.5,312.0,1761,25.8,105,0,0,0,0,0,0
4777,L51956,L,30.35,38.95,303.5,312.1,1522,36.4,107,0,0,0,0,0,0
4778,M19637,M,30.35,39.05,303.5,312.2,1818,23.6,109,0,0,0,0,0,0
4779,H34192,H,30.45,39.05,303.6,312.2,1371,54.6,112,1,0,1,0,0,0
4780,L51959,L,30.55,39.15,303.7,312.3,1511,38.9,117,0,0,0,0,0,0
4781,L51960,L,30.55,39.25,303.7,312.4,1404,46.6,119,0,0,0,0,0,0
4782,L51961,L,30.55,39.15,303.7,312.3,1384,45.9,121,0,0,0,0,0,0
4783,L51962,L,30.65,39.35,303.8,312.5,1368,52.6,123,0,0,0,0,0,0
4784,L51963,L,30.55,39.35,303.7,312.5,1641,36.0,125,0,0,0,0,0,0
4785,L51964,L,30.75,39.45,303.9,312.6,1642,32.3,127,0,0,0,0,0,0
4786,H34199,H,30.75,39.55,303.9,312.7,1401,50.0,129,0,0,0,0,0,0
4787,L51966,L,30.65,39.45,303.8,312.6,1577,41.3,134,0,0,0,0,0,0
4788,L51967,L,30.55,39.45,303.7,312.6,1396,44.1,136,0,0,0,0,0,0
4789,H34202,H,30.55,39.45,303.7,312.6,1514,35.5,138,0,0,0,0,0,0
4790,L51969,L,30.65,39.65,303.8,312.8,1646,35.8,143,0,0,0,0,0,0
4791,L51970,L,30.65,39.65,303.8,312.8,1443,40.7,145,0,0,0,0,0,0
4792,M19651,M,30.55,39.55,303.7,312.7,1469,48.5,147,0,0,0,0,0,0
4793,H34206,H,30.55,39.55,303.7,312.7,1564,40.2,150,0,0,0,0,0,0
4794,H34207,H,30.45,39.45,303.6,312.6,1498,40.2,155,0,0,0,0,0,0
4795,L51974,L,30.45,39.45,303.6,312.6,1699,27.9,160,0,0,0,0,0,0
4796,L51975,L,30.45,39.35,303.6,312.5,1431,49.0,162,0,0,0,0,0,0
4797,L51976,L,30.35,39.25,303.5,312.4,1390,47.3,164,0,0,0,0,0,0
4798,L51977,L,30.35,39.35,303.5,312.5,1380,46.1,166,0,0,0,0,0,0
4799,L51978,L,30.35,39.35,303.5,312.5,1457,46.4,168,0,0,0,0,0,0
4800,L51979,L,30.35,39.35,303.5,312.5,1418,42.2,170,0,0,0,0,0,0
4801,M19660,M,30.35,39.35,303.5,312.5,1353,51.0,172,0,0,0,0,0,0
4802,L51981,L,30.35,39.25,303.5,312.4,1574,32.7,175,0,0,0,0,0,0
4803,M19662,M,30.35,39.25,303.5,312.4,1318,54.2,177,0,0,0,0,0,0
4804,L51983,L,30.45,39.35,303.6,312.5,1710,31.4,180,0,0,0,0,0,0
4805,L51984,L,30.55,39.45,303.7,312.6,1621,38.8,182,0,0,0,0,0,0
4806,L51985,L,30.45,39.45,303.6,312.6,1606,33.6,184,0,0,0,0,0,0
4807,H34220,H,30.45,39.35,303.6,312.5,1375,54.0,186,0,0,0,0,0,0
4808,L51987,L,30.35,39.25,303.5,312.4,1503,36.5,191,0,0,0,0,0,0
4809,L51988,L,30.35,39.15,303.5,312.3,1404,48.6,193,0,0,0,0,0,0
4810,L51989,L,30.25,39.05,303.4,312.2,1656,32.7,195,0,0,0,0,0,0
4811,M19670,M,30.25,38.95,303.4,312.1,1499,39.4,197,0,0,0,0,0,0
4812,M19671,M,30.25,38.85,303.4,312.0,1748,28.4,200,0,0,0,0,0,0
4813,L51992,L,30.25,38.75,303.4,311.9,1531,37.9,203,0,0,0,0,0,0
4814,M19673,M,30.15,38.65,303.3,311.8,1536,40.6,205,0,0,0,0,0,0
4815,L51994,L,30.25,38.65,303.4,311.8,1401,53.0,208,1,0,0,0,1,0
4816,H34229,H,30.25,38.75,303.4,311.9,1534,33.2,210,0,0,0,0,0,0
4817,L51996,L,30.25,38.85,303.4,312.0,1521,35.9,215,1,1,0,0,0,0
4818,L51997,L,30.35,38.95,303.5,312.1,1674,30.8,0,0,0,0,0,0,0
4819,M19678,M,30.45,38.95,303.6,312.1,1967,20.9,2,0,0,0,0,0,0
4820,L51999,L,30.45,39.05,303.6,312.2,1696,30.7,5,0,0,0,0,0,0
4821,M19680,M,30.45,38.95,303.6,312.1,1627,32.5,7,0,0,0,0,0,0
4822,L52001,L,30.35,38.75,303.5,311.9,1405,45.6,10,0,0,0,0,0,0
4823,L52002,L,30.35,38.75,303.5,311.9,1565,38.9,12,0,0,0,0,0,0
4824,L52003,L,30.35,38.75,303.5,311.9,1493,38.7,14,0,0,0,0,0,0
4825,L52004,L,30.25,38.65,303.4,311.8,1499,45.0,16,0,0,0,0,0,0
4826,L52005,L,30.15,38.65,303.3,311.8,1692,30.6,18,0,0,0,0,0,0
4827,L52006,L,30.25,38.65,303.4,311.8,2268,15.8,20,0,0,0,0,0,0
4828,L52007,L,30.25,38.65,303.4,311.8,1438,58.9,22,0,0,0,0,0,0
4829,L52008,L,30.35,38.75,303.5,311.9,1515,39.2,24,0,0,0,0,0,0
4830,L52009,L,30.25,38.75,303.4,311.9,1491,38.2,26,0,0,0,0,0,0
4831,L52010,L,30.35,38.85,303.5,312.0,1756,29.7,28,0,0,0,0,0,0
4832,L52011,L,30.35,38.85,303.5,312.0,1366,54.5,30,1,0,1,0,0,0
4833,L52012,L,30.35,38.85,303.5,312.0,1436,45.1,32,0,0,0,0,0,0
4834,L52013,L,30.25,38.75,303.4,311.9,1377,41.6,34,1,0,1,0,0,0
4835,M19694,M,30.25,38.75,303.4,311.9,1510,42.2,36,0,0,0,0,0,0
4836,M19695,M,30.25,38.75,303.4,311.9,1419,50.9,39,0,0,0,0,0,0
4837,L52016,L,30.15,38.65,303.3,311.8,1315,62.0,42,1,0,1,0,0,0
4838,H34251,H,30.15,38.65,303.3,311.8,1806,27.7,44,0,0,0,0,0,0
4839,H34252,H,30.15,38.65,303.3,311.8,1649,29.4,49,0,0,0,0,0,0
4840,H34253,H,30.25,38.75,303.4,311.9,1402,50.0,54,0,0,0,0,0,0
4841,L52020,L,30.25,38.75,303.4,311.9,1298,63.9,59,1,0,1,0,0,0
4842,M19701,M,30.15,38.65,303.3,311.8,1441,44.9,61,0,0,0,0,0,0
4843,M19702,M,30.15,38.65,303.3,311.8,1489,49.4,64,0,0,0,0,0,0
4844,L52023,L,30.15,38.65,303.3,311.8,1842,24.5,67,0,0,0,0,0,0
4845,M19704,M,30.25,38.65,303.4,311.8,1316,50.9,69,1,0,1,0,0,0
4846,M19705,M,30.15,38.65,303.3,311.8,1583,33.3,72,0,0,0,0,0,0
4847,M19706,M,30.15,38.65,303.3,311.8,1548,33.5,75,0,0,0,0,0,0
4848,L52027,L,30.25,38.75,303.4,311.9,1434,44.6,78,0,0,0,0,0,0
4849,H34262,H,30.35,38.85,303.5,312.0,1397,52.9,80,0,0,0,0,0,0
4850,M19709,M,30.35,38.85,303.5,312.0,1475,42.9,85,0,0,0,0,0,0
4851,L52030,L,30.35,38.85,303.5,312.0,1441,56.8,88,0,0,0,0,0,0
4852,L52031,L,30.55,38.95,303.7,312.1,1363,51.8,90,1,0,1,0,0,0
4853,L52032,L,30.55,39.05,303.7,312.2,1619,34.9,92,0,0,0,0,0,0
4854,L52033,L,30.55,39.05,303.7,312.2,1487,34.0,94,0,0,0,0,0,0
4855,L52034,L,30.55,39.05,303.7,312.2,1568,33.8,96,0,0,0,0,0,0
4856,L52035,L,30.55,39.15,303.7,312.3,1375,46.2,98,0,0,0,0,0,0
4857,M19716,M,30.45,39.15,303.6,312.3,1698,31.3,100,0,0,0,0,0,0
4858,L52037,L,30.55,39.15,303.7,312.3,1606,37.4,103,0,0,0,0,0,0
4859,L52038,L,30.55,39.15,303.7,312.3,1349,51.0,105,0,0,0,0,0,0
4860,L52039,L,30.55,39.25,303.7,312.4,1535,38.6,107,0,0,0,0,0,0
4861,M19720,M,30.45,39.25,303.6,312.4,1504,49.5,109,0,0,0,0,0,0
4862,L52041,L,30.35,39.15,303.5,312.3,1946,21.1,112,0,0,0,0,0,0
4863,L52042,L,30.35,38.95,303.5,312.1,1326,55.7,114,0,0,0,0,0,0
4864,M19723,M,30.45,39.15,303.6,312.3,1915,22.3,116,0,0,0,0,0,0
4865,L52044,L,30.45,39.15,303.6,312.3,1451,43.4,119,0,0,0,0,0,0
4866,M19725,M,30.35,39.15,303.5,312.3,1624,34.8,121,0,0,0,0,0,0
4867,L52046,L,30.45,39.25,303.6,312.4,1781,28.7,124,0,0,0,0,0,0
4868,L52047,L,30.45,39.35,303.6,312.5,1345,54.1,126,0,0,0,0,0,0
4869,L52048,L,30.45,39.25,303.6,312.4,1418,46.0,128,0,0,0,0,0,0
4870,L52049,L,30.55,39.25,303.7,312.4,1718,26.5,130,0,0,0,0,0,0
4871,M19730,M,30.55,39.25,303.7,312.4,1631,28.5,132,0,0,0,0,0,0
4872,L52051,L,30.55,39.25,303.7,312.4,1513,40.1,135,0,0,0,0,0,0
4873,L52052,L,30.55,39.25,303.7,312.4,1316,59.3,137,0,0,0,0,0,0
4874,M19733,M,30.55,39.25,303.7,312.4,1474,38.8,139,0,0,0,0,0,0
4875,L52054,L,30.65,39.35,303.8,312.5,1619,30.9,142,0,0,0,0,0,0
4876,L52055,L,30.55,39.25,303.7,312.4,1702,31.2,144,0,0,0,0,0,0
4877,M19736,M,30.55,39.25,303.7,312.4,1540,37.4,146,0,0,0,0,0,0
4878,M19737,M,30.55,39.25,303.7,312.4,1546,33.7,149,0,0,0,0,0,0
4879,L52058,L,30.55,39.25,303.7,312.4,1348,51.0,152,0,0,0,0,0,0
4880,H34293,H,30.55,39.35,303.7,312.5,1520,35.6,154,0,0,0,0,0,0
4881,M19740,M,30.65,39.45,303.8,312.6,1527,41.9,159,0,0,0,0,0,0
4882,M19741,M,30.65,39.45,303.8,312.6,1406,47.1,162,0,0,0,0,0,0
4883,L52062,L,30.55,39.35,303.7,312.5,1462,46.2,165,0,0,0,0,0,0
4884,M19743,M,30.65,39.45,303.8,312.6,1684,29.3,167,0,0,0,0,0,0
4885,H34298,H,30.65,39.35,303.8,312.5,1655,28.0,170,0,0,0,0,0,0
4886,H34299,H,30.65,39.35,303.8,312.5,1748,25.1,175,0,0,0,0,0,0
4887,L52066,L,30.65,39.35,303.8,312.5,1372,45.7,180,0,0,0,0,0,0
4888,L52067,L,30.55,39.35,303.7,312.5,1481,33.3,182,0,0,0,0,0,0
4889,L52068,L,30.55,39.25,303.7,312.4,1512,39.2,184,0,0,0,0,0,0
4890,L52069,L,30.55,39.35,303.7,312.5,1632,36.6,186,0,0,0,0,0,0
4891,L52070,L,30.55,39.25,303.7,312.4,1525,43.9,188,0,0,0,0,0,0
4892,M19751,M,30.55,39.15,303.7,312.3,1756,26.4,190,0,0,0,0,0,0
4893,L52072,L,30.55,39.15,303.7,312.3,1922,23.1,193,0,0,0,0,0,0
4894,M19753,M,30.65,39.35,303.8,312.5,1448,44.3,195,0,0,0,0,0,0
4895,H34308,H,30.65,39.35,303.8,312.5,1447,46.6,198,0,0,0,0,0,0
4896,M19755,M,30.65,39.25,303.8,312.4,1597,33.4,203,0,0,0,0,0,0
4897,M19756,M,30.55,39.25,303.7,312.4,1642,32.3,206,0,0,0,0,0,0
4898,H34311,H,30.65,39.35,303.8,312.5,1525,38.0,209,0,0,0,0,0,0
4899,H34312,H,30.45,39.25,303.6,312.4,1460,53.7,214,0,0,0,0,0,0
4900,L52079,L,30.45,39.15,303.6,312.3,2168,17.7,219,0,0,0,0,0,0
4901,L52080,L,30.45,39.25,303.6,312.4,1388,41.9,221,0,0,0,0,0,0
4902,M19761,M,30.45,39.15,303.6,312.3,1630,32.4,223,0,0,0,0,0,0
4903,L52082,L,30.45,39.15,303.6,312.3,1616,29.3,226,0,0,0,0,0,0
4904,L52083,L,30.45,39.25,303.6,312.4,2232,16.8,0,0,0,0,0,0,0
4905,H34318,H,30.45,39.25,303.6,312.4,1480,50.7,2,0,0,0,0,0,0
4906,L52085,L,30.45,39.25,303.6,312.4,1363,53.1,7,0,0,0,0,0,0
4907,H34320,H,30.45,39.25,303.6,312.4,1436,45.6,9,0,0,0,0,0,0
4908,M19767,M,30.45,39.35,303.6,312.5,1607,33.7,14,0,0,0,0,0,0
4909,M19768,M,30.45,39.35,303.6,312.5,1459,48.2,17,0,0,0,0,0,0
4910,L52089,L,30.35,39.25,303.5,312.4,1481,43.7,20,0,0,0,0,0,0
4911,M19770,M,30.35,39.25,303.5,312.4,1606,31.7,22,0,0,0,0,0,0
4912,L52091,L,30.35,39.15,303.5,312.3,1681,29.8,25,0,0,0,0,0,0
4913,L52092,L,30.35,39.05,303.5,312.2,1511,37.1,27,0,0,0,0,0,0
4914,M19773,M,30.35,39.15,303.5,312.3,1593,35.2,29,0,0,0,0,0,0
4915,M19774,M,30.35,39.15,303.5,312.3,1532,41.7,32,0,0,0,0,0,0
4916,H34329,H,30.35,39.15,303.5,312.3,1386,49.0,35,0,0,0,0,0,0
4917,H34330,H,30.25,39.15,303.4,312.3,1769,27.9,40,0,0,0,0,0,0
4918,M19777,M,30.25,39.05,303.4,312.2,1561,38.2,45,0,0,0,0,0,0
4919,L52098,L,30.15,39.05,303.3,312.2,1457,40.7,48,0,0,0,0,0,0
4920,L52099,L,30.15,39.05,303.3,312.2,1506,40.0,50,0,0,0,0,0,0
4921,L52100,L,30.25,39.05,303.4,312.2,1337,69.4,52,1,0,0,1,0,0
4922,L52101,L,30.25,39.15,303.4,312.3,1287,54.8,54,0,0,0,0,0,0
4923,M19782,M,30.25,39.05,303.4,312.2,1615,35.7,56,0,0,0,0,0,0
4924,M19783,M,30.25,39.05,303.4,312.2,1972,23.5,59,0,0,0,0,0,0
4925,H34338,H,30.25,39.15,303.4,312.3,1522,42.1,62,0,0,0,0,0,0
4926,L52105,L,30.25,39.15,303.4,312.3,1680,30.6,67,0,0,0,0,0,0
4927,L52106,L,30.25,39.15,303.4,312.3,1502,36.0,69,0,0,0,0,0,0
4928,M19787,M,30.35,39.15,303.5,312.3,1543,33.3,71,0,0,0,0,0,0
4929,L52108,L,30.35,39.15,303.5,312.3,1584,35.2,74,0,0,0,0,0,0
4930,L52109,L,30.35,39.25,303.5,312.4,1340,44.5,76,0,0,0,0,0,0
4931,L52110,L,30.25,39.15,303.4,312.3,1663,33.9,78,0,0,0,0,0,0
4932,M19791,M,30.15,38.95,303.3,312.1,1693,30.0,80,0,0,0,0,0,0
4933,L52112,L,30.15,38.95,303.3,312.1,1418,44.7,83,0,0,0,0,0,0
4934,H34347,H,30.25,39.05,303.4,312.2,1554,36.8,85,0,0,0,0,0,0
4935,L52114,L,30.25,39.05,303.4,312.2,1580,35.8,90,0,0,0,0,0,0
4936,L52115,L,30.25,39.15,303.4,312.3,1479,42.8,92,0,0,0,0,0,0
4937,L52116,L,30.35,39.25,303.5,312.4,1284,70.6,94,1,0,0,1,0,0
4938,L52117,L,30.25,39.15,303.4,312.3,1540,38.7,96,0,0,0,0,0,0
4939,M19798,M,30.35,39.25,303.5,312.4,1606,30.1,98,0,0,0,0,0,0
4940,L52119,L,30.45,39.35,303.6,312.5,1286,62.4,101,0,0,0,0,0,0
4941,L52120,L,30.45,39.45,303.6,312.6,1502,39.5,103,0,0,0,0,0,0
4942,M19801,M,30.45,39.55,303.6,312.7,1699,31.5,105,0,0,0,0,0,0
4943,L52122,L,30.35,39.45,303.5,312.6,1602,34.2,108,0,0,0,0,0,0
4944,H34357,H,30.45,39.45,303.6,312.6,1436,42.0,110,0,0,0,0,0,0
4945,M19804,M,30.45,39.55,303.6,312.7,1765,27.5,115,0,0,0,0,0,0
4946,L52125,L,30.45,39.55,303.6,312.7,1418,44.1,118,0,0,0,0,0,0
4947,M19806,M,30.55,39.55,303.7,312.7,1669,31.7,120,0,0,0,0,0,0
4948,L52127,L,30.55,39.55,303.7,312.7,1395,53.9,123,0,0,0,0,0,0
4949,M19808,M,30.65,39.55,303.8,312.7,1500,41.7,125,0,0,0,0,0,0
4950,M19809,M,30.65,39.55,303.8,312.7,1555,33.4,128,0,0,0,0,0,0
4951,M19810,M,30.65,39.55,303.8,312.7,1919,20.2,131,0,0,0,0,0,0
4952,L52131,L,30.65,39.55,303.8,312.7,1596,36.6,134,0,0,0,0,0,0
4953,M19812,M,30.65,39.55,303.8,312.7,1374,53.6,136,0,0,0,0,0,0
4954,L52133,L,30.55,39.35,303.7,312.5,1670,26.1,139,0,0,0,0,0,0
4955,L52134,L,30.55,39.45,303.7,312.6,1702,29.1,141,0,0,0,0,0,0
4956,M19815,M,30.65,39.35,303.8,312.5,1366,45.1,143,0,0,0,0,0,0
4957,M19816,M,30.65,39.35,303.8,312.5,2344,15.2,146,0,0,0,0,0,0
4958,M19817,M,30.65,39.45,303.8,312.6,1768,23.9,149,0,0,0,0,0,0
4959,L52138,L,30.65,39.35,303.8,312.5,1523,47.0,152,0,0,0,0,0,0
4960,L52139,L,30.65,39.45,303.8,312.6,1735,25.9,154,0,0,0,0,0,0
4961,L52140,L,30.75,39.55,303.9,312.7,1339,62.3,156,0,0,0,0,0,0
4962,L52141,L,30.75,39.55,303.9,312.7,1800,24.3,158,0,0,0,0,0,0
4963,M19822,M,30.85,39.55,304.0,312.7,1456,51.2,160,0,0,0,0,0,0
4964,L52143,L,30.75,39.55,303.9,312.7,1789,24.4,163,0,0,0,0,0,0
4965,L52144,L,30.75,39.55,303.9,312.7,1602,33.9,165,0,0,0,0,0,0
4966,M19825,M,30.65,39.55,303.8,312.7,1364,49.3,167,0,0,0,0,0,0
4967,L52146,L,30.65,39.45,303.8,312.6,1793,28.1,170,0,0,0,0,0,0
4968,L52147,L,30.75,39.45,303.9,312.6,1426,53.4,172,0,0,0,0,0,0
4969,M19828,M,30.75,39.55,303.9,312.7,1485,43.3,174,0,0,0,0,0,0
4970,L52149,L,30.75,39.55,303.9,312.7,1528,38.4,177,0,0,0,0,0,0
4971,L52150,L,30.65,39.45,303.8,312.6,1565,36.0,179,0,0,0,0,0,0
4972,L52151,L,30.65,39.55,303.8,312.7,1838,27.8,181,0,0,0,0,0,0
4973,H34386,H,30.65,39.45,303.8,312.6,1811,24.9,183,0,0,0,0,0,0
4974,L52153,L,30.65,39.55,303.8,312.7,1461,38.2,188,0,0,0,0,0,0
4975,L52154,L,30.65,39.55,303.8,312.7,1414,41.7,190,0,0,0,0,0,0
4976,L52155,L,30.55,39.55,303.7,312.7,1426,45.5,192,0,0,0,0,0,0
4977,L52156,L,30.55,39.55,303.7,312.7,1359,56.8,194,1,0,0,0,1,0
4978,L52157,L,30.55,39.55,303.7,312.7,1540,44.8,196,0,0,0,0,0,0
4979,L52158,L,30.45,39.55,303.6,312.7,1429,47.7,198,0,0,0,0,0,0
4980,M19839,M,30.55,39.55,303.7,312.7,1612,36.3,200,0,0,0,0,0,0
4981,M19840,M,30.55,39.65,303.7,312.8,1685,31.8,203,0,0,0,0,0,0
4982,M19841,M,30.55,39.65,303.7,312.8,1558,37.7,206,0,0,0,0,0,0
4983,L52162,L,30.55,39.85,303.7,313.0,1811,24.3,209,0,0,0,0,0,0
4984,L52163,L,30.65,39.95,303.8,313.1,1869,25.8,211,0,0,0,0,0,0
4985,L52164,L,30.65,39.95,303.8,313.1,1256,58.7,213,1,0,0,0,1,0
4986,M19845,M,30.65,39.85,303.8,313.0,1789,23.5,215,0,0,0,0,0,0
4987,L52166,L,30.55,39.75,303.7,312.9,1502,40.5,0,0,0,0,0,0,0
4988,M19847,M,30.55,39.85,303.7,313.0,1303,54.4,2,0,0,0,0,0,0
4989,L52168,L,30.65,39.95,303.8,313.1,2497,13.0,5,1,0,0,1,0,0
4990,L52169,L,30.75,40.05,303.9,313.2,1499,37.4,7,0,0,0,0,0,0
4991,L52170,L,30.75,40.05,303.9,313.2,1393,46.5,9,0,0,0,0,0,0
4992,M19851,M,30.75,39.85,303.9,313.0,1475,41.0,11,0,0,0,0,0,0
4993,L52172,L,30.65,39.75,303.8,312.9,1573,34.6,14,0,0,0,0,0,0
4994,L52173,L,30.65,39.75,303.8,312.9,1819,23.7,16,0,0,0,0,0,0
4995,M19854,M,30.35,39.45,303.5,312.6,1642,29.4,18,0,0,0,0,0,0
4996,L52175,L,30.45,39.45,303.6,312.6,1540,39.8,21,0,0,0,0,0,0
4997,M19856,M,30.45,39.65,303.6,312.8,1400,43.2,23,0,0,0,0,0,0
4998,M19857,M,30.45,39.65,303.6,312.8,2659,11.4,26,1,0,0,1,0,0
4999,M19858,M,30.45,39.65,303.6,312.8,1825,25.2,29,0,0,0,0,0,0
5000,M19859,M,30.55,39.75,303.7,312.9,1532,41.3,32,0,0,0,0,0,0
